    Blocking waiting for file lock on build directory
    Finished `release` profile [optimized + debuginfo] target(s) in 0.40s
     Running `target/release/xtask run`
   Compiling ebpf-common v0.1.0 (/home/ubuntu/smore/DeepTrace/crates/ebpf-common)
   Compiling observ-trace-common v0.1.0 (/home/ubuntu/smore/DeepTrace/crates/observ-trace-common)
   Compiling l7-parser v0.1.0 (/home/ubuntu/smore/DeepTrace/crates/l7-parser)
warning: unused import: `aya_log_ebpf::info`
 --> /home/ubuntu/smore/DeepTrace/crates/l7-parser/src/infer.rs:6:5
  |
6 | use aya_log_ebpf::info;
  |     ^^^^^^^^^^^^^^^^^^
  |
  = note: `#[warn(unused_imports)]` (part of `#[warn(unused)]`) on by default

   Compiling observ-trace-ebpf v0.1.0 (/home/ubuntu/smore/DeepTrace/crates/observ-trace-ebpf)
warning: `l7-parser` (lib) generated 1 warning (run `cargo fix --lib -p l7-parser` to apply 1 suggestion)
    Finished `release` profile [optimized + debuginfo] target(s) in 16.67s
    Finished `release` profile [optimized + debuginfo] target(s) in 0.12s
    Finished `release` profile [optimized + debuginfo] target(s) in 0.12s
    Finished `release` profile [optimized + debuginfo] target(s) in 0.13s
    Finished `release` profile [optimized + debuginfo] target(s) in 0.12s
   Compiling ebpf-common v0.1.0 (/home/ubuntu/smore/DeepTrace/crates/ebpf-common)
   Compiling observ-trace-common v0.1.0 (/home/ubuntu/smore/DeepTrace/crates/observ-trace-common)
   Compiling observ-event v0.1.0 (/home/ubuntu/smore/DeepTrace/crates/observ-event)
   Compiling observ-core v0.1.0 (/home/ubuntu/smore/DeepTrace/crates/observ-core)
   Compiling codec v0.1.0 (/home/ubuntu/smore/DeepTrace/crates/codec)
   Compiling observ-config v0.1.0 (/home/ubuntu/smore/DeepTrace/crates/observ-config)
   Compiling observ-metric v0.1.0 (/home/ubuntu/smore/DeepTrace/crates/observ-metric)
   Compiling observ-sender v0.1.0 (/home/ubuntu/smore/DeepTrace/crates/observ-sender)
   Compiling observ-trace v0.1.0 (/home/ubuntu/smore/DeepTrace/crates/observ-trace)
warning: unused import: `serde_json::json`
  --> crates/observ-trace/src/lib.rs:16:5
   |
16 | use serde_json::json;
   |     ^^^^^^^^^^^^^^^^
   |
   = note: `#[warn(unused_imports)]` on by default

   Compiling prism v0.1.0 (/home/ubuntu/smore/DeepTrace/crates/prism)
   Compiling deeptrace v0.1.0 (/home/ubuntu/smore/DeepTrace/crates/deeptrace)
warning: `observ-trace` (lib) generated 1 warning (run `cargo fix --lib -p observ-trace` to apply 1 suggestion)
    Finished `release` profile [optimized + debuginfo] target(s) in 33.06s
[INFO  deeptrace::agent] Starting agent
[INFO  deeptrace::agent] Start configurator
[INFO  deeptrace::agent] Starting configurator
[INFO  observ_sender] Span transport sender started.
[INFO  observ_trace] Initializing Trace Collector
[INFO  ebpf_manager::utils] unlocked memory limits
[DEBUG aya::bpf] BPF Feature Detection: Features {
        bpf_name: true,
        bpf_probe_read_kernel: true,
        bpf_perf_link: true,
        bpf_global_data: true,
        bpf_cookie: true,
        cpumap_prog_id: true,
        devmap_prog_id: true,
        prog_info_map_ids: true,
        prog_info_gpl_compatible: true,
        btf: Some(
            BtfFeatures {
                btf_func: true,
                btf_func_global: true,
                btf_datasec: true,
                btf_float: true,
                btf_decl_tag: true,
                btf_type_tag: true,
                btf_enum64: true,
            },
        ),
    }
[DEBUG aya_obj::btf::btf] changing FUNC memcpy linkage to BTF_FUNC_STATIC
[DEBUG aya_obj::btf::btf] changing FUNC memmove linkage to BTF_FUNC_STATIC
[DEBUG aya_obj::btf::btf] changing FUNC memset linkage to BTF_FUNC_STATIC
[DEBUG aya_obj::btf::btf] [DATASEC] maps: fixup size to 252
[DEBUG aya_obj::btf::btf] [DATASEC] maps: VAR ALLOCATOR: fixup offset 0
[DEBUG aya_obj::btf::btf] [DATASEC] maps: VAR EVENTS: fixup offset 28
[DEBUG aya_obj::btf::btf] [DATASEC] maps: VAR PIDS: fixup offset 56
[DEBUG aya_obj::btf::btf] [DATASEC] maps: VAR HEAP: fixup offset 84
[DEBUG aya_obj::btf::btf] [DATASEC] maps: VAR AYA_LOG_BUF: fixup offset 112
[DEBUG aya_obj::btf::btf] [DATASEC] maps: VAR AYA_LOGS: fixup offset 140
[DEBUG aya_obj::btf::btf] [DATASEC] maps: VAR socket_info: fixup offset 168
[DEBUG aya_obj::btf::btf] [DATASEC] maps: VAR egress: fixup offset 196
[DEBUG aya_obj::btf::btf] [DATASEC] maps: VAR ingress: fixup offset 224
[DEBUG aya_obj::relocation] relocating map by section index 50, kind Rodata at insn 57 in section 2
[DEBUG aya_obj::relocation] relocating map by section index 50, kind Rodata at insn 106 in section 2
[DEBUG aya_obj::relocation] relocating map by section index 50, kind Rodata at insn 141 in section 2
[DEBUG aya_obj::relocation] relocating map by section index 50, kind Rodata at insn 23 in section 2
[DEBUG aya_obj::relocation] relocating map by section index 49, kind Rodata at insn 40 in section 2
[DEBUG aya_obj::relocation] relocating map by section index 49, kind Rodata at insn 6 in section 2
[DEBUG aya_obj::relocation] relocating map by section index 50, kind Rodata at insn 74 in section 2
[DEBUG aya_obj::relocation] relocating map by section index 51, kind Rodata at insn 91 in section 2
[DEBUG aya_obj::relocation] relocating map by section index 50, kind Rodata at insn 123 in section 2
[DEBUG aya_obj::relocation] relocating map by symbol index Some(88), kind Maps at insn 6 in section 4
[DEBUG aya_obj::relocation] relocating map by symbol index Some(91), kind Maps at insn 299 in section 4
[DEBUG aya_obj::relocation] relocating map by section index 50, kind Rodata at insn 58 in section 4
[DEBUG aya_obj::relocation] relocating map by symbol index Some(89), kind Maps at insn 30 in section 4
[DEBUG aya_obj::relocation] relocating map by symbol index Some(90), kind Maps at insn 46 in section 4
[DEBUG aya_obj::relocation] relocating map by symbol index Some(89), kind Maps at insn 36 in section 4
[DEBUG aya_obj::relocation] relocating map by section index 50, kind Rodata at insn 174 in section 4
[DEBUG aya_obj::relocation] relocating map by symbol index Some(93), kind Maps at insn 176 in section 6
[DEBUG aya_obj::relocation] relocating map by symbol index Some(90), kind Maps at insn 184 in section 6
[DEBUG aya_obj::relocation] relocating map by symbol index Some(88), kind Maps at insn 6 in section 6
[DEBUG aya_obj::relocation] relocating map by section index 50, kind Rodata at insn 197 in section 6
[DEBUG aya_obj::relocation] relocating map by symbol index Some(91), kind Maps at insn 432 in section 6
[DEBUG aya_obj::relocation] relocating map by section index 50, kind Rodata at insn 309 in section 6
[DEBUG aya_obj::relocation] relocating map by section index 50, kind Rodata at insn 312 in section 8
[DEBUG aya_obj::relocation] relocating map by symbol index Some(93), kind Maps at insn 175 in section 8
[DEBUG aya_obj::relocation] relocating map by symbol index Some(88), kind Maps at insn 6 in section 8
[DEBUG aya_obj::relocation] relocating map by section index 50, kind Rodata at insn 196 in section 8
[DEBUG aya_obj::relocation] relocating map by symbol index Some(91), kind Maps at insn 437 in section 8
[DEBUG aya_obj::relocation] relocating map by symbol index Some(90), kind Maps at insn 183 in section 8
[DEBUG aya_obj::relocation] relocating map by symbol index Some(93), kind Maps at insn 186 in section 10
[DEBUG aya_obj::relocation] relocating map by section index 50, kind Rodata at insn 207 in section 10
[DEBUG aya_obj::relocation] relocating map by section index 50, kind Rodata at insn 335 in section 10
[DEBUG aya_obj::relocation] relocating map by symbol index Some(91), kind Maps at insn 466 in section 10
[DEBUG aya_obj::relocation] relocating map by symbol index Some(88), kind Maps at insn 6 in section 10
[DEBUG aya_obj::relocation] relocating map by symbol index Some(90), kind Maps at insn 194 in section 10
[DEBUG aya_obj::relocation] relocating map by section index 50, kind Rodata at insn 196 in section 12
[DEBUG aya_obj::relocation] relocating map by section index 50, kind Rodata at insn 324 in section 12
[DEBUG aya_obj::relocation] relocating map by symbol index Some(88), kind Maps at insn 6 in section 12
[DEBUG aya_obj::relocation] relocating map by symbol index Some(91), kind Maps at insn 455 in section 12
[DEBUG aya_obj::relocation] relocating map by symbol index Some(90), kind Maps at insn 183 in section 12
[DEBUG aya_obj::relocation] relocating map by symbol index Some(93), kind Maps at insn 175 in section 12
[DEBUG aya_obj::relocation] relocating map by symbol index Some(91), kind Maps at insn 466 in section 14
[DEBUG aya_obj::relocation] relocating map by section index 50, kind Rodata at insn 213 in section 14
[DEBUG aya_obj::relocation] relocating map by symbol index Some(90), kind Maps at insn 200 in section 14
[DEBUG aya_obj::relocation] relocating map by section index 50, kind Rodata at insn 337 in section 14
[DEBUG aya_obj::relocation] relocating map by symbol index Some(93), kind Maps at insn 192 in section 14
[DEBUG aya_obj::relocation] relocating map by symbol index Some(88), kind Maps at insn 6 in section 14
[DEBUG aya_obj::relocation] relocating map by section index 50, kind Rodata at insn 196 in section 16
[DEBUG aya_obj::relocation] relocating map by symbol index Some(99), kind Maps at insn 175 in section 16
[DEBUG aya_obj::relocation] relocating map by symbol index Some(90), kind Maps at insn 183 in section 16
[DEBUG aya_obj::relocation] relocating map by symbol index Some(91), kind Maps at insn 455 in section 16
[DEBUG aya_obj::relocation] relocating map by symbol index Some(88), kind Maps at insn 6 in section 16
[DEBUG aya_obj::relocation] relocating map by section index 50, kind Rodata at insn 324 in section 16
[DEBUG aya_obj::relocation] relocating map by symbol index Some(88), kind Maps at insn 6 in section 18
[DEBUG aya_obj::relocation] relocating map by symbol index Some(99), kind Maps at insn 192 in section 18
[DEBUG aya_obj::relocation] relocating map by symbol index Some(90), kind Maps at insn 200 in section 18
[DEBUG aya_obj::relocation] relocating map by section index 50, kind Rodata at insn 213 in section 18
[DEBUG aya_obj::relocation] relocating map by symbol index Some(91), kind Maps at insn 466 in section 18
[DEBUG aya_obj::relocation] relocating map by section index 50, kind Rodata at insn 337 in section 18
[DEBUG aya_obj::relocation] relocating map by symbol index Some(99), kind Maps at insn 174 in section 20
[DEBUG aya_obj::relocation] relocating map by section index 50, kind Rodata at insn 195 in section 20
[DEBUG aya_obj::relocation] relocating map by symbol index Some(90), kind Maps at insn 182 in section 20
[DEBUG aya_obj::relocation] relocating map by symbol index Some(88), kind Maps at insn 6 in section 20
[DEBUG aya_obj::relocation] relocating map by section index 50, kind Rodata at insn 315 in section 20
[DEBUG aya_obj::relocation] relocating map by symbol index Some(91), kind Maps at insn 441 in section 20
[DEBUG aya_obj::relocation] relocating map by section index 50, kind Rodata at insn 313 in section 22
[DEBUG aya_obj::relocation] relocating map by section index 50, kind Rodata at insn 197 in section 22
[DEBUG aya_obj::relocation] relocating map by symbol index Some(91), kind Maps at insn 438 in section 22
[DEBUG aya_obj::relocation] relocating map by symbol index Some(90), kind Maps at insn 184 in section 22
[DEBUG aya_obj::relocation] relocating map by symbol index Some(88), kind Maps at insn 6 in section 22
[DEBUG aya_obj::relocation] relocating map by symbol index Some(99), kind Maps at insn 176 in section 22
[DEBUG aya_obj::relocation] relocating map by section index 50, kind Rodata at insn 316 in section 24
[DEBUG aya_obj::relocation] relocating map by symbol index Some(88), kind Maps at insn 6 in section 24
[DEBUG aya_obj::relocation] relocating map by symbol index Some(91), kind Maps at insn 442 in section 24
[DEBUG aya_obj::relocation] relocating map by symbol index Some(99), kind Maps at insn 175 in section 24
[DEBUG aya_obj::relocation] relocating map by symbol index Some(90), kind Maps at insn 183 in section 24
[DEBUG aya_obj::relocation] relocating map by section index 50, kind Rodata at insn 196 in section 24
[DEBUG aya_obj::relocation] relocating map by symbol index Some(89), kind Maps at insn 1719 in section 26
[DEBUG aya_obj::relocation] relocating map by symbol index Some(106), kind Maps at insn 2042 in section 26
[DEBUG aya_obj::relocation] relocating map by symbol index Some(106), kind Maps at insn 2800 in section 26
[DEBUG aya_obj::relocation] relocating map by section index 50, kind Rodata at insn 2802 in section 26
[DEBUG aya_obj::relocation] relocating map by symbol index Some(106), kind Maps at insn 2811 in section 26
[DEBUG aya_obj::relocation] relocating map by section index 50, kind Rodata at insn 1545 in section 26
[DEBUG aya_obj::relocation] relocating map by symbol index Some(89), kind Maps at insn 3218 in section 26
[DEBUG aya_obj::relocation] relocating map by section index 50, kind Rodata at insn 2044 in section 26
[DEBUG aya_obj::relocation] relocating map by symbol index Some(105), kind Maps at insn 3229 in section 26
[DEBUG aya_obj::relocation] relocating map by symbol index Some(106), kind Maps at insn 328 in section 26
[DEBUG aya_obj::relocation] relocating map by symbol index Some(106), kind Maps at insn 318 in section 26
[DEBUG aya_obj::relocation] relocating map by symbol index Some(89), kind Maps at insn 1513 in section 26
[DEBUG aya_obj::relocation] relocating map by section index 50, kind Rodata at insn 1157 in section 26
[DEBUG aya_obj::relocation] relocating map by symbol index Some(89), kind Maps at insn 2082 in section 26
[DEBUG aya_obj::relocation] relocating map by section index 50, kind Rodata at insn 3243 in section 26
[DEBUG aya_obj::relocation] relocating map by symbol index Some(89), kind Maps at insn 2762 in section 26
[DEBUG aya_obj::relocation] relocating map by symbol index Some(89), kind Maps at insn 1990 in section 26
[DEBUG aya_obj::relocation] relocating map by symbol index Some(89), kind Maps at insn 3154 in section 26
[DEBUG aya_obj::relocation] relocating map by section index 50, kind Rodata at insn 1701 in section 26
[DEBUG aya_obj::relocation] relocating map by symbol index Some(89), kind Maps at insn 1900 in section 26
[DEBUG aya_obj::relocation] relocating map by symbol index Some(93), kind Maps at insn 287 in section 26
[DEBUG aya_obj::relocation] relocating map by symbol index Some(106), kind Maps at insn 1155 in section 26
[DEBUG aya_obj::relocation] relocating map by symbol index Some(89), kind Maps at insn 2012 in section 26
[DEBUG aya_obj::relocation] relocating map by symbol index Some(89), kind Maps at insn 3415 in section 26
[DEBUG aya_obj::relocation] relocating map by symbol index Some(106), kind Maps at insn 2051 in section 26
[DEBUG aya_obj::relocation] relocating map by symbol index Some(106), kind Maps at insn 2152 in section 26
[DEBUG aya_obj::relocation] relocating map by symbol index Some(91), kind Maps at insn 276 in section 26
[DEBUG aya_obj::relocation] relocating map by symbol index Some(107), kind Maps at insn 3291 in section 26
[DEBUG aya_obj::relocation] relocating map by section index 50, kind Rodata at insn 351 in section 26
[DEBUG aya_obj::relocation] relocating map by symbol index Some(105), kind Maps at insn 2124 in section 26
[DEBUG aya_obj::relocation] relocating map by section index 50, kind Rodata at insn 1636 in section 26
[DEBUG aya_obj::relocation] relocating map by symbol index Some(106), kind Maps at insn 2141 in section 26
[DEBUG aya_obj::relocation] relocating map by symbol index Some(106), kind Maps at insn 3251 in section 26
[DEBUG aya_obj::relocation] relocating map by symbol index Some(105), kind Maps at insn 297 in section 26
[DEBUG aya_obj::relocation] relocating map by symbol index Some(89), kind Maps at insn 2713 in section 26
[DEBUG aya_obj::relocation] relocating map by symbol index Some(105), kind Maps at insn 306 in section 26
[DEBUG aya_obj::relocation] relocating map by symbol index Some(105), kind Maps at insn 2029 in section 26
[DEBUG aya_obj::relocation] relocating map by symbol index Some(89), kind Maps at insn 2103 in section 26
[DEBUG aya_obj::relocation] relocating map by symbol index Some(89), kind Maps at insn 3135 in section 26
[DEBUG aya_obj::relocation] relocating map by symbol index Some(93), kind Maps at insn 27 in section 26
[DEBUG aya_obj::relocation] relocating map by section index 50, kind Rodata at insn 320 in section 26
[DEBUG aya_obj::relocation] relocating map by symbol index Some(89), kind Maps at insn 2698 in section 26
[DEBUG aya_obj::relocation] relocating map by symbol index Some(89), kind Maps at insn 3424 in section 26
[DEBUG aya_obj::relocation] relocating map by symbol index Some(105), kind Maps at insn 2783 in section 26
[DEBUG aya_obj::relocation] relocating map by symbol index Some(91), kind Maps at insn 587 in section 26
[DEBUG aya_obj::relocation] relocating map by symbol index Some(106), kind Maps at insn 3241 in section 26
[DEBUG aya_obj::relocation] relocating map by symbol index Some(88), kind Maps at insn 6 in section 26
[DEBUG aya_obj::relocation] relocating map by section index 50, kind Rodata at insn 233 in section 26
[DEBUG aya_obj::relocation] relocating map by symbol index Some(89), kind Maps at insn 2065 in section 26
[DEBUG aya_obj::relocation] relocating map by symbol index Some(105), kind Maps at insn 1143 in section 26
[DEBUG aya_obj::relocation] relocating map by symbol index Some(90), kind Maps at insn 37 in section 26
[DEBUG aya_obj::relocation] relocating map by section index 50, kind Rodata at insn 50 in section 26
[DEBUG aya_obj::relocation] relocating map by section index 50, kind Rodata at insn 174 in section 26
[DEBUG aya_obj::relocation] relocating map by section index 50, kind Rodata at insn 2143 in section 26
[DEBUG aya_obj::relocation] relocating map by symbol index Some(89), kind Maps at insn 3268 in section 26
[DEBUG aya_obj::relocation] relocating map by symbol index Some(106), kind Maps at insn 1165 in section 26
[DEBUG aya_obj::relocation] relocating map by symbol index Some(93), kind Maps at insn 3285 in section 26
[DEBUG aya_obj::relocation] relocating map by section index 50, kind Rodata at insn 2340 in section 26
[DEBUG aya_obj::relocation] relocating map by symbol index Some(90), kind Maps at insn 338 in section 26
[DEBUG aya_obj::relocation] relocating map by section index 50, kind Rodata at insn 463 in section 26
[DEBUG aya_obj::relocation] relocating map by symbol index Some(93), kind Maps at insn 287 in section 28
[DEBUG aya_obj::relocation] relocating map by symbol index Some(89), kind Maps at insn 3160 in section 28
[DEBUG aya_obj::relocation] relocating map by symbol index Some(89), kind Maps at insn 3141 in section 28
[DEBUG aya_obj::relocation] relocating map by section index 50, kind Rodata at insn 2808 in section 28
[DEBUG aya_obj::relocation] relocating map by section index 50, kind Rodata at insn 1707 in section 28
[DEBUG aya_obj::relocation] relocating map by symbol index Some(106), kind Maps at insn 2048 in section 28
[DEBUG aya_obj::relocation] relocating map by symbol index Some(89), kind Maps at insn 2719 in section 28
[DEBUG aya_obj::relocation] relocating map by symbol index Some(106), kind Maps at insn 3257 in section 28
[DEBUG aya_obj::relocation] relocating map by symbol index Some(105), kind Maps at insn 1149 in section 28
[DEBUG aya_obj::relocation] relocating map by symbol index Some(106), kind Maps at insn 2806 in section 28
[DEBUG aya_obj::relocation] relocating map by symbol index Some(106), kind Maps at insn 1171 in section 28
[DEBUG aya_obj::relocation] relocating map by symbol index Some(89), kind Maps at insn 3430 in section 28
[DEBUG aya_obj::relocation] relocating map by symbol index Some(89), kind Maps at insn 2768 in section 28
[DEBUG aya_obj::relocation] relocating map by symbol index Some(107), kind Maps at insn 3297 in section 28
[DEBUG aya_obj::relocation] relocating map by symbol index Some(105), kind Maps at insn 3235 in section 28
[DEBUG aya_obj::relocation] relocating map by symbol index Some(91), kind Maps at insn 593 in section 28
[DEBUG aya_obj::relocation] relocating map by section index 50, kind Rodata at insn 1551 in section 28
[DEBUG aya_obj::relocation] relocating map by section index 50, kind Rodata at insn 174 in section 28
[DEBUG aya_obj::relocation] relocating map by symbol index Some(105), kind Maps at insn 2130 in section 28
[DEBUG aya_obj::relocation] relocating map by symbol index Some(89), kind Maps at insn 2071 in section 28
[DEBUG aya_obj::relocation] relocating map by symbol index Some(90), kind Maps at insn 37 in section 28
[DEBUG aya_obj::relocation] relocating map by section index 50, kind Rodata at insn 2149 in section 28
[DEBUG aya_obj::relocation] relocating map by symbol index Some(88), kind Maps at insn 6 in section 28
[DEBUG aya_obj::relocation] relocating map by section index 50, kind Rodata at insn 50 in section 28
[DEBUG aya_obj::relocation] relocating map by symbol index Some(106), kind Maps at insn 2147 in section 28
[DEBUG aya_obj::relocation] relocating map by section index 50, kind Rodata at insn 2346 in section 28
[DEBUG aya_obj::relocation] relocating map by symbol index Some(89), kind Maps at insn 2088 in section 28
[DEBUG aya_obj::relocation] relocating map by symbol index Some(106), kind Maps at insn 2158 in section 28
[DEBUG aya_obj::relocation] relocating map by symbol index Some(91), kind Maps at insn 276 in section 28
[DEBUG aya_obj::relocation] relocating map by symbol index Some(105), kind Maps at insn 2789 in section 28
[DEBUG aya_obj::relocation] relocating map by symbol index Some(89), kind Maps at insn 3224 in section 28
[DEBUG aya_obj::relocation] relocating map by symbol index Some(106), kind Maps at insn 3247 in section 28
[DEBUG aya_obj::relocation] relocating map by symbol index Some(106), kind Maps at insn 2057 in section 28
[DEBUG aya_obj::relocation] relocating map by symbol index Some(89), kind Maps at insn 2109 in section 28
[DEBUG aya_obj::relocation] relocating map by symbol index Some(89), kind Maps at insn 1725 in section 28
[DEBUG aya_obj::relocation] relocating map by section index 50, kind Rodata at insn 3249 in section 28
[DEBUG aya_obj::relocation] relocating map by symbol index Some(89), kind Maps at insn 2018 in section 28
[DEBUG aya_obj::relocation] relocating map by symbol index Some(105), kind Maps at insn 2035 in section 28
[DEBUG aya_obj::relocation] relocating map by section index 50, kind Rodata at insn 1642 in section 28
[DEBUG aya_obj::relocation] relocating map by section index 50, kind Rodata at insn 2050 in section 28
[DEBUG aya_obj::relocation] relocating map by symbol index Some(89), kind Maps at insn 3421 in section 28
[DEBUG aya_obj::relocation] relocating map by section index 50, kind Rodata at insn 233 in section 28
[DEBUG aya_obj::relocation] relocating map by symbol index Some(105), kind Maps at insn 306 in section 28
[DEBUG aya_obj::relocation] relocating map by symbol index Some(90), kind Maps at insn 338 in section 28
[DEBUG aya_obj::relocation] relocating map by section index 50, kind Rodata at insn 351 in section 28
[DEBUG aya_obj::relocation] relocating map by section index 50, kind Rodata at insn 1163 in section 28
[DEBUG aya_obj::relocation] relocating map by symbol index Some(89), kind Maps at insn 3274 in section 28
[DEBUG aya_obj::relocation] relocating map by symbol index Some(89), kind Maps at insn 1906 in section 28
[DEBUG aya_obj::relocation] relocating map by symbol index Some(106), kind Maps at insn 1161 in section 28
[DEBUG aya_obj::relocation] relocating map by symbol index Some(89), kind Maps at insn 2704 in section 28
[DEBUG aya_obj::relocation] relocating map by symbol index Some(106), kind Maps at insn 328 in section 28
[DEBUG aya_obj::relocation] relocating map by section index 50, kind Rodata at insn 320 in section 28
[DEBUG aya_obj::relocation] relocating map by symbol index Some(89), kind Maps at insn 1519 in section 28
[DEBUG aya_obj::relocation] relocating map by section index 50, kind Rodata at insn 467 in section 28
[DEBUG aya_obj::relocation] relocating map by symbol index Some(106), kind Maps at insn 318 in section 28
[DEBUG aya_obj::relocation] relocating map by symbol index Some(93), kind Maps at insn 3291 in section 28
[DEBUG aya_obj::relocation] relocating map by symbol index Some(93), kind Maps at insn 27 in section 28
[DEBUG aya_obj::relocation] relocating map by symbol index Some(106), kind Maps at insn 2817 in section 28
[DEBUG aya_obj::relocation] relocating map by symbol index Some(89), kind Maps at insn 1996 in section 28
[DEBUG aya_obj::relocation] relocating map by symbol index Some(105), kind Maps at insn 297 in section 28
[DEBUG aya_obj::relocation] relocating map by symbol index Some(106), kind Maps at insn 1179 in section 30
[DEBUG aya_obj::relocation] relocating map by section index 50, kind Rodata at insn 479 in section 30
[DEBUG aya_obj::relocation] relocating map by section index 50, kind Rodata at insn 1725 in section 30
[DEBUG aya_obj::relocation] relocating map by section index 50, kind Rodata at insn 1660 in section 30
[DEBUG aya_obj::relocation] relocating map by symbol index Some(89), kind Maps at insn 1924 in section 30
[DEBUG aya_obj::relocation] relocating map by symbol index Some(105), kind Maps at insn 2148 in section 30
[DEBUG aya_obj::relocation] relocating map by symbol index Some(105), kind Maps at insn 306 in section 30
[DEBUG aya_obj::relocation] relocating map by symbol index Some(93), kind Maps at insn 287 in section 30
[DEBUG aya_obj::relocation] relocating map by symbol index Some(89), kind Maps at insn 2014 in section 30
[DEBUG aya_obj::relocation] relocating map by symbol index Some(93), kind Maps at insn 27 in section 30
[DEBUG aya_obj::relocation] relocating map by symbol index Some(105), kind Maps at insn 297 in section 30
[DEBUG aya_obj::relocation] relocating map by symbol index Some(89), kind Maps at insn 2106 in section 30
[DEBUG aya_obj::relocation] relocating map by symbol index Some(89), kind Maps at insn 3292 in section 30
[DEBUG aya_obj::relocation] relocating map by symbol index Some(91), kind Maps at insn 276 in section 30
[DEBUG aya_obj::relocation] relocating map by section index 50, kind Rodata at insn 1569 in section 30
[DEBUG aya_obj::relocation] relocating map by symbol index Some(89), kind Maps at insn 3439 in section 30
[DEBUG aya_obj::relocation] relocating map by section index 50, kind Rodata at insn 174 in section 30
[DEBUG aya_obj::relocation] relocating map by symbol index Some(105), kind Maps at insn 1167 in section 30
[DEBUG aya_obj::relocation] relocating map by section index 50, kind Rodata at insn 3267 in section 30
[DEBUG aya_obj::relocation] relocating map by symbol index Some(89), kind Maps at insn 2737 in section 30
[DEBUG aya_obj::relocation] relocating map by symbol index Some(105), kind Maps at insn 3253 in section 30
[DEBUG aya_obj::relocation] relocating map by section index 50, kind Rodata at insn 233 in section 30
[DEBUG aya_obj::relocation] relocating map by symbol index Some(89), kind Maps at insn 3178 in section 30
[DEBUG aya_obj::relocation] relocating map by section index 50, kind Rodata at insn 2364 in section 30
[DEBUG aya_obj::relocation] relocating map by section index 50, kind Rodata at insn 1181 in section 30
[DEBUG aya_obj::relocation] relocating map by symbol index Some(106), kind Maps at insn 2066 in section 30
[DEBUG aya_obj::relocation] relocating map by symbol index Some(106), kind Maps at insn 3265 in section 30
[DEBUG aya_obj::relocation] relocating map by symbol index Some(106), kind Maps at insn 3275 in section 30
[DEBUG aya_obj::relocation] relocating map by symbol index Some(106), kind Maps at insn 318 in section 30
[DEBUG aya_obj::relocation] relocating map by symbol index Some(106), kind Maps at insn 328 in section 30
[DEBUG aya_obj::relocation] relocating map by symbol index Some(89), kind Maps at insn 2089 in section 30
[DEBUG aya_obj::relocation] relocating map by symbol index Some(89), kind Maps at insn 1537 in section 30
[DEBUG aya_obj::relocation] relocating map by symbol index Some(89), kind Maps at insn 2786 in section 30
[DEBUG aya_obj::relocation] relocating map by symbol index Some(91), kind Maps at insn 611 in section 30
[DEBUG aya_obj::relocation] relocating map by symbol index Some(105), kind Maps at insn 2807 in section 30
[DEBUG aya_obj::relocation] relocating map by symbol index Some(106), kind Maps at insn 2165 in section 30
[DEBUG aya_obj::relocation] relocating map by section index 50, kind Rodata at insn 2167 in section 30
[DEBUG aya_obj::relocation] relocating map by section index 50, kind Rodata at insn 320 in section 30
[DEBUG aya_obj::relocation] relocating map by symbol index Some(88), kind Maps at insn 6 in section 30
[DEBUG aya_obj::relocation] relocating map by symbol index Some(89), kind Maps at insn 1743 in section 30
[DEBUG aya_obj::relocation] relocating map by section index 50, kind Rodata at insn 351 in section 30
[DEBUG aya_obj::relocation] relocating map by section index 50, kind Rodata at insn 2068 in section 30
[DEBUG aya_obj::relocation] relocating map by symbol index Some(106), kind Maps at insn 2824 in section 30
[DEBUG aya_obj::relocation] relocating map by symbol index Some(89), kind Maps at insn 3159 in section 30
[DEBUG aya_obj::relocation] relocating map by symbol index Some(106), kind Maps at insn 1189 in section 30
[DEBUG aya_obj::relocation] relocating map by symbol index Some(89), kind Maps at insn 3242 in section 30
[DEBUG aya_obj::relocation] relocating map by symbol index Some(89), kind Maps at insn 2127 in section 30
[DEBUG aya_obj::relocation] relocating map by section index 50, kind Rodata at insn 50 in section 30
[DEBUG aya_obj::relocation] relocating map by symbol index Some(89), kind Maps at insn 2722 in section 30
[DEBUG aya_obj::relocation] relocating map by symbol index Some(89), kind Maps at insn 3448 in section 30
[DEBUG aya_obj::relocation] relocating map by symbol index Some(93), kind Maps at insn 3309 in section 30
[DEBUG aya_obj::relocation] relocating map by symbol index Some(89), kind Maps at insn 2036 in section 30
[DEBUG aya_obj::relocation] relocating map by symbol index Some(105), kind Maps at insn 2053 in section 30
[DEBUG aya_obj::relocation] relocating map by symbol index Some(90), kind Maps at insn 338 in section 30
[DEBUG aya_obj::relocation] relocating map by symbol index Some(106), kind Maps at insn 2075 in section 30
[DEBUG aya_obj::relocation] relocating map by symbol index Some(106), kind Maps at insn 2835 in section 30
[DEBUG aya_obj::relocation] relocating map by symbol index Some(107), kind Maps at insn 3315 in section 30
[DEBUG aya_obj::relocation] relocating map by section index 50, kind Rodata at insn 2826 in section 30
[DEBUG aya_obj::relocation] relocating map by symbol index Some(90), kind Maps at insn 37 in section 30
[DEBUG aya_obj::relocation] relocating map by symbol index Some(106), kind Maps at insn 2176 in section 30
[DEBUG aya_obj::relocation] relocating map by symbol index Some(89), kind Maps at insn 2106 in section 32
[DEBUG aya_obj::relocation] relocating map by symbol index Some(105), kind Maps at insn 3253 in section 32
[DEBUG aya_obj::relocation] relocating map by symbol index Some(89), kind Maps at insn 3159 in section 32
[DEBUG aya_obj::relocation] relocating map by symbol index Some(89), kind Maps at insn 2089 in section 32
[DEBUG aya_obj::relocation] relocating map by section index 50, kind Rodata at insn 2068 in section 32
[DEBUG aya_obj::relocation] relocating map by symbol index Some(88), kind Maps at insn 6 in section 32
[DEBUG aya_obj::relocation] relocating map by symbol index Some(89), kind Maps at insn 2722 in section 32
[DEBUG aya_obj::relocation] relocating map by symbol index Some(89), kind Maps at insn 3439 in section 32
[DEBUG aya_obj::relocation] relocating map by symbol index Some(105), kind Maps at insn 2807 in section 32
[DEBUG aya_obj::relocation] relocating map by symbol index Some(105), kind Maps at insn 297 in section 32
[DEBUG aya_obj::relocation] relocating map by symbol index Some(105), kind Maps at insn 2053 in section 32
[DEBUG aya_obj::relocation] relocating map by section index 50, kind Rodata at insn 2167 in section 32
[DEBUG aya_obj::relocation] relocating map by symbol index Some(89), kind Maps at insn 2786 in section 32
[DEBUG aya_obj::relocation] relocating map by symbol index Some(89), kind Maps at insn 3178 in section 32
[DEBUG aya_obj::relocation] relocating map by symbol index Some(106), kind Maps at insn 3265 in section 32
[DEBUG aya_obj::relocation] relocating map by symbol index Some(89), kind Maps at insn 3292 in section 32
[DEBUG aya_obj::relocation] relocating map by symbol index Some(93), kind Maps at insn 3309 in section 32
[DEBUG aya_obj::relocation] relocating map by symbol index Some(93), kind Maps at insn 287 in section 32
[DEBUG aya_obj::relocation] relocating map by symbol index Some(106), kind Maps at insn 2066 in section 32
[DEBUG aya_obj::relocation] relocating map by section index 50, kind Rodata at insn 1660 in section 32
[DEBUG aya_obj::relocation] relocating map by section index 50, kind Rodata at insn 174 in section 32
[DEBUG aya_obj::relocation] relocating map by symbol index Some(89), kind Maps at insn 1537 in section 32
[DEBUG aya_obj::relocation] relocating map by symbol index Some(106), kind Maps at insn 318 in section 32
[DEBUG aya_obj::relocation] relocating map by symbol index Some(106), kind Maps at insn 2165 in section 32
[DEBUG aya_obj::relocation] relocating map by symbol index Some(93), kind Maps at insn 27 in section 32
[DEBUG aya_obj::relocation] relocating map by symbol index Some(106), kind Maps at insn 2835 in section 32
[DEBUG aya_obj::relocation] relocating map by symbol index Some(89), kind Maps at insn 2737 in section 32
[DEBUG aya_obj::relocation] relocating map by symbol index Some(105), kind Maps at insn 306 in section 32
[DEBUG aya_obj::relocation] relocating map by symbol index Some(89), kind Maps at insn 3242 in section 32
[DEBUG aya_obj::relocation] relocating map by symbol index Some(107), kind Maps at insn 3315 in section 32
[DEBUG aya_obj::relocation] relocating map by symbol index Some(106), kind Maps at insn 2824 in section 32
[DEBUG aya_obj::relocation] relocating map by section index 50, kind Rodata at insn 320 in section 32
[DEBUG aya_obj::relocation] relocating map by symbol index Some(89), kind Maps at insn 1743 in section 32
[DEBUG aya_obj::relocation] relocating map by symbol index Some(105), kind Maps at insn 2148 in section 32
[DEBUG aya_obj::relocation] relocating map by symbol index Some(91), kind Maps at insn 611 in section 32
[DEBUG aya_obj::relocation] relocating map by section index 50, kind Rodata at insn 1181 in section 32
[DEBUG aya_obj::relocation] relocating map by symbol index Some(89), kind Maps at insn 3448 in section 32
[DEBUG aya_obj::relocation] relocating map by symbol index Some(89), kind Maps at insn 2127 in section 32
[DEBUG aya_obj::relocation] relocating map by symbol index Some(89), kind Maps at insn 2036 in section 32
[DEBUG aya_obj::relocation] relocating map by symbol index Some(90), kind Maps at insn 338 in section 32
[DEBUG aya_obj::relocation] relocating map by section index 50, kind Rodata at insn 1569 in section 32
[DEBUG aya_obj::relocation] relocating map by symbol index Some(106), kind Maps at insn 1179 in section 32
[DEBUG aya_obj::relocation] relocating map by symbol index Some(106), kind Maps at insn 2075 in section 32
[DEBUG aya_obj::relocation] relocating map by section index 50, kind Rodata at insn 233 in section 32
[DEBUG aya_obj::relocation] relocating map by symbol index Some(105), kind Maps at insn 1167 in section 32
[DEBUG aya_obj::relocation] relocating map by section index 50, kind Rodata at insn 2826 in section 32
[DEBUG aya_obj::relocation] relocating map by section index 50, kind Rodata at insn 479 in section 32
[DEBUG aya_obj::relocation] relocating map by symbol index Some(89), kind Maps at insn 1924 in section 32
[DEBUG aya_obj::relocation] relocating map by symbol index Some(106), kind Maps at insn 2176 in section 32
[DEBUG aya_obj::relocation] relocating map by section index 50, kind Rodata at insn 50 in section 32
[DEBUG aya_obj::relocation] relocating map by symbol index Some(106), kind Maps at insn 1189 in section 32
[DEBUG aya_obj::relocation] relocating map by section index 50, kind Rodata at insn 2364 in section 32
[DEBUG aya_obj::relocation] relocating map by section index 50, kind Rodata at insn 351 in section 32
[DEBUG aya_obj::relocation] relocating map by symbol index Some(90), kind Maps at insn 37 in section 32
[DEBUG aya_obj::relocation] relocating map by symbol index Some(106), kind Maps at insn 328 in section 32
[DEBUG aya_obj::relocation] relocating map by symbol index Some(106), kind Maps at insn 3275 in section 32
[DEBUG aya_obj::relocation] relocating map by symbol index Some(89), kind Maps at insn 2014 in section 32
[DEBUG aya_obj::relocation] relocating map by section index 50, kind Rodata at insn 1725 in section 32
[DEBUG aya_obj::relocation] relocating map by section index 50, kind Rodata at insn 3267 in section 32
[DEBUG aya_obj::relocation] relocating map by symbol index Some(91), kind Maps at insn 276 in section 32
[DEBUG aya_obj::relocation] relocating map by symbol index Some(107), kind Maps at insn 3309 in section 34
[DEBUG aya_obj::relocation] relocating map by symbol index Some(93), kind Maps at insn 287 in section 34
[DEBUG aya_obj::relocation] relocating map by symbol index Some(106), kind Maps at insn 2818 in section 34
[DEBUG aya_obj::relocation] relocating map by symbol index Some(105), kind Maps at insn 3247 in section 34
[DEBUG aya_obj::relocation] relocating map by symbol index Some(90), kind Maps at insn 37 in section 34
[DEBUG aya_obj::relocation] relocating map by symbol index Some(105), kind Maps at insn 2047 in section 34
[DEBUG aya_obj::relocation] relocating map by symbol index Some(89), kind Maps at insn 3172 in section 34
[DEBUG aya_obj::relocation] relocating map by symbol index Some(93), kind Maps at insn 27 in section 34
[DEBUG aya_obj::relocation] relocating map by symbol index Some(89), kind Maps at insn 2030 in section 34
[DEBUG aya_obj::relocation] relocating map by symbol index Some(105), kind Maps at insn 306 in section 34
[DEBUG aya_obj::relocation] relocating map by section index 50, kind Rodata at insn 2062 in section 34
[DEBUG aya_obj::relocation] relocating map by symbol index Some(93), kind Maps at insn 3303 in section 34
[DEBUG aya_obj::relocation] relocating map by symbol index Some(106), kind Maps at insn 2829 in section 34
[DEBUG aya_obj::relocation] relocating map by symbol index Some(105), kind Maps at insn 1161 in section 34
[DEBUG aya_obj::relocation] relocating map by symbol index Some(89), kind Maps at insn 3442 in section 34
[DEBUG aya_obj::relocation] relocating map by section index 50, kind Rodata at insn 2358 in section 34
[DEBUG aya_obj::relocation] relocating map by symbol index Some(89), kind Maps at insn 2083 in section 34
[DEBUG aya_obj::relocation] relocating map by symbol index Some(106), kind Maps at insn 2159 in section 34
[DEBUG aya_obj::relocation] relocating map by section index 50, kind Rodata at insn 1175 in section 34
[DEBUG aya_obj::relocation] relocating map by symbol index Some(106), kind Maps at insn 3259 in section 34
[DEBUG aya_obj::relocation] relocating map by section index 50, kind Rodata at insn 320 in section 34
[DEBUG aya_obj::relocation] relocating map by symbol index Some(89), kind Maps at insn 1918 in section 34
[DEBUG aya_obj::relocation] relocating map by symbol index Some(89), kind Maps at insn 2716 in section 34
[DEBUG aya_obj::relocation] relocating map by symbol index Some(91), kind Maps at insn 276 in section 34
[DEBUG aya_obj::relocation] relocating map by section index 50, kind Rodata at insn 3261 in section 34
[DEBUG aya_obj::relocation] relocating map by symbol index Some(106), kind Maps at insn 3269 in section 34
[DEBUG aya_obj::relocation] relocating map by symbol index Some(89), kind Maps at insn 2008 in section 34
[DEBUG aya_obj::relocation] relocating map by symbol index Some(106), kind Maps at insn 1173 in section 34
[DEBUG aya_obj::relocation] relocating map by section index 50, kind Rodata at insn 2161 in section 34
[DEBUG aya_obj::relocation] relocating map by section index 50, kind Rodata at insn 1719 in section 34
[DEBUG aya_obj::relocation] relocating map by section index 50, kind Rodata at insn 174 in section 34
[DEBUG aya_obj::relocation] relocating map by section index 50, kind Rodata at insn 233 in section 34
[DEBUG aya_obj::relocation] relocating map by symbol index Some(106), kind Maps at insn 328 in section 34
[DEBUG aya_obj::relocation] relocating map by symbol index Some(106), kind Maps at insn 318 in section 34
[DEBUG aya_obj::relocation] relocating map by symbol index Some(106), kind Maps at insn 2060 in section 34
[DEBUG aya_obj::relocation] relocating map by symbol index Some(105), kind Maps at insn 297 in section 34
[DEBUG aya_obj::relocation] relocating map by symbol index Some(89), kind Maps at insn 3236 in section 34
[DEBUG aya_obj::relocation] relocating map by section index 50, kind Rodata at insn 1654 in section 34
[DEBUG aya_obj::relocation] relocating map by symbol index Some(89), kind Maps at insn 2731 in section 34
[DEBUG aya_obj::relocation] relocating map by symbol index Some(89), kind Maps at insn 2100 in section 34
[DEBUG aya_obj::relocation] relocating map by section index 50, kind Rodata at insn 351 in section 34
[DEBUG aya_obj::relocation] relocating map by symbol index Some(89), kind Maps at insn 3433 in section 34
[DEBUG aya_obj::relocation] relocating map by symbol index Some(89), kind Maps at insn 2121 in section 34
[DEBUG aya_obj::relocation] relocating map by section index 50, kind Rodata at insn 1563 in section 34
[DEBUG aya_obj::relocation] relocating map by symbol index Some(89), kind Maps at insn 3153 in section 34
[DEBUG aya_obj::relocation] relocating map by section index 50, kind Rodata at insn 475 in section 34
[DEBUG aya_obj::relocation] relocating map by symbol index Some(89), kind Maps at insn 1737 in section 34
[DEBUG aya_obj::relocation] relocating map by symbol index Some(89), kind Maps at insn 2780 in section 34
[DEBUG aya_obj::relocation] relocating map by symbol index Some(105), kind Maps at insn 2801 in section 34
[DEBUG aya_obj::relocation] relocating map by section index 50, kind Rodata at insn 50 in section 34
[DEBUG aya_obj::relocation] relocating map by symbol index Some(91), kind Maps at insn 605 in section 34
[DEBUG aya_obj::relocation] relocating map by symbol index Some(89), kind Maps at insn 3286 in section 34
[DEBUG aya_obj::relocation] relocating map by symbol index Some(88), kind Maps at insn 6 in section 34
[DEBUG aya_obj::relocation] relocating map by symbol index Some(89), kind Maps at insn 1531 in section 34
[DEBUG aya_obj::relocation] relocating map by symbol index Some(105), kind Maps at insn 2142 in section 34
[DEBUG aya_obj::relocation] relocating map by section index 50, kind Rodata at insn 2820 in section 34
[DEBUG aya_obj::relocation] relocating map by symbol index Some(106), kind Maps at insn 2170 in section 34
[DEBUG aya_obj::relocation] relocating map by symbol index Some(90), kind Maps at insn 338 in section 34
[DEBUG aya_obj::relocation] relocating map by symbol index Some(106), kind Maps at insn 1183 in section 34
[DEBUG aya_obj::relocation] relocating map by symbol index Some(106), kind Maps at insn 2069 in section 34
[DEBUG aya_obj::relocation] relocating map by symbol index Some(106), kind Maps at insn 2324 in section 36
[DEBUG aya_obj::relocation] relocating map by symbol index Some(89), kind Maps at insn 2600 in section 36
[DEBUG aya_obj::relocation] relocating map by symbol index Some(89), kind Maps at insn 2759 in section 36
[DEBUG aya_obj::relocation] relocating map by symbol index Some(89), kind Maps at insn 2917 in section 36
[DEBUG aya_obj::relocation] relocating map by symbol index Some(105), kind Maps at insn 297 in section 36
[DEBUG aya_obj::relocation] relocating map by section index 50, kind Rodata at insn 1724 in section 36
[DEBUG aya_obj::relocation] relocating map by symbol index Some(89), kind Maps at insn 2714 in section 36
[DEBUG aya_obj::relocation] relocating map by symbol index Some(105), kind Maps at insn 306 in section 36
[DEBUG aya_obj::relocation] relocating map by section index 50, kind Rodata at insn 233 in section 36
[DEBUG aya_obj::relocation] relocating map by symbol index Some(89), kind Maps at insn 1536 in section 36
[DEBUG aya_obj::relocation] relocating map by section index 50, kind Rodata at insn 2064 in section 36
[DEBUG aya_obj::relocation] relocating map by symbol index Some(106), kind Maps at insn 2313 in section 36
[DEBUG aya_obj::relocation] relocating map by symbol index Some(106), kind Maps at insn 2697 in section 36
[DEBUG aya_obj::relocation] relocating map by symbol index Some(89), kind Maps at insn 2272 in section 36
[DEBUG aya_obj::relocation] relocating map by symbol index Some(89), kind Maps at insn 3026 in section 36
[DEBUG aya_obj::relocation] relocating map by section index 50, kind Rodata at insn 1659 in section 36
[DEBUG aya_obj::relocation] relocating map by section index 50, kind Rodata at insn 320 in section 36
[DEBUG aya_obj::relocation] relocating map by symbol index Some(99), kind Maps at insn 2731 in section 36
[DEBUG aya_obj::relocation] relocating map by symbol index Some(89), kind Maps at insn 2750 in section 36
[DEBUG aya_obj::relocation] relocating map by symbol index Some(89), kind Maps at insn 2664 in section 36
[DEBUG aya_obj::relocation] relocating map by symbol index Some(106), kind Maps at insn 2687 in section 36
[DEBUG aya_obj::relocation] relocating map by symbol index Some(89), kind Maps at insn 2026 in section 36
[DEBUG aya_obj::relocation] relocating map by section index 50, kind Rodata at insn 174 in section 36
[DEBUG aya_obj::relocation] relocating map by symbol index Some(89), kind Maps at insn 2236 in section 36
[DEBUG aya_obj::relocation] relocating map by section index 50, kind Rodata at insn 479 in section 36
[DEBUG aya_obj::relocation] relocating map by symbol index Some(90), kind Maps at insn 37 in section 36
[DEBUG aya_obj::relocation] relocating map by symbol index Some(106), kind Maps at insn 1179 in section 36
[DEBUG aya_obj::relocation] relocating map by section index 50, kind Rodata at insn 1181 in section 36
[DEBUG aya_obj::relocation] relocating map by symbol index Some(91), kind Maps at insn 276 in section 36
[DEBUG aya_obj::relocation] relocating map by symbol index Some(105), kind Maps at insn 2296 in section 36
[DEBUG aya_obj::relocation] relocating map by symbol index Some(105), kind Maps at insn 2675 in section 36
[DEBUG aya_obj::relocation] relocating map by symbol index Some(106), kind Maps at insn 2223 in section 36
[DEBUG aya_obj::relocation] relocating map by symbol index Some(89), kind Maps at insn 2904 in section 36
[DEBUG aya_obj::relocation] relocating map by symbol index Some(105), kind Maps at insn 1167 in section 36
[DEBUG aya_obj::relocation] relocating map by symbol index Some(90), kind Maps at insn 338 in section 36
[DEBUG aya_obj::relocation] relocating map by symbol index Some(106), kind Maps at insn 318 in section 36
[DEBUG aya_obj::relocation] relocating map by section index 50, kind Rodata at insn 1568 in section 36
[DEBUG aya_obj::relocation] relocating map by symbol index Some(89), kind Maps at insn 1919 in section 36
[DEBUG aya_obj::relocation] relocating map by symbol index Some(106), kind Maps at insn 3075 in section 36
[DEBUG aya_obj::relocation] relocating map by symbol index Some(88), kind Maps at insn 6 in section 36
[DEBUG aya_obj::relocation] relocating map by symbol index Some(99), kind Maps at insn 287 in section 36
[DEBUG aya_obj::relocation] relocating map by symbol index Some(89), kind Maps at insn 2004 in section 36
[DEBUG aya_obj::relocation] relocating map by symbol index Some(89), kind Maps at insn 3312 in section 36
[DEBUG aya_obj::relocation] relocating map by symbol index Some(106), kind Maps at insn 2214 in section 36
[DEBUG aya_obj::relocation] relocating map by section index 50, kind Rodata at insn 2315 in section 36
[DEBUG aya_obj::relocation] relocating map by symbol index Some(106), kind Maps at insn 1189 in section 36
[DEBUG aya_obj::relocation] relocating map by symbol index Some(107), kind Maps at insn 2737 in section 36
[DEBUG aya_obj::relocation] relocating map by symbol index Some(91), kind Maps at insn 611 in section 36
[DEBUG aya_obj::relocation] relocating map by symbol index Some(105), kind Maps at insn 2201 in section 36
[DEBUG aya_obj::relocation] relocating map by section index 50, kind Rodata at insn 2216 in section 36
[DEBUG aya_obj::relocation] relocating map by symbol index Some(105), kind Maps at insn 3047 in section 36
[DEBUG aya_obj::relocation] relocating map by symbol index Some(99), kind Maps at insn 27 in section 36
[DEBUG aya_obj::relocation] relocating map by section index 50, kind Rodata at insn 2689 in section 36
[DEBUG aya_obj::relocation] relocating map by section index 50, kind Rodata at insn 3066 in section 36
[DEBUG aya_obj::relocation] relocating map by symbol index Some(106), kind Maps at insn 3064 in section 36
[DEBUG aya_obj::relocation] relocating map by section index 50, kind Rodata at insn 351 in section 36
[DEBUG aya_obj::relocation] relocating map by symbol index Some(89), kind Maps at insn 1741 in section 36
[DEBUG aya_obj::relocation] relocating map by section index 50, kind Rodata at insn 50 in section 36
[DEBUG aya_obj::relocation] relocating map by symbol index Some(106), kind Maps at insn 328 in section 36
[DEBUG aya_obj::relocation] relocating map by symbol index Some(89), kind Maps at insn 2251 in section 36
[DEBUG aya_obj::relocation] relocating map by symbol index Some(105), kind Maps at insn 3041 in section 38
[DEBUG aya_obj::relocation] relocating map by section index 50, kind Rodata at insn 1718 in section 38
[DEBUG aya_obj::relocation] relocating map by symbol index Some(106), kind Maps at insn 328 in section 38
[DEBUG aya_obj::relocation] relocating map by symbol index Some(89), kind Maps at insn 2911 in section 38
[DEBUG aya_obj::relocation] relocating map by section index 50, kind Rodata at insn 174 in section 38
[DEBUG aya_obj::relocation] relocating map by symbol index Some(89), kind Maps at insn 1530 in section 38
[DEBUG aya_obj::relocation] relocating map by symbol index Some(89), kind Maps at insn 1735 in section 38
[DEBUG aya_obj::relocation] relocating map by symbol index Some(106), kind Maps at insn 2208 in section 38
[DEBUG aya_obj::relocation] relocating map by symbol index Some(106), kind Maps at insn 2217 in section 38
[DEBUG aya_obj::relocation] relocating map by symbol index Some(106), kind Maps at insn 2318 in section 38
[DEBUG aya_obj::relocation] relocating map by section index 50, kind Rodata at insn 475 in section 38
[DEBUG aya_obj::relocation] relocating map by symbol index Some(90), kind Maps at insn 37 in section 38
[DEBUG aya_obj::relocation] relocating map by symbol index Some(88), kind Maps at insn 6 in section 38
[DEBUG aya_obj::relocation] relocating map by symbol index Some(89), kind Maps at insn 2245 in section 38
[DEBUG aya_obj::relocation] relocating map by symbol index Some(106), kind Maps at insn 1173 in section 38
[DEBUG aya_obj::relocation] relocating map by section index 50, kind Rodata at insn 233 in section 38
[DEBUG aya_obj::relocation] relocating map by section index 50, kind Rodata at insn 2058 in section 38
[DEBUG aya_obj::relocation] relocating map by section index 50, kind Rodata at insn 50 in section 38
[DEBUG aya_obj::relocation] relocating map by symbol index Some(89), kind Maps at insn 2744 in section 38
[DEBUG aya_obj::relocation] relocating map by symbol index Some(105), kind Maps at insn 2290 in section 38
[DEBUG aya_obj::relocation] relocating map by symbol index Some(106), kind Maps at insn 3058 in section 38
[DEBUG aya_obj::relocation] relocating map by symbol index Some(89), kind Maps at insn 2708 in section 38
[DEBUG aya_obj::relocation] relocating map by section index 50, kind Rodata at insn 1653 in section 38
[DEBUG aya_obj::relocation] relocating map by symbol index Some(105), kind Maps at insn 2669 in section 38
[DEBUG aya_obj::relocation] relocating map by symbol index Some(91), kind Maps at insn 276 in section 38
[DEBUG aya_obj::relocation] relocating map by symbol index Some(89), kind Maps at insn 1998 in section 38
[DEBUG aya_obj::relocation] relocating map by symbol index Some(106), kind Maps at insn 2307 in section 38
[DEBUG aya_obj::relocation] relocating map by symbol index Some(91), kind Maps at insn 605 in section 38
[DEBUG aya_obj::relocation] relocating map by symbol index Some(99), kind Maps at insn 2725 in section 38
[DEBUG aya_obj::relocation] relocating map by symbol index Some(106), kind Maps at insn 318 in section 38
[DEBUG aya_obj::relocation] relocating map by section index 50, kind Rodata at insn 1175 in section 38
[DEBUG aya_obj::relocation] relocating map by symbol index Some(89), kind Maps at insn 2594 in section 38
[DEBUG aya_obj::relocation] relocating map by section index 50, kind Rodata at insn 320 in section 38
[DEBUG aya_obj::relocation] relocating map by symbol index Some(90), kind Maps at insn 338 in section 38
[DEBUG aya_obj::relocation] relocating map by symbol index Some(107), kind Maps at insn 2731 in section 38
[DEBUG aya_obj::relocation] relocating map by symbol index Some(106), kind Maps at insn 2691 in section 38
[DEBUG aya_obj::relocation] relocating map by symbol index Some(89), kind Maps at insn 2020 in section 38
[DEBUG aya_obj::relocation] relocating map by section index 50, kind Rodata at insn 1562 in section 38
[DEBUG aya_obj::relocation] relocating map by section index 50, kind Rodata at insn 351 in section 38
[DEBUG aya_obj::relocation] relocating map by symbol index Some(89), kind Maps at insn 2230 in section 38
[DEBUG aya_obj::relocation] relocating map by symbol index Some(89), kind Maps at insn 2753 in section 38
[DEBUG aya_obj::relocation] relocating map by symbol index Some(89), kind Maps at insn 3020 in section 38
[DEBUG aya_obj::relocation] relocating map by symbol index Some(89), kind Maps at insn 3306 in section 38
[DEBUG aya_obj::relocation] relocating map by symbol index Some(99), kind Maps at insn 287 in section 38
[DEBUG aya_obj::relocation] relocating map by symbol index Some(89), kind Maps at insn 2658 in section 38
[DEBUG aya_obj::relocation] relocating map by section index 50, kind Rodata at insn 3060 in section 38
[DEBUG aya_obj::relocation] relocating map by symbol index Some(105), kind Maps at insn 297 in section 38
[DEBUG aya_obj::relocation] relocating map by symbol index Some(89), kind Maps at insn 2266 in section 38
[DEBUG aya_obj::relocation] relocating map by symbol index Some(89), kind Maps at insn 2898 in section 38
[DEBUG aya_obj::relocation] relocating map by symbol index Some(106), kind Maps at insn 3069 in section 38
[DEBUG aya_obj::relocation] relocating map by section index 50, kind Rodata at insn 2309 in section 38
[DEBUG aya_obj::relocation] relocating map by symbol index Some(105), kind Maps at insn 306 in section 38
[DEBUG aya_obj::relocation] relocating map by symbol index Some(105), kind Maps at insn 1161 in section 38
[DEBUG aya_obj::relocation] relocating map by section index 50, kind Rodata at insn 2683 in section 38
[DEBUG aya_obj::relocation] relocating map by symbol index Some(99), kind Maps at insn 27 in section 38
[DEBUG aya_obj::relocation] relocating map by symbol index Some(89), kind Maps at insn 1913 in section 38
[DEBUG aya_obj::relocation] relocating map by symbol index Some(106), kind Maps at insn 1183 in section 38
[DEBUG aya_obj::relocation] relocating map by symbol index Some(105), kind Maps at insn 2195 in section 38
[DEBUG aya_obj::relocation] relocating map by section index 50, kind Rodata at insn 2210 in section 38
[DEBUG aya_obj::relocation] relocating map by symbol index Some(106), kind Maps at insn 2681 in section 38
[DEBUG aya_obj::relocation] relocating map by symbol index Some(89), kind Maps at insn 2744 in section 40
[DEBUG aya_obj::relocation] relocating map by symbol index Some(106), kind Maps at insn 3060 in section 40
[DEBUG aya_obj::relocation] relocating map by section index 50, kind Rodata at insn 1163 in section 40
[DEBUG aya_obj::relocation] relocating map by symbol index Some(89), kind Maps at insn 3011 in section 40
[DEBUG aya_obj::relocation] relocating map by symbol index Some(106), kind Maps at insn 1161 in section 40
[DEBUG aya_obj::relocation] relocating map by section index 50, kind Rodata at insn 2300 in section 40
[DEBUG aya_obj::relocation] relocating map by symbol index Some(106), kind Maps at insn 2672 in section 40
[DEBUG aya_obj::relocation] relocating map by symbol index Some(99), kind Maps at insn 287 in section 40
[DEBUG aya_obj::relocation] relocating map by symbol index Some(105), kind Maps at insn 2281 in section 40
[DEBUG aya_obj::relocation] relocating map by symbol index Some(89), kind Maps at insn 2221 in section 40
[DEBUG aya_obj::relocation] relocating map by section index 50, kind Rodata at insn 50 in section 40
[DEBUG aya_obj::relocation] relocating map by symbol index Some(89), kind Maps at insn 1726 in section 40
[DEBUG aya_obj::relocation] relocating map by section index 50, kind Rodata at insn 320 in section 40
[DEBUG aya_obj::relocation] relocating map by section index 50, kind Rodata at insn 1709 in section 40
[DEBUG aya_obj::relocation] relocating map by symbol index Some(91), kind Maps at insn 276 in section 40
[DEBUG aya_obj::relocation] relocating map by section index 50, kind Rodata at insn 2201 in section 40
[DEBUG aya_obj::relocation] relocating map by symbol index Some(89), kind Maps at insn 2585 in section 40
[DEBUG aya_obj::relocation] relocating map by symbol index Some(89), kind Maps at insn 2889 in section 40
[DEBUG aya_obj::relocation] relocating map by symbol index Some(105), kind Maps at insn 297 in section 40
[DEBUG aya_obj::relocation] relocating map by symbol index Some(105), kind Maps at insn 2660 in section 40
[DEBUG aya_obj::relocation] relocating map by symbol index Some(89), kind Maps at insn 2699 in section 40
[DEBUG aya_obj::relocation] relocating map by section index 50, kind Rodata at insn 1553 in section 40
[DEBUG aya_obj::relocation] relocating map by symbol index Some(91), kind Maps at insn 598 in section 40
[DEBUG aya_obj::relocation] relocating map by symbol index Some(89), kind Maps at insn 1521 in section 40
[DEBUG aya_obj::relocation] relocating map by section index 50, kind Rodata at insn 351 in section 40
[DEBUG aya_obj::relocation] relocating map by section index 50, kind Rodata at insn 2049 in section 40
[DEBUG aya_obj::relocation] relocating map by symbol index Some(106), kind Maps at insn 2682 in section 40
[DEBUG aya_obj::relocation] relocating map by symbol index Some(99), kind Maps at insn 2716 in section 40
[DEBUG aya_obj::relocation] relocating map by symbol index Some(89), kind Maps at insn 1989 in section 40
[DEBUG aya_obj::relocation] relocating map by section index 50, kind Rodata at insn 3051 in section 40
[DEBUG aya_obj::relocation] relocating map by symbol index Some(107), kind Maps at insn 2722 in section 40
[DEBUG aya_obj::relocation] relocating map by symbol index Some(89), kind Maps at insn 2735 in section 40
[DEBUG aya_obj::relocation] relocating map by symbol index Some(89), kind Maps at insn 1904 in section 40
[DEBUG aya_obj::relocation] relocating map by symbol index Some(88), kind Maps at insn 6 in section 40
[DEBUG aya_obj::relocation] relocating map by symbol index Some(90), kind Maps at insn 37 in section 40
[DEBUG aya_obj::relocation] relocating map by symbol index Some(106), kind Maps at insn 1171 in section 40
[DEBUG aya_obj::relocation] relocating map by symbol index Some(89), kind Maps at insn 2011 in section 40
[DEBUG aya_obj::relocation] relocating map by symbol index Some(106), kind Maps at insn 2199 in section 40
[DEBUG aya_obj::relocation] relocating map by symbol index Some(106), kind Maps at insn 2309 in section 40
[DEBUG aya_obj::relocation] relocating map by symbol index Some(89), kind Maps at insn 2649 in section 40
[DEBUG aya_obj::relocation] relocating map by section index 50, kind Rodata at insn 174 in section 40
[DEBUG aya_obj::relocation] relocating map by section index 50, kind Rodata at insn 233 in section 40
[DEBUG aya_obj::relocation] relocating map by symbol index Some(106), kind Maps at insn 2298 in section 40
[DEBUG aya_obj::relocation] relocating map by section index 50, kind Rodata at insn 471 in section 40
[DEBUG aya_obj::relocation] relocating map by symbol index Some(89), kind Maps at insn 2902 in section 40
[DEBUG aya_obj::relocation] relocating map by symbol index Some(105), kind Maps at insn 306 in section 40
[DEBUG aya_obj::relocation] relocating map by symbol index Some(106), kind Maps at insn 318 in section 40
[DEBUG aya_obj::relocation] relocating map by symbol index Some(106), kind Maps at insn 328 in section 40
[DEBUG aya_obj::relocation] relocating map by symbol index Some(105), kind Maps at insn 1149 in section 40
[DEBUG aya_obj::relocation] relocating map by symbol index Some(89), kind Maps at insn 2236 in section 40
[DEBUG aya_obj::relocation] relocating map by symbol index Some(90), kind Maps at insn 338 in section 40
[DEBUG aya_obj::relocation] relocating map by symbol index Some(105), kind Maps at insn 3032 in section 40
[DEBUG aya_obj::relocation] relocating map by symbol index Some(99), kind Maps at insn 27 in section 40
[DEBUG aya_obj::relocation] relocating map by symbol index Some(105), kind Maps at insn 2186 in section 40
[DEBUG aya_obj::relocation] relocating map by section index 50, kind Rodata at insn 1644 in section 40
[DEBUG aya_obj::relocation] relocating map by symbol index Some(89), kind Maps at insn 2257 in section 40
[DEBUG aya_obj::relocation] relocating map by symbol index Some(106), kind Maps at insn 3049 in section 40
[DEBUG aya_obj::relocation] relocating map by symbol index Some(89), kind Maps at insn 3297 in section 40
[DEBUG aya_obj::relocation] relocating map by symbol index Some(106), kind Maps at insn 2208 in section 40
[DEBUG aya_obj::relocation] relocating map by section index 50, kind Rodata at insn 2674 in section 40
[DEBUG aya_obj::relocation] relocating map by section index 50, kind Rodata at insn 207 in section 42
[DEBUG aya_obj::relocation] relocating map by symbol index Some(89), kind Maps at insn 347 in section 42
[DEBUG aya_obj::relocation] relocating map by symbol index Some(91), kind Maps at insn 334 in section 42
[DEBUG aya_obj::relocation] relocating map by symbol index Some(105), kind Maps at insn 42 in section 42
[DEBUG aya_obj::relocation] relocating map by symbol index Some(106), kind Maps at insn 65 in section 42
[DEBUG aya_obj::relocation] relocating map by section index 50, kind Rodata at insn 56 in section 42
[DEBUG aya_obj::relocation] relocating map by symbol index Some(106), kind Maps at insn 54 in section 42
[DEBUG aya_obj::relocation] relocating map by section index 50, kind Rodata at insn 87 in section 42
[DEBUG aya_obj::relocation] relocating map by symbol index Some(105), kind Maps at insn 32 in section 42
[DEBUG aya_obj::relocation] relocating map by symbol index Some(90), kind Maps at insn 74 in section 42
[DEBUG aya_obj::relocation] relocating map by symbol index Some(88), kind Maps at insn 16 in section 42
[DEBUG aya_obj::relocation] relocating map by symbol index Some(89), kind Maps at insn 2886 in section 44
[DEBUG aya_obj::relocation] relocating map by symbol index Some(89), kind Maps at insn 2646 in section 44
[DEBUG aya_obj::relocation] relocating map by section index 50, kind Rodata at insn 1550 in section 44
[DEBUG aya_obj::relocation] relocating map by symbol index Some(89), kind Maps at insn 2899 in section 44
[DEBUG aya_obj::relocation] relocating map by symbol index Some(105), kind Maps at insn 3029 in section 44
[DEBUG aya_obj::relocation] relocating map by section index 50, kind Rodata at insn 320 in section 44
[DEBUG aya_obj::relocation] relocating map by symbol index Some(106), kind Maps at insn 1161 in section 44
[DEBUG aya_obj::relocation] relocating map by symbol index Some(106), kind Maps at insn 2679 in section 44
[DEBUG aya_obj::relocation] relocating map by symbol index Some(88), kind Maps at insn 6 in section 44
[DEBUG aya_obj::relocation] relocating map by symbol index Some(106), kind Maps at insn 3046 in section 44
[DEBUG aya_obj::relocation] relocating map by section index 50, kind Rodata at insn 50 in section 44
[DEBUG aya_obj::relocation] relocating map by symbol index Some(106), kind Maps at insn 1171 in section 44
[DEBUG aya_obj::relocation] relocating map by symbol index Some(91), kind Maps at insn 276 in section 44
[DEBUG aya_obj::relocation] relocating map by symbol index Some(89), kind Maps at insn 1723 in section 44
[DEBUG aya_obj::relocation] relocating map by symbol index Some(89), kind Maps at insn 2233 in section 44
[DEBUG aya_obj::relocation] relocating map by symbol index Some(99), kind Maps at insn 27 in section 44
[DEBUG aya_obj::relocation] relocating map by section index 50, kind Rodata at insn 1163 in section 44
[DEBUG aya_obj::relocation] relocating map by symbol index Some(106), kind Maps at insn 2196 in section 44
[DEBUG aya_obj::relocation] relocating map by symbol index Some(89), kind Maps at insn 2732 in section 44
[DEBUG aya_obj::relocation] relocating map by section index 50, kind Rodata at insn 233 in section 44
[DEBUG aya_obj::relocation] relocating map by symbol index Some(105), kind Maps at insn 2657 in section 44
[DEBUG aya_obj::relocation] relocating map by symbol index Some(106), kind Maps at insn 2669 in section 44
[DEBUG aya_obj::relocation] relocating map by section index 50, kind Rodata at insn 2671 in section 44
[DEBUG aya_obj::relocation] relocating map by symbol index Some(89), kind Maps at insn 3008 in section 44
[DEBUG aya_obj::relocation] relocating map by section index 50, kind Rodata at insn 2198 in section 44
[DEBUG aya_obj::relocation] relocating map by symbol index Some(105), kind Maps at insn 2278 in section 44
[DEBUG aya_obj::relocation] relocating map by symbol index Some(107), kind Maps at insn 2719 in section 44
[DEBUG aya_obj::relocation] relocating map by symbol index Some(105), kind Maps at insn 297 in section 44
[DEBUG aya_obj::relocation] relocating map by section index 50, kind Rodata at insn 1641 in section 44
[DEBUG aya_obj::relocation] relocating map by section index 50, kind Rodata at insn 174 in section 44
[DEBUG aya_obj::relocation] relocating map by symbol index Some(90), kind Maps at insn 37 in section 44
[DEBUG aya_obj::relocation] relocating map by symbol index Some(106), kind Maps at insn 328 in section 44
[DEBUG aya_obj::relocation] relocating map by symbol index Some(89), kind Maps at insn 1518 in section 44
[DEBUG aya_obj::relocation] relocating map by symbol index Some(89), kind Maps at insn 2218 in section 44
[DEBUG aya_obj::relocation] relocating map by symbol index Some(89), kind Maps at insn 2254 in section 44
[DEBUG aya_obj::relocation] relocating map by section index 50, kind Rodata at insn 3048 in section 44
[DEBUG aya_obj::relocation] relocating map by section index 50, kind Rodata at insn 467 in section 44
[DEBUG aya_obj::relocation] relocating map by symbol index Some(89), kind Maps at insn 2741 in section 44
[DEBUG aya_obj::relocation] relocating map by section index 50, kind Rodata at insn 2297 in section 44
[DEBUG aya_obj::relocation] relocating map by symbol index Some(89), kind Maps at insn 2582 in section 44
[DEBUG aya_obj::relocation] relocating map by symbol index Some(106), kind Maps at insn 2295 in section 44
[DEBUG aya_obj::relocation] relocating map by symbol index Some(89), kind Maps at insn 1901 in section 44
[DEBUG aya_obj::relocation] relocating map by symbol index Some(89), kind Maps at insn 1986 in section 44
[DEBUG aya_obj::relocation] relocating map by symbol index Some(91), kind Maps at insn 593 in section 44
[DEBUG aya_obj::relocation] relocating map by symbol index Some(106), kind Maps at insn 3057 in section 44
[DEBUG aya_obj::relocation] relocating map by symbol index Some(99), kind Maps at insn 287 in section 44
[DEBUG aya_obj::relocation] relocating map by symbol index Some(99), kind Maps at insn 2713 in section 44
[DEBUG aya_obj::relocation] relocating map by symbol index Some(106), kind Maps at insn 318 in section 44
[DEBUG aya_obj::relocation] relocating map by symbol index Some(105), kind Maps at insn 1149 in section 44
[DEBUG aya_obj::relocation] relocating map by symbol index Some(89), kind Maps at insn 3294 in section 44
[DEBUG aya_obj::relocation] relocating map by section index 50, kind Rodata at insn 2046 in section 44
[DEBUG aya_obj::relocation] relocating map by symbol index Some(90), kind Maps at insn 338 in section 44
[DEBUG aya_obj::relocation] relocating map by section index 50, kind Rodata at insn 351 in section 44
[DEBUG aya_obj::relocation] relocating map by symbol index Some(105), kind Maps at insn 306 in section 44
[DEBUG aya_obj::relocation] relocating map by section index 50, kind Rodata at insn 1706 in section 44
[DEBUG aya_obj::relocation] relocating map by symbol index Some(105), kind Maps at insn 2183 in section 44
[DEBUG aya_obj::relocation] relocating map by symbol index Some(106), kind Maps at insn 2205 in section 44
[DEBUG aya_obj::relocation] relocating map by symbol index Some(89), kind Maps at insn 2696 in section 44
[DEBUG aya_obj::relocation] relocating map by symbol index Some(89), kind Maps at insn 2008 in section 44
[DEBUG aya_obj::relocation] relocating map by symbol index Some(106), kind Maps at insn 2306 in section 44
[DEBUG aya_obj::relocation] relocating map by symbol index Some(106), kind Maps at insn 2199 in section 46
[DEBUG aya_obj::relocation] relocating map by symbol index Some(89), kind Maps at insn 2221 in section 46
[DEBUG aya_obj::relocation] relocating map by section index 50, kind Rodata at insn 3051 in section 46
[DEBUG aya_obj::relocation] relocating map by section index 50, kind Rodata at insn 233 in section 46
[DEBUG aya_obj::relocation] relocating map by symbol index Some(91), kind Maps at insn 276 in section 46
[DEBUG aya_obj::relocation] relocating map by section index 50, kind Rodata at insn 1163 in section 46
[DEBUG aya_obj::relocation] relocating map by symbol index Some(107), kind Maps at insn 2722 in section 46
[DEBUG aya_obj::relocation] relocating map by symbol index Some(89), kind Maps at insn 2011 in section 46
[DEBUG aya_obj::relocation] relocating map by section index 50, kind Rodata at insn 2201 in section 46
[DEBUG aya_obj::relocation] relocating map by section index 50, kind Rodata at insn 471 in section 46
[DEBUG aya_obj::relocation] relocating map by symbol index Some(89), kind Maps at insn 2649 in section 46
[DEBUG aya_obj::relocation] relocating map by section index 50, kind Rodata at insn 174 in section 46
[DEBUG aya_obj::relocation] relocating map by symbol index Some(105), kind Maps at insn 2281 in section 46
[DEBUG aya_obj::relocation] relocating map by symbol index Some(89), kind Maps at insn 2744 in section 46
[DEBUG aya_obj::relocation] relocating map by symbol index Some(89), kind Maps at insn 2236 in section 46
[DEBUG aya_obj::relocation] relocating map by symbol index Some(99), kind Maps at insn 287 in section 46
[DEBUG aya_obj::relocation] relocating map by symbol index Some(99), kind Maps at insn 27 in section 46
[DEBUG aya_obj::relocation] relocating map by symbol index Some(106), kind Maps at insn 1171 in section 46
[DEBUG aya_obj::relocation] relocating map by symbol index Some(106), kind Maps at insn 2298 in section 46
[DEBUG aya_obj::relocation] relocating map by section index 50, kind Rodata at insn 2674 in section 46
[DEBUG aya_obj::relocation] relocating map by symbol index Some(106), kind Maps at insn 2309 in section 46
[DEBUG aya_obj::relocation] relocating map by symbol index Some(106), kind Maps at insn 3049 in section 46
[DEBUG aya_obj::relocation] relocating map by section index 50, kind Rodata at insn 50 in section 46
[DEBUG aya_obj::relocation] relocating map by symbol index Some(88), kind Maps at insn 6 in section 46
[DEBUG aya_obj::relocation] relocating map by symbol index Some(90), kind Maps at insn 37 in section 46
[DEBUG aya_obj::relocation] relocating map by section index 50, kind Rodata at insn 2300 in section 46
[DEBUG aya_obj::relocation] relocating map by symbol index Some(89), kind Maps at insn 1521 in section 46
[DEBUG aya_obj::relocation] relocating map by symbol index Some(106), kind Maps at insn 318 in section 46
[DEBUG aya_obj::relocation] relocating map by symbol index Some(106), kind Maps at insn 328 in section 46
[DEBUG aya_obj::relocation] relocating map by symbol index Some(90), kind Maps at insn 338 in section 46
[DEBUG aya_obj::relocation] relocating map by symbol index Some(89), kind Maps at insn 1989 in section 46
[DEBUG aya_obj::relocation] relocating map by symbol index Some(105), kind Maps at insn 2186 in section 46
[DEBUG aya_obj::relocation] relocating map by symbol index Some(89), kind Maps at insn 2585 in section 46
[DEBUG aya_obj::relocation] relocating map by symbol index Some(105), kind Maps at insn 2660 in section 46
[DEBUG aya_obj::relocation] relocating map by symbol index Some(91), kind Maps at insn 598 in section 46
[DEBUG aya_obj::relocation] relocating map by symbol index Some(99), kind Maps at insn 2716 in section 46
[DEBUG aya_obj::relocation] relocating map by symbol index Some(89), kind Maps at insn 3011 in section 46
[DEBUG aya_obj::relocation] relocating map by symbol index Some(105), kind Maps at insn 3032 in section 46
[DEBUG aya_obj::relocation] relocating map by symbol index Some(106), kind Maps at insn 1161 in section 46
[DEBUG aya_obj::relocation] relocating map by symbol index Some(89), kind Maps at insn 3297 in section 46
[DEBUG aya_obj::relocation] relocating map by symbol index Some(89), kind Maps at insn 1726 in section 46
[DEBUG aya_obj::relocation] relocating map by symbol index Some(89), kind Maps at insn 2889 in section 46
[DEBUG aya_obj::relocation] relocating map by section index 50, kind Rodata at insn 351 in section 46
[DEBUG aya_obj::relocation] relocating map by section index 50, kind Rodata at insn 1709 in section 46
[DEBUG aya_obj::relocation] relocating map by section index 50, kind Rodata at insn 2049 in section 46
[DEBUG aya_obj::relocation] relocating map by symbol index Some(105), kind Maps at insn 1149 in section 46
[DEBUG aya_obj::relocation] relocating map by symbol index Some(106), kind Maps at insn 2208 in section 46
[DEBUG aya_obj::relocation] relocating map by symbol index Some(89), kind Maps at insn 2699 in section 46
[DEBUG aya_obj::relocation] relocating map by symbol index Some(106), kind Maps at insn 2672 in section 46
[DEBUG aya_obj::relocation] relocating map by section index 50, kind Rodata at insn 320 in section 46
[DEBUG aya_obj::relocation] relocating map by section index 50, kind Rodata at insn 1553 in section 46
[DEBUG aya_obj::relocation] relocating map by symbol index Some(106), kind Maps at insn 2682 in section 46
[DEBUG aya_obj::relocation] relocating map by symbol index Some(89), kind Maps at insn 2902 in section 46
[DEBUG aya_obj::relocation] relocating map by symbol index Some(106), kind Maps at insn 3060 in section 46
[DEBUG aya_obj::relocation] relocating map by section index 50, kind Rodata at insn 1644 in section 46
[DEBUG aya_obj::relocation] relocating map by symbol index Some(89), kind Maps at insn 2735 in section 46
[DEBUG aya_obj::relocation] relocating map by symbol index Some(89), kind Maps at insn 1904 in section 46
[DEBUG aya_obj::relocation] relocating map by symbol index Some(105), kind Maps at insn 297 in section 46
[DEBUG aya_obj::relocation] relocating map by symbol index Some(89), kind Maps at insn 2257 in section 46
[DEBUG aya_obj::relocation] relocating map by symbol index Some(105), kind Maps at insn 306 in section 46
[DEBUG aya_obj::relocation] relocating program `sys_exit_readv` function `sys_exit_readv` size 3494
[DEBUG aya_obj::relocation] relocating call to callee address 0x160 in section 2 (relocation) at instruction 265
[DEBUG aya_obj::relocation] callee is `_ZN74_$LT$aya_log_common..DisplayHint$u20$as$u20$aya_log_common..WriteToBuf$GT$5write17he7e9229fba75df25E`
[DEBUG aya_obj::relocation] linked function `_ZN74_$LT$aya_log_common..DisplayHint$u20$as$u20$aya_log_common..WriteToBuf$GT$5write17he7e9229fba75df25E` at instruction 3494
[DEBUG aya_obj::relocation] relocating program `sys_exit_readv` function `_ZN74_$LT$aya_log_common..DisplayHint$u20$as$u20$aya_log_common..WriteToBuf$GT$5write17he7e9229fba75df25E` size 12
[DEBUG aya_obj::relocation] finished relocating program `sys_exit_readv` function `_ZN74_$LT$aya_log_common..DisplayHint$u20$as$u20$aya_log_common..WriteToBuf$GT$5write17he7e9229fba75df25E`
[DEBUG aya_obj::relocation] callee `_ZN74_$LT$aya_log_common..DisplayHint$u20$as$u20$aya_log_common..WriteToBuf$GT$5write17he7e9229fba75df25E` is at ins 3494, 3228 from current instruction 265
[DEBUG aya_obj::relocation] relocating call to callee address 0x240 in section 2 (relocation) at instruction 273
[DEBUG aya_obj::relocation] callee is `_ZN50_$LT$i64$u20$as$u20$aya_log_common..WriteToBuf$GT$5write17hf8316b625aae9decE`
[DEBUG aya_obj::relocation] linked function `_ZN50_$LT$i64$u20$as$u20$aya_log_common..WriteToBuf$GT$5write17hf8316b625aae9decE` at instruction 3506
[DEBUG aya_obj::relocation] relocating program `sys_exit_readv` function `_ZN50_$LT$i64$u20$as$u20$aya_log_common..WriteToBuf$GT$5write17hf8316b625aae9decE` size 28
[DEBUG aya_obj::relocation] finished relocating program `sys_exit_readv` function `_ZN50_$LT$i64$u20$as$u20$aya_log_common..WriteToBuf$GT$5write17hf8316b625aae9decE`
[DEBUG aya_obj::relocation] callee `_ZN50_$LT$i64$u20$as$u20$aya_log_common..WriteToBuf$GT$5write17hf8316b625aae9decE` is at ins 3506, 3232 from current instruction 273
[DEBUG aya_obj::relocation] relocating call to callee address 0x160 in section 2 (relocation) at instruction 539
[DEBUG aya_obj::relocation] callee is `_ZN74_$LT$aya_log_common..DisplayHint$u20$as$u20$aya_log_common..WriteToBuf$GT$5write17he7e9229fba75df25E`
[DEBUG aya_obj::relocation] callee `_ZN74_$LT$aya_log_common..DisplayHint$u20$as$u20$aya_log_common..WriteToBuf$GT$5write17he7e9229fba75df25E` is at ins 3494, 2954 from current instruction 539
[DEBUG aya_obj::relocation] relocating call to callee address 0x1c0 in section 2 (relocation) at instruction 549
[DEBUG aya_obj::relocation] callee is `_ZN50_$LT$u16$u20$as$u20$aya_log_common..WriteToBuf$GT$5write17h095758840b5785beE`
[DEBUG aya_obj::relocation] linked function `_ZN50_$LT$u16$u20$as$u20$aya_log_common..WriteToBuf$GT$5write17h095758840b5785beE` at instruction 3534
[DEBUG aya_obj::relocation] relocating program `sys_exit_readv` function `_ZN50_$LT$u16$u20$as$u20$aya_log_common..WriteToBuf$GT$5write17h095758840b5785beE` size 16
[DEBUG aya_obj::relocation] finished relocating program `sys_exit_readv` function `_ZN50_$LT$u16$u20$as$u20$aya_log_common..WriteToBuf$GT$5write17h095758840b5785beE`
[DEBUG aya_obj::relocation] callee `_ZN50_$LT$u16$u20$as$u20$aya_log_common..WriteToBuf$GT$5write17h095758840b5785beE` is at ins 3534, 2984 from current instruction 549
[DEBUG aya_obj::relocation] relocating call to callee address 0x160 in section 2 (relocation) at instruction 569
[DEBUG aya_obj::relocation] callee is `_ZN74_$LT$aya_log_common..DisplayHint$u20$as$u20$aya_log_common..WriteToBuf$GT$5write17he7e9229fba75df25E`
[DEBUG aya_obj::relocation] callee `_ZN74_$LT$aya_log_common..DisplayHint$u20$as$u20$aya_log_common..WriteToBuf$GT$5write17he7e9229fba75df25E` is at ins 3494, 2924 from current instruction 569
[DEBUG aya_obj::relocation] relocating call to callee address 0x1c0 in section 2 (relocation) at instruction 578
[DEBUG aya_obj::relocation] callee is `_ZN50_$LT$u16$u20$as$u20$aya_log_common..WriteToBuf$GT$5write17h095758840b5785beE`
[DEBUG aya_obj::relocation] callee `_ZN50_$LT$u16$u20$as$u20$aya_log_common..WriteToBuf$GT$5write17h095758840b5785beE` is at ins 3534, 2955 from current instruction 578
[DEBUG aya_obj::relocation] relocating call to callee address 0x120 in section 2 (relocation) at instruction 1059
[DEBUG aya_obj::relocation] callee is `memset`
[DEBUG aya_obj::relocation] linked function `memset` at instruction 3550
[DEBUG aya_obj::relocation] relocating program `sys_exit_readv` function `memset` size 8
[DEBUG aya_obj::relocation] finished relocating program `sys_exit_readv` function `memset`
[DEBUG aya_obj::relocation] callee `memset` is at ins 3550, 2490 from current instruction 1059
[DEBUG aya_obj::relocation] relocating call to callee address 0x120 in section 2 (relocation) at instruction 1355
[DEBUG aya_obj::relocation] callee is `memset`
[DEBUG aya_obj::relocation] callee `memset` is at ins 3550, 2194 from current instruction 1355
[DEBUG aya_obj::relocation] relocating call to callee address 0x7f0 in section 2 (relocation) at instruction 2013
[DEBUG aya_obj::relocation] callee is `_ZN9l7_parser7mongodb5parse7mongodb17h0ce161e5e49c53a0E`
[DEBUG aya_obj::relocation] linked function `_ZN9l7_parser7mongodb5parse7mongodb17h0ce161e5e49c53a0E` at instruction 3558
[DEBUG aya_obj::relocation] relocating program `sys_exit_readv` function `_ZN9l7_parser7mongodb5parse7mongodb17h0ce161e5e49c53a0E` size 129
[DEBUG aya_obj::relocation] finished relocating program `sys_exit_readv` function `_ZN9l7_parser7mongodb5parse7mongodb17h0ce161e5e49c53a0E`
[DEBUG aya_obj::relocation] callee `_ZN9l7_parser7mongodb5parse7mongodb17h0ce161e5e49c53a0E` is at ins 3558, 1544 from current instruction 2013
[DEBUG aya_obj::relocation] relocating call to callee address 0x320 in section 2 (relocation) at instruction 2102
[DEBUG aya_obj::relocation] callee is `_ZN9l7_parser5http15parse5http117h5db1e8a2e970840bE`
[DEBUG aya_obj::relocation] linked function `_ZN9l7_parser5http15parse5http117h5db1e8a2e970840bE` at instruction 3687
[DEBUG aya_obj::relocation] relocating program `sys_exit_readv` function `_ZN9l7_parser5http15parse5http117h5db1e8a2e970840bE` size 154
[DEBUG aya_obj::relocation] finished relocating program `sys_exit_readv` function `_ZN9l7_parser5http15parse5http117h5db1e8a2e970840bE`
[DEBUG aya_obj::relocation] callee `_ZN9l7_parser5http15parse5http117h5db1e8a2e970840bE` is at ins 3687, 1584 from current instruction 2102
[DEBUG aya_obj::relocation] relocating call to callee address 0x0 in section 2 (relocation) at instruction 2522
[DEBUG aya_obj::relocation] callee is `memcpy`
[DEBUG aya_obj::relocation] linked function `memcpy` at instruction 3841
[DEBUG aya_obj::relocation] relocating program `sys_exit_readv` function `memcpy` size 11
[DEBUG aya_obj::relocation] finished relocating program `sys_exit_readv` function `memcpy`
[DEBUG aya_obj::relocation] callee `memcpy` is at ins 3841, 1318 from current instruction 2522
[DEBUG aya_obj::relocation] relocating call to callee address 0x0 in section 2 (relocation) at instruction 2555
[DEBUG aya_obj::relocation] callee is `memcpy`
[DEBUG aya_obj::relocation] callee `memcpy` is at ins 3841, 1285 from current instruction 2555
[DEBUG aya_obj::relocation] relocating call to callee address 0x7f0 in section 2 (relocation) at instruction 2568
[DEBUG aya_obj::relocation] callee is `_ZN9l7_parser7mongodb5parse7mongodb17h0ce161e5e49c53a0E`
[DEBUG aya_obj::relocation] callee `_ZN9l7_parser7mongodb5parse7mongodb17h0ce161e5e49c53a0E` is at ins 3558, 989 from current instruction 2568
[DEBUG aya_obj::relocation] relocating call to callee address 0x0 in section 2 (relocation) at instruction 2635
[DEBUG aya_obj::relocation] callee is `memcpy`
[DEBUG aya_obj::relocation] callee `memcpy` is at ins 3841, 1205 from current instruction 2635
[DEBUG aya_obj::relocation] relocating call to callee address 0x0 in section 2 (relocation) at instruction 2668
[DEBUG aya_obj::relocation] callee is `memcpy`
[DEBUG aya_obj::relocation] callee `memcpy` is at ins 3841, 1172 from current instruction 2668
[DEBUG aya_obj::relocation] relocating call to callee address 0x320 in section 2 (relocation) at instruction 2678
[DEBUG aya_obj::relocation] callee is `_ZN9l7_parser5http15parse5http117h5db1e8a2e970840bE`
[DEBUG aya_obj::relocation] callee `_ZN9l7_parser5http15parse5http117h5db1e8a2e970840bE` is at ins 3687, 1008 from current instruction 2678
[DEBUG aya_obj::relocation] relocating call to callee address 0x120 in section 2 (relocation) at instruction 2878
[DEBUG aya_obj::relocation] callee is `memset`
[DEBUG aya_obj::relocation] callee `memset` is at ins 3550, 671 from current instruction 2878
[DEBUG aya_obj::relocation] relocating call to callee address 0x0 in section 2 (relocation) at instruction 2976
[DEBUG aya_obj::relocation] callee is `memcpy`
[DEBUG aya_obj::relocation] callee `memcpy` is at ins 3841, 864 from current instruction 2976
[DEBUG aya_obj::relocation] relocating call to callee address 0x0 in section 2 (relocation) at instruction 3010
[DEBUG aya_obj::relocation] callee is `memcpy`
[DEBUG aya_obj::relocation] callee `memcpy` is at ins 3841, 830 from current instruction 3010
[DEBUG aya_obj::relocation] relocating call to callee address 0x120 in section 2 (relocation) at instruction 3108
[DEBUG aya_obj::relocation] callee is `memset`
[DEBUG aya_obj::relocation] callee `memset` is at ins 3550, 441 from current instruction 3108
[DEBUG aya_obj::relocation] finished relocating program `sys_exit_readv` function `sys_exit_readv`
[DEBUG aya_obj::relocation] relocating program `sys_enter_sendmsg` function `sys_enter_sendmsg` size 474
[DEBUG aya_obj::relocation] relocating call to callee address 0x160 in section 2 (relocation) at instruction 413
[DEBUG aya_obj::relocation] callee is `_ZN74_$LT$aya_log_common..DisplayHint$u20$as$u20$aya_log_common..WriteToBuf$GT$5write17he7e9229fba75df25E`
[DEBUG aya_obj::relocation] linked function `_ZN74_$LT$aya_log_common..DisplayHint$u20$as$u20$aya_log_common..WriteToBuf$GT$5write17he7e9229fba75df25E` at instruction 474
[DEBUG aya_obj::relocation] relocating program `sys_enter_sendmsg` function `_ZN74_$LT$aya_log_common..DisplayHint$u20$as$u20$aya_log_common..WriteToBuf$GT$5write17he7e9229fba75df25E` size 12
[DEBUG aya_obj::relocation] finished relocating program `sys_enter_sendmsg` function `_ZN74_$LT$aya_log_common..DisplayHint$u20$as$u20$aya_log_common..WriteToBuf$GT$5write17he7e9229fba75df25E`
[DEBUG aya_obj::relocation] callee `_ZN74_$LT$aya_log_common..DisplayHint$u20$as$u20$aya_log_common..WriteToBuf$GT$5write17he7e9229fba75df25E` is at ins 474, 60 from current instruction 413
[DEBUG aya_obj::relocation] relocating call to callee address 0x1c0 in section 2 (relocation) at instruction 422
[DEBUG aya_obj::relocation] callee is `_ZN50_$LT$u16$u20$as$u20$aya_log_common..WriteToBuf$GT$5write17h095758840b5785beE`
[DEBUG aya_obj::relocation] linked function `_ZN50_$LT$u16$u20$as$u20$aya_log_common..WriteToBuf$GT$5write17h095758840b5785beE` at instruction 486
[DEBUG aya_obj::relocation] relocating program `sys_enter_sendmsg` function `_ZN50_$LT$u16$u20$as$u20$aya_log_common..WriteToBuf$GT$5write17h095758840b5785beE` size 16
[DEBUG aya_obj::relocation] finished relocating program `sys_enter_sendmsg` function `_ZN50_$LT$u16$u20$as$u20$aya_log_common..WriteToBuf$GT$5write17h095758840b5785beE`
[DEBUG aya_obj::relocation] callee `_ZN50_$LT$u16$u20$as$u20$aya_log_common..WriteToBuf$GT$5write17h095758840b5785beE` is at ins 486, 63 from current instruction 422
[DEBUG aya_obj::relocation] relocating call to callee address 0x160 in section 2 (relocation) at instruction 442
[DEBUG aya_obj::relocation] callee is `_ZN74_$LT$aya_log_common..DisplayHint$u20$as$u20$aya_log_common..WriteToBuf$GT$5write17he7e9229fba75df25E`
[DEBUG aya_obj::relocation] callee `_ZN74_$LT$aya_log_common..DisplayHint$u20$as$u20$aya_log_common..WriteToBuf$GT$5write17he7e9229fba75df25E` is at ins 474, 31 from current instruction 442
[DEBUG aya_obj::relocation] relocating call to callee address 0x1c0 in section 2 (relocation) at instruction 452
[DEBUG aya_obj::relocation] callee is `_ZN50_$LT$u16$u20$as$u20$aya_log_common..WriteToBuf$GT$5write17h095758840b5785beE`
[DEBUG aya_obj::relocation] callee `_ZN50_$LT$u16$u20$as$u20$aya_log_common..WriteToBuf$GT$5write17h095758840b5785beE` is at ins 486, 33 from current instruction 452
[DEBUG aya_obj::relocation] finished relocating program `sys_enter_sendmsg` function `sys_enter_sendmsg`
[DEBUG aya_obj::relocation] relocating program `sys_enter_recvfrom` function `sys_enter_recvfrom` size 474
[DEBUG aya_obj::relocation] relocating call to callee address 0x160 in section 2 (relocation) at instruction 413
[DEBUG aya_obj::relocation] callee is `_ZN74_$LT$aya_log_common..DisplayHint$u20$as$u20$aya_log_common..WriteToBuf$GT$5write17he7e9229fba75df25E`
[DEBUG aya_obj::relocation] linked function `_ZN74_$LT$aya_log_common..DisplayHint$u20$as$u20$aya_log_common..WriteToBuf$GT$5write17he7e9229fba75df25E` at instruction 474
[DEBUG aya_obj::relocation] relocating program `sys_enter_recvfrom` function `_ZN74_$LT$aya_log_common..DisplayHint$u20$as$u20$aya_log_common..WriteToBuf$GT$5write17he7e9229fba75df25E` size 12
[DEBUG aya_obj::relocation] finished relocating program `sys_enter_recvfrom` function `_ZN74_$LT$aya_log_common..DisplayHint$u20$as$u20$aya_log_common..WriteToBuf$GT$5write17he7e9229fba75df25E`
[DEBUG aya_obj::relocation] callee `_ZN74_$LT$aya_log_common..DisplayHint$u20$as$u20$aya_log_common..WriteToBuf$GT$5write17he7e9229fba75df25E` is at ins 474, 60 from current instruction 413
[DEBUG aya_obj::relocation] relocating call to callee address 0x1c0 in section 2 (relocation) at instruction 422
[DEBUG aya_obj::relocation] callee is `_ZN50_$LT$u16$u20$as$u20$aya_log_common..WriteToBuf$GT$5write17h095758840b5785beE`
[DEBUG aya_obj::relocation] linked function `_ZN50_$LT$u16$u20$as$u20$aya_log_common..WriteToBuf$GT$5write17h095758840b5785beE` at instruction 486
[DEBUG aya_obj::relocation] relocating program `sys_enter_recvfrom` function `_ZN50_$LT$u16$u20$as$u20$aya_log_common..WriteToBuf$GT$5write17h095758840b5785beE` size 16
[DEBUG aya_obj::relocation] finished relocating program `sys_enter_recvfrom` function `_ZN50_$LT$u16$u20$as$u20$aya_log_common..WriteToBuf$GT$5write17h095758840b5785beE`
[DEBUG aya_obj::relocation] callee `_ZN50_$LT$u16$u20$as$u20$aya_log_common..WriteToBuf$GT$5write17h095758840b5785beE` is at ins 486, 63 from current instruction 422
[DEBUG aya_obj::relocation] relocating call to callee address 0x160 in section 2 (relocation) at instruction 442
[DEBUG aya_obj::relocation] callee is `_ZN74_$LT$aya_log_common..DisplayHint$u20$as$u20$aya_log_common..WriteToBuf$GT$5write17he7e9229fba75df25E`
[DEBUG aya_obj::relocation] callee `_ZN74_$LT$aya_log_common..DisplayHint$u20$as$u20$aya_log_common..WriteToBuf$GT$5write17he7e9229fba75df25E` is at ins 474, 31 from current instruction 442
[DEBUG aya_obj::relocation] relocating call to callee address 0x1c0 in section 2 (relocation) at instruction 452
[DEBUG aya_obj::relocation] callee is `_ZN50_$LT$u16$u20$as$u20$aya_log_common..WriteToBuf$GT$5write17h095758840b5785beE`
[DEBUG aya_obj::relocation] callee `_ZN50_$LT$u16$u20$as$u20$aya_log_common..WriteToBuf$GT$5write17h095758840b5785beE` is at ins 486, 33 from current instruction 452
[DEBUG aya_obj::relocation] finished relocating program `sys_enter_recvfrom` function `sys_enter_recvfrom`
[DEBUG aya_obj::relocation] relocating program `sys_enter_sendto` function `sys_enter_sendto` size 449
[DEBUG aya_obj::relocation] relocating call to callee address 0x160 in section 2 (relocation) at instruction 388
[DEBUG aya_obj::relocation] callee is `_ZN74_$LT$aya_log_common..DisplayHint$u20$as$u20$aya_log_common..WriteToBuf$GT$5write17he7e9229fba75df25E`
[DEBUG aya_obj::relocation] linked function `_ZN74_$LT$aya_log_common..DisplayHint$u20$as$u20$aya_log_common..WriteToBuf$GT$5write17he7e9229fba75df25E` at instruction 449
[DEBUG aya_obj::relocation] relocating program `sys_enter_sendto` function `_ZN74_$LT$aya_log_common..DisplayHint$u20$as$u20$aya_log_common..WriteToBuf$GT$5write17he7e9229fba75df25E` size 12
[DEBUG aya_obj::relocation] finished relocating program `sys_enter_sendto` function `_ZN74_$LT$aya_log_common..DisplayHint$u20$as$u20$aya_log_common..WriteToBuf$GT$5write17he7e9229fba75df25E`
[DEBUG aya_obj::relocation] callee `_ZN74_$LT$aya_log_common..DisplayHint$u20$as$u20$aya_log_common..WriteToBuf$GT$5write17he7e9229fba75df25E` is at ins 449, 60 from current instruction 388
[DEBUG aya_obj::relocation] relocating call to callee address 0x1c0 in section 2 (relocation) at instruction 397
[DEBUG aya_obj::relocation] callee is `_ZN50_$LT$u16$u20$as$u20$aya_log_common..WriteToBuf$GT$5write17h095758840b5785beE`
[DEBUG aya_obj::relocation] linked function `_ZN50_$LT$u16$u20$as$u20$aya_log_common..WriteToBuf$GT$5write17h095758840b5785beE` at instruction 461
[DEBUG aya_obj::relocation] relocating program `sys_enter_sendto` function `_ZN50_$LT$u16$u20$as$u20$aya_log_common..WriteToBuf$GT$5write17h095758840b5785beE` size 16
[DEBUG aya_obj::relocation] finished relocating program `sys_enter_sendto` function `_ZN50_$LT$u16$u20$as$u20$aya_log_common..WriteToBuf$GT$5write17h095758840b5785beE`
[DEBUG aya_obj::relocation] callee `_ZN50_$LT$u16$u20$as$u20$aya_log_common..WriteToBuf$GT$5write17h095758840b5785beE` is at ins 461, 63 from current instruction 397
[DEBUG aya_obj::relocation] relocating call to callee address 0x160 in section 2 (relocation) at instruction 417
[DEBUG aya_obj::relocation] callee is `_ZN74_$LT$aya_log_common..DisplayHint$u20$as$u20$aya_log_common..WriteToBuf$GT$5write17he7e9229fba75df25E`
[DEBUG aya_obj::relocation] callee `_ZN74_$LT$aya_log_common..DisplayHint$u20$as$u20$aya_log_common..WriteToBuf$GT$5write17he7e9229fba75df25E` is at ins 449, 31 from current instruction 417
[DEBUG aya_obj::relocation] relocating call to callee address 0x1c0 in section 2 (relocation) at instruction 427
[DEBUG aya_obj::relocation] callee is `_ZN50_$LT$u16$u20$as$u20$aya_log_common..WriteToBuf$GT$5write17h095758840b5785beE`
[DEBUG aya_obj::relocation] callee `_ZN50_$LT$u16$u20$as$u20$aya_log_common..WriteToBuf$GT$5write17h095758840b5785beE` is at ins 461, 33 from current instruction 427
[DEBUG aya_obj::relocation] finished relocating program `sys_enter_sendto` function `sys_enter_sendto`
[DEBUG aya_obj::relocation] relocating program `sys_exit_read` function `sys_exit_read` size 3488
[DEBUG aya_obj::relocation] relocating call to callee address 0x160 in section 2 (relocation) at instruction 265
[DEBUG aya_obj::relocation] callee is `_ZN74_$LT$aya_log_common..DisplayHint$u20$as$u20$aya_log_common..WriteToBuf$GT$5write17he7e9229fba75df25E`
[DEBUG aya_obj::relocation] linked function `_ZN74_$LT$aya_log_common..DisplayHint$u20$as$u20$aya_log_common..WriteToBuf$GT$5write17he7e9229fba75df25E` at instruction 3488
[DEBUG aya_obj::relocation] relocating program `sys_exit_read` function `_ZN74_$LT$aya_log_common..DisplayHint$u20$as$u20$aya_log_common..WriteToBuf$GT$5write17he7e9229fba75df25E` size 12
[DEBUG aya_obj::relocation] finished relocating program `sys_exit_read` function `_ZN74_$LT$aya_log_common..DisplayHint$u20$as$u20$aya_log_common..WriteToBuf$GT$5write17he7e9229fba75df25E`
[DEBUG aya_obj::relocation] callee `_ZN74_$LT$aya_log_common..DisplayHint$u20$as$u20$aya_log_common..WriteToBuf$GT$5write17he7e9229fba75df25E` is at ins 3488, 3222 from current instruction 265
[DEBUG aya_obj::relocation] relocating call to callee address 0x240 in section 2 (relocation) at instruction 273
[DEBUG aya_obj::relocation] callee is `_ZN50_$LT$i64$u20$as$u20$aya_log_common..WriteToBuf$GT$5write17hf8316b625aae9decE`
[DEBUG aya_obj::relocation] linked function `_ZN50_$LT$i64$u20$as$u20$aya_log_common..WriteToBuf$GT$5write17hf8316b625aae9decE` at instruction 3500
[DEBUG aya_obj::relocation] relocating program `sys_exit_read` function `_ZN50_$LT$i64$u20$as$u20$aya_log_common..WriteToBuf$GT$5write17hf8316b625aae9decE` size 28
[DEBUG aya_obj::relocation] finished relocating program `sys_exit_read` function `_ZN50_$LT$i64$u20$as$u20$aya_log_common..WriteToBuf$GT$5write17hf8316b625aae9decE`
[DEBUG aya_obj::relocation] callee `_ZN50_$LT$i64$u20$as$u20$aya_log_common..WriteToBuf$GT$5write17hf8316b625aae9decE` is at ins 3500, 3226 from current instruction 273
[DEBUG aya_obj::relocation] relocating call to callee address 0x160 in section 2 (relocation) at instruction 533
[DEBUG aya_obj::relocation] callee is `_ZN74_$LT$aya_log_common..DisplayHint$u20$as$u20$aya_log_common..WriteToBuf$GT$5write17he7e9229fba75df25E`
[DEBUG aya_obj::relocation] callee `_ZN74_$LT$aya_log_common..DisplayHint$u20$as$u20$aya_log_common..WriteToBuf$GT$5write17he7e9229fba75df25E` is at ins 3488, 2954 from current instruction 533
[DEBUG aya_obj::relocation] relocating call to callee address 0x1c0 in section 2 (relocation) at instruction 543
[DEBUG aya_obj::relocation] callee is `_ZN50_$LT$u16$u20$as$u20$aya_log_common..WriteToBuf$GT$5write17h095758840b5785beE`
[DEBUG aya_obj::relocation] linked function `_ZN50_$LT$u16$u20$as$u20$aya_log_common..WriteToBuf$GT$5write17h095758840b5785beE` at instruction 3528
[DEBUG aya_obj::relocation] relocating program `sys_exit_read` function `_ZN50_$LT$u16$u20$as$u20$aya_log_common..WriteToBuf$GT$5write17h095758840b5785beE` size 16
[DEBUG aya_obj::relocation] finished relocating program `sys_exit_read` function `_ZN50_$LT$u16$u20$as$u20$aya_log_common..WriteToBuf$GT$5write17h095758840b5785beE`
[DEBUG aya_obj::relocation] callee `_ZN50_$LT$u16$u20$as$u20$aya_log_common..WriteToBuf$GT$5write17h095758840b5785beE` is at ins 3528, 2984 from current instruction 543
[DEBUG aya_obj::relocation] relocating call to callee address 0x160 in section 2 (relocation) at instruction 563
[DEBUG aya_obj::relocation] callee is `_ZN74_$LT$aya_log_common..DisplayHint$u20$as$u20$aya_log_common..WriteToBuf$GT$5write17he7e9229fba75df25E`
[DEBUG aya_obj::relocation] callee `_ZN74_$LT$aya_log_common..DisplayHint$u20$as$u20$aya_log_common..WriteToBuf$GT$5write17he7e9229fba75df25E` is at ins 3488, 2924 from current instruction 563
[DEBUG aya_obj::relocation] relocating call to callee address 0x1c0 in section 2 (relocation) at instruction 572
[DEBUG aya_obj::relocation] callee is `_ZN50_$LT$u16$u20$as$u20$aya_log_common..WriteToBuf$GT$5write17h095758840b5785beE`
[DEBUG aya_obj::relocation] callee `_ZN50_$LT$u16$u20$as$u20$aya_log_common..WriteToBuf$GT$5write17h095758840b5785beE` is at ins 3528, 2955 from current instruction 572
[DEBUG aya_obj::relocation] relocating call to callee address 0x120 in section 2 (relocation) at instruction 1053
[DEBUG aya_obj::relocation] callee is `memset`
[DEBUG aya_obj::relocation] linked function `memset` at instruction 3544
[DEBUG aya_obj::relocation] relocating program `sys_exit_read` function `memset` size 8
[DEBUG aya_obj::relocation] finished relocating program `sys_exit_read` function `memset`
[DEBUG aya_obj::relocation] callee `memset` is at ins 3544, 2490 from current instruction 1053
[DEBUG aya_obj::relocation] relocating call to callee address 0x120 in section 2 (relocation) at instruction 1349
[DEBUG aya_obj::relocation] callee is `memset`
[DEBUG aya_obj::relocation] callee `memset` is at ins 3544, 2194 from current instruction 1349
[DEBUG aya_obj::relocation] relocating call to callee address 0x7f0 in section 2 (relocation) at instruction 2007
[DEBUG aya_obj::relocation] callee is `_ZN9l7_parser7mongodb5parse7mongodb17h0ce161e5e49c53a0E`
[DEBUG aya_obj::relocation] linked function `_ZN9l7_parser7mongodb5parse7mongodb17h0ce161e5e49c53a0E` at instruction 3552
[DEBUG aya_obj::relocation] relocating program `sys_exit_read` function `_ZN9l7_parser7mongodb5parse7mongodb17h0ce161e5e49c53a0E` size 129
[DEBUG aya_obj::relocation] finished relocating program `sys_exit_read` function `_ZN9l7_parser7mongodb5parse7mongodb17h0ce161e5e49c53a0E`
[DEBUG aya_obj::relocation] callee `_ZN9l7_parser7mongodb5parse7mongodb17h0ce161e5e49c53a0E` is at ins 3552, 1544 from current instruction 2007
[DEBUG aya_obj::relocation] relocating call to callee address 0x320 in section 2 (relocation) at instruction 2096
[DEBUG aya_obj::relocation] callee is `_ZN9l7_parser5http15parse5http117h5db1e8a2e970840bE`
[DEBUG aya_obj::relocation] linked function `_ZN9l7_parser5http15parse5http117h5db1e8a2e970840bE` at instruction 3681
[DEBUG aya_obj::relocation] relocating program `sys_exit_read` function `_ZN9l7_parser5http15parse5http117h5db1e8a2e970840bE` size 154
[DEBUG aya_obj::relocation] finished relocating program `sys_exit_read` function `_ZN9l7_parser5http15parse5http117h5db1e8a2e970840bE`
[DEBUG aya_obj::relocation] callee `_ZN9l7_parser5http15parse5http117h5db1e8a2e970840bE` is at ins 3681, 1584 from current instruction 2096
[DEBUG aya_obj::relocation] relocating call to callee address 0x0 in section 2 (relocation) at instruction 2516
[DEBUG aya_obj::relocation] callee is `memcpy`
[DEBUG aya_obj::relocation] linked function `memcpy` at instruction 3835
[DEBUG aya_obj::relocation] relocating program `sys_exit_read` function `memcpy` size 11
[DEBUG aya_obj::relocation] finished relocating program `sys_exit_read` function `memcpy`
[DEBUG aya_obj::relocation] callee `memcpy` is at ins 3835, 1318 from current instruction 2516
[DEBUG aya_obj::relocation] relocating call to callee address 0x0 in section 2 (relocation) at instruction 2549
[DEBUG aya_obj::relocation] callee is `memcpy`
[DEBUG aya_obj::relocation] callee `memcpy` is at ins 3835, 1285 from current instruction 2549
[DEBUG aya_obj::relocation] relocating call to callee address 0x7f0 in section 2 (relocation) at instruction 2562
[DEBUG aya_obj::relocation] callee is `_ZN9l7_parser7mongodb5parse7mongodb17h0ce161e5e49c53a0E`
[DEBUG aya_obj::relocation] callee `_ZN9l7_parser7mongodb5parse7mongodb17h0ce161e5e49c53a0E` is at ins 3552, 989 from current instruction 2562
[DEBUG aya_obj::relocation] relocating call to callee address 0x0 in section 2 (relocation) at instruction 2629
[DEBUG aya_obj::relocation] callee is `memcpy`
[DEBUG aya_obj::relocation] callee `memcpy` is at ins 3835, 1205 from current instruction 2629
[DEBUG aya_obj::relocation] relocating call to callee address 0x0 in section 2 (relocation) at instruction 2662
[DEBUG aya_obj::relocation] callee is `memcpy`
[DEBUG aya_obj::relocation] callee `memcpy` is at ins 3835, 1172 from current instruction 2662
[DEBUG aya_obj::relocation] relocating call to callee address 0x320 in section 2 (relocation) at instruction 2672
[DEBUG aya_obj::relocation] callee is `_ZN9l7_parser5http15parse5http117h5db1e8a2e970840bE`
[DEBUG aya_obj::relocation] callee `_ZN9l7_parser5http15parse5http117h5db1e8a2e970840bE` is at ins 3681, 1008 from current instruction 2672
[DEBUG aya_obj::relocation] relocating call to callee address 0x120 in section 2 (relocation) at instruction 2872
[DEBUG aya_obj::relocation] callee is `memset`
[DEBUG aya_obj::relocation] callee `memset` is at ins 3544, 671 from current instruction 2872
[DEBUG aya_obj::relocation] relocating call to callee address 0x0 in section 2 (relocation) at instruction 2970
[DEBUG aya_obj::relocation] callee is `memcpy`
[DEBUG aya_obj::relocation] callee `memcpy` is at ins 3835, 864 from current instruction 2970
[DEBUG aya_obj::relocation] relocating call to callee address 0x0 in section 2 (relocation) at instruction 3004
[DEBUG aya_obj::relocation] callee is `memcpy`
[DEBUG aya_obj::relocation] callee `memcpy` is at ins 3835, 830 from current instruction 3004
[DEBUG aya_obj::relocation] relocating call to callee address 0x120 in section 2 (relocation) at instruction 3102
[DEBUG aya_obj::relocation] callee is `memset`
[DEBUG aya_obj::relocation] callee `memset` is at ins 3544, 441 from current instruction 3102
[DEBUG aya_obj::relocation] finished relocating program `sys_exit_read` function `sys_exit_read`
[DEBUG aya_obj::relocation] relocating program `sys_enter_close` function `sys_enter_close` size 307
[DEBUG aya_obj::relocation] relocating call to callee address 0x160 in section 2 (relocation) at instruction 246
[DEBUG aya_obj::relocation] callee is `_ZN74_$LT$aya_log_common..DisplayHint$u20$as$u20$aya_log_common..WriteToBuf$GT$5write17he7e9229fba75df25E`
[DEBUG aya_obj::relocation] linked function `_ZN74_$LT$aya_log_common..DisplayHint$u20$as$u20$aya_log_common..WriteToBuf$GT$5write17he7e9229fba75df25E` at instruction 307
[DEBUG aya_obj::relocation] relocating program `sys_enter_close` function `_ZN74_$LT$aya_log_common..DisplayHint$u20$as$u20$aya_log_common..WriteToBuf$GT$5write17he7e9229fba75df25E` size 12
[DEBUG aya_obj::relocation] finished relocating program `sys_enter_close` function `_ZN74_$LT$aya_log_common..DisplayHint$u20$as$u20$aya_log_common..WriteToBuf$GT$5write17he7e9229fba75df25E`
[DEBUG aya_obj::relocation] callee `_ZN74_$LT$aya_log_common..DisplayHint$u20$as$u20$aya_log_common..WriteToBuf$GT$5write17he7e9229fba75df25E` is at ins 307, 60 from current instruction 246
[DEBUG aya_obj::relocation] relocating call to callee address 0x1c0 in section 2 (relocation) at instruction 255
[DEBUG aya_obj::relocation] callee is `_ZN50_$LT$u16$u20$as$u20$aya_log_common..WriteToBuf$GT$5write17h095758840b5785beE`
[DEBUG aya_obj::relocation] linked function `_ZN50_$LT$u16$u20$as$u20$aya_log_common..WriteToBuf$GT$5write17h095758840b5785beE` at instruction 319
[DEBUG aya_obj::relocation] relocating program `sys_enter_close` function `_ZN50_$LT$u16$u20$as$u20$aya_log_common..WriteToBuf$GT$5write17h095758840b5785beE` size 16
[DEBUG aya_obj::relocation] finished relocating program `sys_enter_close` function `_ZN50_$LT$u16$u20$as$u20$aya_log_common..WriteToBuf$GT$5write17h095758840b5785beE`
[DEBUG aya_obj::relocation] callee `_ZN50_$LT$u16$u20$as$u20$aya_log_common..WriteToBuf$GT$5write17h095758840b5785beE` is at ins 319, 63 from current instruction 255
[DEBUG aya_obj::relocation] relocating call to callee address 0x160 in section 2 (relocation) at instruction 275
[DEBUG aya_obj::relocation] callee is `_ZN74_$LT$aya_log_common..DisplayHint$u20$as$u20$aya_log_common..WriteToBuf$GT$5write17he7e9229fba75df25E`
[DEBUG aya_obj::relocation] callee `_ZN74_$LT$aya_log_common..DisplayHint$u20$as$u20$aya_log_common..WriteToBuf$GT$5write17he7e9229fba75df25E` is at ins 307, 31 from current instruction 275
[DEBUG aya_obj::relocation] relocating call to callee address 0x1c0 in section 2 (relocation) at instruction 285
[DEBUG aya_obj::relocation] callee is `_ZN50_$LT$u16$u20$as$u20$aya_log_common..WriteToBuf$GT$5write17h095758840b5785beE`
[DEBUG aya_obj::relocation] callee `_ZN50_$LT$u16$u20$as$u20$aya_log_common..WriteToBuf$GT$5write17h095758840b5785beE` is at ins 319, 33 from current instruction 285
[DEBUG aya_obj::relocation] finished relocating program `sys_enter_close` function `sys_enter_close`
[DEBUG aya_obj::relocation] relocating program `sys_enter_readv` function `sys_enter_readv` size 445
[DEBUG aya_obj::relocation] relocating call to callee address 0x160 in section 2 (relocation) at instruction 384
[DEBUG aya_obj::relocation] callee is `_ZN74_$LT$aya_log_common..DisplayHint$u20$as$u20$aya_log_common..WriteToBuf$GT$5write17he7e9229fba75df25E`
[DEBUG aya_obj::relocation] linked function `_ZN74_$LT$aya_log_common..DisplayHint$u20$as$u20$aya_log_common..WriteToBuf$GT$5write17he7e9229fba75df25E` at instruction 445
[DEBUG aya_obj::relocation] relocating program `sys_enter_readv` function `_ZN74_$LT$aya_log_common..DisplayHint$u20$as$u20$aya_log_common..WriteToBuf$GT$5write17he7e9229fba75df25E` size 12
[DEBUG aya_obj::relocation] finished relocating program `sys_enter_readv` function `_ZN74_$LT$aya_log_common..DisplayHint$u20$as$u20$aya_log_common..WriteToBuf$GT$5write17he7e9229fba75df25E`
[DEBUG aya_obj::relocation] callee `_ZN74_$LT$aya_log_common..DisplayHint$u20$as$u20$aya_log_common..WriteToBuf$GT$5write17he7e9229fba75df25E` is at ins 445, 60 from current instruction 384
[DEBUG aya_obj::relocation] relocating call to callee address 0x1c0 in section 2 (relocation) at instruction 393
[DEBUG aya_obj::relocation] callee is `_ZN50_$LT$u16$u20$as$u20$aya_log_common..WriteToBuf$GT$5write17h095758840b5785beE`
[DEBUG aya_obj::relocation] linked function `_ZN50_$LT$u16$u20$as$u20$aya_log_common..WriteToBuf$GT$5write17h095758840b5785beE` at instruction 457
[DEBUG aya_obj::relocation] relocating program `sys_enter_readv` function `_ZN50_$LT$u16$u20$as$u20$aya_log_common..WriteToBuf$GT$5write17h095758840b5785beE` size 16
[DEBUG aya_obj::relocation] finished relocating program `sys_enter_readv` function `_ZN50_$LT$u16$u20$as$u20$aya_log_common..WriteToBuf$GT$5write17h095758840b5785beE`
[DEBUG aya_obj::relocation] callee `_ZN50_$LT$u16$u20$as$u20$aya_log_common..WriteToBuf$GT$5write17h095758840b5785beE` is at ins 457, 63 from current instruction 393
[DEBUG aya_obj::relocation] relocating call to callee address 0x160 in section 2 (relocation) at instruction 413
[DEBUG aya_obj::relocation] callee is `_ZN74_$LT$aya_log_common..DisplayHint$u20$as$u20$aya_log_common..WriteToBuf$GT$5write17he7e9229fba75df25E`
[DEBUG aya_obj::relocation] callee `_ZN74_$LT$aya_log_common..DisplayHint$u20$as$u20$aya_log_common..WriteToBuf$GT$5write17he7e9229fba75df25E` is at ins 445, 31 from current instruction 413
[DEBUG aya_obj::relocation] relocating call to callee address 0x1c0 in section 2 (relocation) at instruction 423
[DEBUG aya_obj::relocation] callee is `_ZN50_$LT$u16$u20$as$u20$aya_log_common..WriteToBuf$GT$5write17h095758840b5785beE`
[DEBUG aya_obj::relocation] callee `_ZN50_$LT$u16$u20$as$u20$aya_log_common..WriteToBuf$GT$5write17h095758840b5785beE` is at ins 457, 33 from current instruction 423
[DEBUG aya_obj::relocation] finished relocating program `sys_enter_readv` function `sys_enter_readv`
[DEBUG aya_obj::relocation] relocating program `sys_enter_recvmmsg` function `sys_enter_recvmmsg` size 463
[DEBUG aya_obj::relocation] relocating call to callee address 0x160 in section 2 (relocation) at instruction 402
[DEBUG aya_obj::relocation] callee is `_ZN74_$LT$aya_log_common..DisplayHint$u20$as$u20$aya_log_common..WriteToBuf$GT$5write17he7e9229fba75df25E`
[DEBUG aya_obj::relocation] linked function `_ZN74_$LT$aya_log_common..DisplayHint$u20$as$u20$aya_log_common..WriteToBuf$GT$5write17he7e9229fba75df25E` at instruction 463
[DEBUG aya_obj::relocation] relocating program `sys_enter_recvmmsg` function `_ZN74_$LT$aya_log_common..DisplayHint$u20$as$u20$aya_log_common..WriteToBuf$GT$5write17he7e9229fba75df25E` size 12
[DEBUG aya_obj::relocation] finished relocating program `sys_enter_recvmmsg` function `_ZN74_$LT$aya_log_common..DisplayHint$u20$as$u20$aya_log_common..WriteToBuf$GT$5write17he7e9229fba75df25E`
[DEBUG aya_obj::relocation] callee `_ZN74_$LT$aya_log_common..DisplayHint$u20$as$u20$aya_log_common..WriteToBuf$GT$5write17he7e9229fba75df25E` is at ins 463, 60 from current instruction 402
[DEBUG aya_obj::relocation] relocating call to callee address 0x1c0 in section 2 (relocation) at instruction 411
[DEBUG aya_obj::relocation] callee is `_ZN50_$LT$u16$u20$as$u20$aya_log_common..WriteToBuf$GT$5write17h095758840b5785beE`
[DEBUG aya_obj::relocation] linked function `_ZN50_$LT$u16$u20$as$u20$aya_log_common..WriteToBuf$GT$5write17h095758840b5785beE` at instruction 475
[DEBUG aya_obj::relocation] relocating program `sys_enter_recvmmsg` function `_ZN50_$LT$u16$u20$as$u20$aya_log_common..WriteToBuf$GT$5write17h095758840b5785beE` size 16
[DEBUG aya_obj::relocation] finished relocating program `sys_enter_recvmmsg` function `_ZN50_$LT$u16$u20$as$u20$aya_log_common..WriteToBuf$GT$5write17h095758840b5785beE`
[DEBUG aya_obj::relocation] callee `_ZN50_$LT$u16$u20$as$u20$aya_log_common..WriteToBuf$GT$5write17h095758840b5785beE` is at ins 475, 63 from current instruction 411
[DEBUG aya_obj::relocation] relocating call to callee address 0x160 in section 2 (relocation) at instruction 431
[DEBUG aya_obj::relocation] callee is `_ZN74_$LT$aya_log_common..DisplayHint$u20$as$u20$aya_log_common..WriteToBuf$GT$5write17he7e9229fba75df25E`
[DEBUG aya_obj::relocation] callee `_ZN74_$LT$aya_log_common..DisplayHint$u20$as$u20$aya_log_common..WriteToBuf$GT$5write17he7e9229fba75df25E` is at ins 463, 31 from current instruction 431
[DEBUG aya_obj::relocation] relocating call to callee address 0x1c0 in section 2 (relocation) at instruction 441
[DEBUG aya_obj::relocation] callee is `_ZN50_$LT$u16$u20$as$u20$aya_log_common..WriteToBuf$GT$5write17h095758840b5785beE`
[DEBUG aya_obj::relocation] callee `_ZN50_$LT$u16$u20$as$u20$aya_log_common..WriteToBuf$GT$5write17h095758840b5785beE` is at ins 475, 33 from current instruction 441
[DEBUG aya_obj::relocation] finished relocating program `sys_enter_recvmmsg` function `sys_enter_recvmmsg`
[DEBUG aya_obj::relocation] relocating program `sys_enter_write` function `sys_enter_write` size 446
[DEBUG aya_obj::relocation] relocating call to callee address 0x160 in section 2 (relocation) at instruction 385
[DEBUG aya_obj::relocation] callee is `_ZN74_$LT$aya_log_common..DisplayHint$u20$as$u20$aya_log_common..WriteToBuf$GT$5write17he7e9229fba75df25E`
[DEBUG aya_obj::relocation] linked function `_ZN74_$LT$aya_log_common..DisplayHint$u20$as$u20$aya_log_common..WriteToBuf$GT$5write17he7e9229fba75df25E` at instruction 446
[DEBUG aya_obj::relocation] relocating program `sys_enter_write` function `_ZN74_$LT$aya_log_common..DisplayHint$u20$as$u20$aya_log_common..WriteToBuf$GT$5write17he7e9229fba75df25E` size 12
[DEBUG aya_obj::relocation] finished relocating program `sys_enter_write` function `_ZN74_$LT$aya_log_common..DisplayHint$u20$as$u20$aya_log_common..WriteToBuf$GT$5write17he7e9229fba75df25E`
[DEBUG aya_obj::relocation] callee `_ZN74_$LT$aya_log_common..DisplayHint$u20$as$u20$aya_log_common..WriteToBuf$GT$5write17he7e9229fba75df25E` is at ins 446, 60 from current instruction 385
[DEBUG aya_obj::relocation] relocating call to callee address 0x1c0 in section 2 (relocation) at instruction 394
[DEBUG aya_obj::relocation] callee is `_ZN50_$LT$u16$u20$as$u20$aya_log_common..WriteToBuf$GT$5write17h095758840b5785beE`
[DEBUG aya_obj::relocation] linked function `_ZN50_$LT$u16$u20$as$u20$aya_log_common..WriteToBuf$GT$5write17h095758840b5785beE` at instruction 458
[DEBUG aya_obj::relocation] relocating program `sys_enter_write` function `_ZN50_$LT$u16$u20$as$u20$aya_log_common..WriteToBuf$GT$5write17h095758840b5785beE` size 16
[DEBUG aya_obj::relocation] finished relocating program `sys_enter_write` function `_ZN50_$LT$u16$u20$as$u20$aya_log_common..WriteToBuf$GT$5write17h095758840b5785beE`
[DEBUG aya_obj::relocation] callee `_ZN50_$LT$u16$u20$as$u20$aya_log_common..WriteToBuf$GT$5write17h095758840b5785beE` is at ins 458, 63 from current instruction 394
[DEBUG aya_obj::relocation] relocating call to callee address 0x160 in section 2 (relocation) at instruction 414
[DEBUG aya_obj::relocation] callee is `_ZN74_$LT$aya_log_common..DisplayHint$u20$as$u20$aya_log_common..WriteToBuf$GT$5write17he7e9229fba75df25E`
[DEBUG aya_obj::relocation] callee `_ZN74_$LT$aya_log_common..DisplayHint$u20$as$u20$aya_log_common..WriteToBuf$GT$5write17he7e9229fba75df25E` is at ins 446, 31 from current instruction 414
[DEBUG aya_obj::relocation] relocating call to callee address 0x1c0 in section 2 (relocation) at instruction 424
[DEBUG aya_obj::relocation] callee is `_ZN50_$LT$u16$u20$as$u20$aya_log_common..WriteToBuf$GT$5write17h095758840b5785beE`
[DEBUG aya_obj::relocation] callee `_ZN50_$LT$u16$u20$as$u20$aya_log_common..WriteToBuf$GT$5write17h095758840b5785beE` is at ins 458, 33 from current instruction 424
[DEBUG aya_obj::relocation] finished relocating program `sys_enter_write` function `sys_enter_write`
[DEBUG aya_obj::relocation] relocating program `sys_exit_sendto` function `sys_exit_sendto` size 3460
[DEBUG aya_obj::relocation] relocating call to callee address 0x160 in section 2 (relocation) at instruction 265
[DEBUG aya_obj::relocation] callee is `_ZN74_$LT$aya_log_common..DisplayHint$u20$as$u20$aya_log_common..WriteToBuf$GT$5write17he7e9229fba75df25E`
[DEBUG aya_obj::relocation] linked function `_ZN74_$LT$aya_log_common..DisplayHint$u20$as$u20$aya_log_common..WriteToBuf$GT$5write17he7e9229fba75df25E` at instruction 3460
[DEBUG aya_obj::relocation] relocating program `sys_exit_sendto` function `_ZN74_$LT$aya_log_common..DisplayHint$u20$as$u20$aya_log_common..WriteToBuf$GT$5write17he7e9229fba75df25E` size 12
[DEBUG aya_obj::relocation] finished relocating program `sys_exit_sendto` function `_ZN74_$LT$aya_log_common..DisplayHint$u20$as$u20$aya_log_common..WriteToBuf$GT$5write17he7e9229fba75df25E`
[DEBUG aya_obj::relocation] callee `_ZN74_$LT$aya_log_common..DisplayHint$u20$as$u20$aya_log_common..WriteToBuf$GT$5write17he7e9229fba75df25E` is at ins 3460, 3194 from current instruction 265
[DEBUG aya_obj::relocation] relocating call to callee address 0x240 in section 2 (relocation) at instruction 273
[DEBUG aya_obj::relocation] callee is `_ZN50_$LT$i64$u20$as$u20$aya_log_common..WriteToBuf$GT$5write17hf8316b625aae9decE`
[DEBUG aya_obj::relocation] linked function `_ZN50_$LT$i64$u20$as$u20$aya_log_common..WriteToBuf$GT$5write17hf8316b625aae9decE` at instruction 3472
[DEBUG aya_obj::relocation] relocating program `sys_exit_sendto` function `_ZN50_$LT$i64$u20$as$u20$aya_log_common..WriteToBuf$GT$5write17hf8316b625aae9decE` size 28
[DEBUG aya_obj::relocation] finished relocating program `sys_exit_sendto` function `_ZN50_$LT$i64$u20$as$u20$aya_log_common..WriteToBuf$GT$5write17hf8316b625aae9decE`
[DEBUG aya_obj::relocation] callee `_ZN50_$LT$i64$u20$as$u20$aya_log_common..WriteToBuf$GT$5write17hf8316b625aae9decE` is at ins 3472, 3198 from current instruction 273
[DEBUG aya_obj::relocation] relocating call to callee address 0x160 in section 2 (relocation) at instruction 544
[DEBUG aya_obj::relocation] callee is `_ZN74_$LT$aya_log_common..DisplayHint$u20$as$u20$aya_log_common..WriteToBuf$GT$5write17he7e9229fba75df25E`
[DEBUG aya_obj::relocation] callee `_ZN74_$LT$aya_log_common..DisplayHint$u20$as$u20$aya_log_common..WriteToBuf$GT$5write17he7e9229fba75df25E` is at ins 3460, 2915 from current instruction 544
[DEBUG aya_obj::relocation] relocating call to callee address 0x1c0 in section 2 (relocation) at instruction 554
[DEBUG aya_obj::relocation] callee is `_ZN50_$LT$u16$u20$as$u20$aya_log_common..WriteToBuf$GT$5write17h095758840b5785beE`
[DEBUG aya_obj::relocation] linked function `_ZN50_$LT$u16$u20$as$u20$aya_log_common..WriteToBuf$GT$5write17h095758840b5785beE` at instruction 3500
[DEBUG aya_obj::relocation] relocating program `sys_exit_sendto` function `_ZN50_$LT$u16$u20$as$u20$aya_log_common..WriteToBuf$GT$5write17h095758840b5785beE` size 16
[DEBUG aya_obj::relocation] finished relocating program `sys_exit_sendto` function `_ZN50_$LT$u16$u20$as$u20$aya_log_common..WriteToBuf$GT$5write17h095758840b5785beE`
[DEBUG aya_obj::relocation] callee `_ZN50_$LT$u16$u20$as$u20$aya_log_common..WriteToBuf$GT$5write17h095758840b5785beE` is at ins 3500, 2945 from current instruction 554
[DEBUG aya_obj::relocation] relocating call to callee address 0x160 in section 2 (relocation) at instruction 574
[DEBUG aya_obj::relocation] callee is `_ZN74_$LT$aya_log_common..DisplayHint$u20$as$u20$aya_log_common..WriteToBuf$GT$5write17he7e9229fba75df25E`
[DEBUG aya_obj::relocation] callee `_ZN74_$LT$aya_log_common..DisplayHint$u20$as$u20$aya_log_common..WriteToBuf$GT$5write17he7e9229fba75df25E` is at ins 3460, 2885 from current instruction 574
[DEBUG aya_obj::relocation] relocating call to callee address 0x1c0 in section 2 (relocation) at instruction 583
[DEBUG aya_obj::relocation] callee is `_ZN50_$LT$u16$u20$as$u20$aya_log_common..WriteToBuf$GT$5write17h095758840b5785beE`
[DEBUG aya_obj::relocation] callee `_ZN50_$LT$u16$u20$as$u20$aya_log_common..WriteToBuf$GT$5write17h095758840b5785beE` is at ins 3500, 2916 from current instruction 583
[DEBUG aya_obj::relocation] relocating call to callee address 0x120 in section 2 (relocation) at instruction 1060
[DEBUG aya_obj::relocation] callee is `memset`
[DEBUG aya_obj::relocation] linked function `memset` at instruction 3516
[DEBUG aya_obj::relocation] relocating program `sys_exit_sendto` function `memset` size 8
[DEBUG aya_obj::relocation] finished relocating program `sys_exit_sendto` function `memset`
[DEBUG aya_obj::relocation] callee `memset` is at ins 3516, 2455 from current instruction 1060
[DEBUG aya_obj::relocation] relocating call to callee address 0x120 in section 2 (relocation) at instruction 1360
[DEBUG aya_obj::relocation] callee is `memset`
[DEBUG aya_obj::relocation] callee `memset` is at ins 3516, 2155 from current instruction 1360
[DEBUG aya_obj::relocation] relocating call to callee address 0x7f0 in section 2 (relocation) at instruction 2006
[DEBUG aya_obj::relocation] callee is `_ZN9l7_parser7mongodb5parse7mongodb17h0ce161e5e49c53a0E`
[DEBUG aya_obj::relocation] linked function `_ZN9l7_parser7mongodb5parse7mongodb17h0ce161e5e49c53a0E` at instruction 3524
[DEBUG aya_obj::relocation] relocating program `sys_exit_sendto` function `_ZN9l7_parser7mongodb5parse7mongodb17h0ce161e5e49c53a0E` size 129
[DEBUG aya_obj::relocation] finished relocating program `sys_exit_sendto` function `_ZN9l7_parser7mongodb5parse7mongodb17h0ce161e5e49c53a0E`
[DEBUG aya_obj::relocation] callee `_ZN9l7_parser7mongodb5parse7mongodb17h0ce161e5e49c53a0E` is at ins 3524, 1517 from current instruction 2006
[DEBUG aya_obj::relocation] relocating call to callee address 0x320 in section 2 (relocation) at instruction 2250
[DEBUG aya_obj::relocation] callee is `_ZN9l7_parser5http15parse5http117h5db1e8a2e970840bE`
[DEBUG aya_obj::relocation] linked function `_ZN9l7_parser5http15parse5http117h5db1e8a2e970840bE` at instruction 3653
[DEBUG aya_obj::relocation] relocating program `sys_exit_sendto` function `_ZN9l7_parser5http15parse5http117h5db1e8a2e970840bE` size 154
[DEBUG aya_obj::relocation] finished relocating program `sys_exit_sendto` function `_ZN9l7_parser5http15parse5http117h5db1e8a2e970840bE`
[DEBUG aya_obj::relocation] callee `_ZN9l7_parser5http15parse5http117h5db1e8a2e970840bE` is at ins 3653, 1402 from current instruction 2250
[DEBUG aya_obj::relocation] relocating call to callee address 0x0 in section 2 (relocation) at instruction 2510
[DEBUG aya_obj::relocation] callee is `memcpy`
[DEBUG aya_obj::relocation] linked function `memcpy` at instruction 3807
[DEBUG aya_obj::relocation] relocating program `sys_exit_sendto` function `memcpy` size 11
[DEBUG aya_obj::relocation] finished relocating program `sys_exit_sendto` function `memcpy`
[DEBUG aya_obj::relocation] callee `memcpy` is at ins 3807, 1296 from current instruction 2510
[DEBUG aya_obj::relocation] relocating call to callee address 0x0 in section 2 (relocation) at instruction 2544
[DEBUG aya_obj::relocation] callee is `memcpy`
[DEBUG aya_obj::relocation] callee `memcpy` is at ins 3807, 1262 from current instruction 2544
[DEBUG aya_obj::relocation] relocating call to callee address 0x7f0 in section 2 (relocation) at instruction 2557
[DEBUG aya_obj::relocation] callee is `_ZN9l7_parser7mongodb5parse7mongodb17h0ce161e5e49c53a0E`
[DEBUG aya_obj::relocation] callee `_ZN9l7_parser7mongodb5parse7mongodb17h0ce161e5e49c53a0E` is at ins 3524, 966 from current instruction 2557
[DEBUG aya_obj::relocation] relocating call to callee address 0x0 in section 2 (relocation) at instruction 2822
[DEBUG aya_obj::relocation] callee is `memcpy`
[DEBUG aya_obj::relocation] callee `memcpy` is at ins 3807, 984 from current instruction 2822
[DEBUG aya_obj::relocation] relocating call to callee address 0x0 in section 2 (relocation) at instruction 2855
[DEBUG aya_obj::relocation] callee is `memcpy`
[DEBUG aya_obj::relocation] callee `memcpy` is at ins 3807, 951 from current instruction 2855
[DEBUG aya_obj::relocation] relocating call to callee address 0x320 in section 2 (relocation) at instruction 2865
[DEBUG aya_obj::relocation] callee is `_ZN9l7_parser5http15parse5http117h5db1e8a2e970840bE`
[DEBUG aya_obj::relocation] callee `_ZN9l7_parser5http15parse5http117h5db1e8a2e970840bE` is at ins 3653, 787 from current instruction 2865
[DEBUG aya_obj::relocation] relocating call to callee address 0x120 in section 2 (relocation) at instruction 2956
[DEBUG aya_obj::relocation] callee is `memset`
[DEBUG aya_obj::relocation] callee `memset` is at ins 3516, 559 from current instruction 2956
[DEBUG aya_obj::relocation] relocating call to callee address 0x0 in section 2 (relocation) at instruction 3140
[DEBUG aya_obj::relocation] callee is `memcpy`
[DEBUG aya_obj::relocation] callee `memcpy` is at ins 3807, 666 from current instruction 3140
[DEBUG aya_obj::relocation] relocating call to callee address 0x0 in section 2 (relocation) at instruction 3177
[DEBUG aya_obj::relocation] callee is `memcpy`
[DEBUG aya_obj::relocation] callee `memcpy` is at ins 3807, 629 from current instruction 3177
[DEBUG aya_obj::relocation] relocating call to callee address 0x120 in section 2 (relocation) at instruction 3272
[DEBUG aya_obj::relocation] callee is `memset`
[DEBUG aya_obj::relocation] callee `memset` is at ins 3516, 243 from current instruction 3272
[DEBUG aya_obj::relocation] finished relocating program `sys_exit_sendto` function `sys_exit_sendto`
[DEBUG aya_obj::relocation] relocating program `sys_enter_recvmsg` function `sys_enter_recvmsg` size 474
[DEBUG aya_obj::relocation] relocating call to callee address 0x160 in section 2 (relocation) at instruction 413
[DEBUG aya_obj::relocation] callee is `_ZN74_$LT$aya_log_common..DisplayHint$u20$as$u20$aya_log_common..WriteToBuf$GT$5write17he7e9229fba75df25E`
[DEBUG aya_obj::relocation] linked function `_ZN74_$LT$aya_log_common..DisplayHint$u20$as$u20$aya_log_common..WriteToBuf$GT$5write17he7e9229fba75df25E` at instruction 474
[DEBUG aya_obj::relocation] relocating program `sys_enter_recvmsg` function `_ZN74_$LT$aya_log_common..DisplayHint$u20$as$u20$aya_log_common..WriteToBuf$GT$5write17he7e9229fba75df25E` size 12
[DEBUG aya_obj::relocation] finished relocating program `sys_enter_recvmsg` function `_ZN74_$LT$aya_log_common..DisplayHint$u20$as$u20$aya_log_common..WriteToBuf$GT$5write17he7e9229fba75df25E`
[DEBUG aya_obj::relocation] callee `_ZN74_$LT$aya_log_common..DisplayHint$u20$as$u20$aya_log_common..WriteToBuf$GT$5write17he7e9229fba75df25E` is at ins 474, 60 from current instruction 413
[DEBUG aya_obj::relocation] relocating call to callee address 0x1c0 in section 2 (relocation) at instruction 422
[DEBUG aya_obj::relocation] callee is `_ZN50_$LT$u16$u20$as$u20$aya_log_common..WriteToBuf$GT$5write17h095758840b5785beE`
[DEBUG aya_obj::relocation] linked function `_ZN50_$LT$u16$u20$as$u20$aya_log_common..WriteToBuf$GT$5write17h095758840b5785beE` at instruction 486
[DEBUG aya_obj::relocation] relocating program `sys_enter_recvmsg` function `_ZN50_$LT$u16$u20$as$u20$aya_log_common..WriteToBuf$GT$5write17h095758840b5785beE` size 16
[DEBUG aya_obj::relocation] finished relocating program `sys_enter_recvmsg` function `_ZN50_$LT$u16$u20$as$u20$aya_log_common..WriteToBuf$GT$5write17h095758840b5785beE`
[DEBUG aya_obj::relocation] callee `_ZN50_$LT$u16$u20$as$u20$aya_log_common..WriteToBuf$GT$5write17h095758840b5785beE` is at ins 486, 63 from current instruction 422
[DEBUG aya_obj::relocation] relocating call to callee address 0x160 in section 2 (relocation) at instruction 442
[DEBUG aya_obj::relocation] callee is `_ZN74_$LT$aya_log_common..DisplayHint$u20$as$u20$aya_log_common..WriteToBuf$GT$5write17he7e9229fba75df25E`
[DEBUG aya_obj::relocation] callee `_ZN74_$LT$aya_log_common..DisplayHint$u20$as$u20$aya_log_common..WriteToBuf$GT$5write17he7e9229fba75df25E` is at ins 474, 31 from current instruction 442
[DEBUG aya_obj::relocation] relocating call to callee address 0x1c0 in section 2 (relocation) at instruction 452
[DEBUG aya_obj::relocation] callee is `_ZN50_$LT$u16$u20$as$u20$aya_log_common..WriteToBuf$GT$5write17h095758840b5785beE`
[DEBUG aya_obj::relocation] callee `_ZN50_$LT$u16$u20$as$u20$aya_log_common..WriteToBuf$GT$5write17h095758840b5785beE` is at ins 486, 33 from current instruction 452
[DEBUG aya_obj::relocation] finished relocating program `sys_enter_recvmsg` function `sys_enter_recvmsg`
[DEBUG aya_obj::relocation] relocating program `sys_exit_socket` function `sys_exit_socket` size 356
[DEBUG aya_obj::relocation] relocating call to callee address 0x160 in section 2 (relocation) at instruction 280
[DEBUG aya_obj::relocation] callee is `_ZN74_$LT$aya_log_common..DisplayHint$u20$as$u20$aya_log_common..WriteToBuf$GT$5write17he7e9229fba75df25E`
[DEBUG aya_obj::relocation] linked function `_ZN74_$LT$aya_log_common..DisplayHint$u20$as$u20$aya_log_common..WriteToBuf$GT$5write17he7e9229fba75df25E` at instruction 356
[DEBUG aya_obj::relocation] relocating program `sys_exit_socket` function `_ZN74_$LT$aya_log_common..DisplayHint$u20$as$u20$aya_log_common..WriteToBuf$GT$5write17he7e9229fba75df25E` size 12
[DEBUG aya_obj::relocation] finished relocating program `sys_exit_socket` function `_ZN74_$LT$aya_log_common..DisplayHint$u20$as$u20$aya_log_common..WriteToBuf$GT$5write17he7e9229fba75df25E`
[DEBUG aya_obj::relocation] callee `_ZN74_$LT$aya_log_common..DisplayHint$u20$as$u20$aya_log_common..WriteToBuf$GT$5write17he7e9229fba75df25E` is at ins 356, 75 from current instruction 280
[DEBUG aya_obj::relocation] relocating call to callee address 0x1c0 in section 2 (relocation) at instruction 290
[DEBUG aya_obj::relocation] callee is `_ZN50_$LT$u16$u20$as$u20$aya_log_common..WriteToBuf$GT$5write17h095758840b5785beE`
[DEBUG aya_obj::relocation] linked function `_ZN50_$LT$u16$u20$as$u20$aya_log_common..WriteToBuf$GT$5write17h095758840b5785beE` at instruction 368
[DEBUG aya_obj::relocation] relocating program `sys_exit_socket` function `_ZN50_$LT$u16$u20$as$u20$aya_log_common..WriteToBuf$GT$5write17h095758840b5785beE` size 16
[DEBUG aya_obj::relocation] finished relocating program `sys_exit_socket` function `_ZN50_$LT$u16$u20$as$u20$aya_log_common..WriteToBuf$GT$5write17h095758840b5785beE`
[DEBUG aya_obj::relocation] callee `_ZN50_$LT$u16$u20$as$u20$aya_log_common..WriteToBuf$GT$5write17h095758840b5785beE` is at ins 368, 77 from current instruction 290
[DEBUG aya_obj::relocation] relocating call to callee address 0x160 in section 2 (relocation) at instruction 310
[DEBUG aya_obj::relocation] callee is `_ZN74_$LT$aya_log_common..DisplayHint$u20$as$u20$aya_log_common..WriteToBuf$GT$5write17he7e9229fba75df25E`
[DEBUG aya_obj::relocation] callee `_ZN74_$LT$aya_log_common..DisplayHint$u20$as$u20$aya_log_common..WriteToBuf$GT$5write17he7e9229fba75df25E` is at ins 356, 45 from current instruction 310
[DEBUG aya_obj::relocation] relocating call to callee address 0x1c0 in section 2 (relocation) at instruction 319
[DEBUG aya_obj::relocation] callee is `_ZN50_$LT$u16$u20$as$u20$aya_log_common..WriteToBuf$GT$5write17h095758840b5785beE`
[DEBUG aya_obj::relocation] callee `_ZN50_$LT$u16$u20$as$u20$aya_log_common..WriteToBuf$GT$5write17h095758840b5785beE` is at ins 368, 48 from current instruction 319
[DEBUG aya_obj::relocation] finished relocating program `sys_exit_socket` function `sys_exit_socket`
[DEBUG aya_obj::relocation] relocating program `sys_exit_write` function `sys_exit_write` size 3457
[DEBUG aya_obj::relocation] relocating call to callee address 0x160 in section 2 (relocation) at instruction 265
[DEBUG aya_obj::relocation] callee is `_ZN74_$LT$aya_log_common..DisplayHint$u20$as$u20$aya_log_common..WriteToBuf$GT$5write17he7e9229fba75df25E`
[DEBUG aya_obj::relocation] linked function `_ZN74_$LT$aya_log_common..DisplayHint$u20$as$u20$aya_log_common..WriteToBuf$GT$5write17he7e9229fba75df25E` at instruction 3457
[DEBUG aya_obj::relocation] relocating program `sys_exit_write` function `_ZN74_$LT$aya_log_common..DisplayHint$u20$as$u20$aya_log_common..WriteToBuf$GT$5write17he7e9229fba75df25E` size 12
[DEBUG aya_obj::relocation] finished relocating program `sys_exit_write` function `_ZN74_$LT$aya_log_common..DisplayHint$u20$as$u20$aya_log_common..WriteToBuf$GT$5write17he7e9229fba75df25E`
[DEBUG aya_obj::relocation] callee `_ZN74_$LT$aya_log_common..DisplayHint$u20$as$u20$aya_log_common..WriteToBuf$GT$5write17he7e9229fba75df25E` is at ins 3457, 3191 from current instruction 265
[DEBUG aya_obj::relocation] relocating call to callee address 0x240 in section 2 (relocation) at instruction 273
[DEBUG aya_obj::relocation] callee is `_ZN50_$LT$i64$u20$as$u20$aya_log_common..WriteToBuf$GT$5write17hf8316b625aae9decE`
[DEBUG aya_obj::relocation] linked function `_ZN50_$LT$i64$u20$as$u20$aya_log_common..WriteToBuf$GT$5write17hf8316b625aae9decE` at instruction 3469
[DEBUG aya_obj::relocation] relocating program `sys_exit_write` function `_ZN50_$LT$i64$u20$as$u20$aya_log_common..WriteToBuf$GT$5write17hf8316b625aae9decE` size 28
[DEBUG aya_obj::relocation] finished relocating program `sys_exit_write` function `_ZN50_$LT$i64$u20$as$u20$aya_log_common..WriteToBuf$GT$5write17hf8316b625aae9decE`
[DEBUG aya_obj::relocation] callee `_ZN50_$LT$i64$u20$as$u20$aya_log_common..WriteToBuf$GT$5write17hf8316b625aae9decE` is at ins 3469, 3195 from current instruction 273
[DEBUG aya_obj::relocation] relocating call to callee address 0x160 in section 2 (relocation) at instruction 539
[DEBUG aya_obj::relocation] callee is `_ZN74_$LT$aya_log_common..DisplayHint$u20$as$u20$aya_log_common..WriteToBuf$GT$5write17he7e9229fba75df25E`
[DEBUG aya_obj::relocation] callee `_ZN74_$LT$aya_log_common..DisplayHint$u20$as$u20$aya_log_common..WriteToBuf$GT$5write17he7e9229fba75df25E` is at ins 3457, 2917 from current instruction 539
[DEBUG aya_obj::relocation] relocating call to callee address 0x1c0 in section 2 (relocation) at instruction 549
[DEBUG aya_obj::relocation] callee is `_ZN50_$LT$u16$u20$as$u20$aya_log_common..WriteToBuf$GT$5write17h095758840b5785beE`
[DEBUG aya_obj::relocation] linked function `_ZN50_$LT$u16$u20$as$u20$aya_log_common..WriteToBuf$GT$5write17h095758840b5785beE` at instruction 3497
[DEBUG aya_obj::relocation] relocating program `sys_exit_write` function `_ZN50_$LT$u16$u20$as$u20$aya_log_common..WriteToBuf$GT$5write17h095758840b5785beE` size 16
[DEBUG aya_obj::relocation] finished relocating program `sys_exit_write` function `_ZN50_$LT$u16$u20$as$u20$aya_log_common..WriteToBuf$GT$5write17h095758840b5785beE`
[DEBUG aya_obj::relocation] callee `_ZN50_$LT$u16$u20$as$u20$aya_log_common..WriteToBuf$GT$5write17h095758840b5785beE` is at ins 3497, 2947 from current instruction 549
[DEBUG aya_obj::relocation] relocating call to callee address 0x160 in section 2 (relocation) at instruction 569
[DEBUG aya_obj::relocation] callee is `_ZN74_$LT$aya_log_common..DisplayHint$u20$as$u20$aya_log_common..WriteToBuf$GT$5write17he7e9229fba75df25E`
[DEBUG aya_obj::relocation] callee `_ZN74_$LT$aya_log_common..DisplayHint$u20$as$u20$aya_log_common..WriteToBuf$GT$5write17he7e9229fba75df25E` is at ins 3457, 2887 from current instruction 569
[DEBUG aya_obj::relocation] relocating call to callee address 0x1c0 in section 2 (relocation) at instruction 578
[DEBUG aya_obj::relocation] callee is `_ZN50_$LT$u16$u20$as$u20$aya_log_common..WriteToBuf$GT$5write17h095758840b5785beE`
[DEBUG aya_obj::relocation] callee `_ZN50_$LT$u16$u20$as$u20$aya_log_common..WriteToBuf$GT$5write17h095758840b5785beE` is at ins 3497, 2918 from current instruction 578
[DEBUG aya_obj::relocation] relocating call to callee address 0x120 in section 2 (relocation) at instruction 1059
[DEBUG aya_obj::relocation] callee is `memset`
[DEBUG aya_obj::relocation] linked function `memset` at instruction 3513
[DEBUG aya_obj::relocation] relocating program `sys_exit_write` function `memset` size 8
[DEBUG aya_obj::relocation] finished relocating program `sys_exit_write` function `memset`
[DEBUG aya_obj::relocation] callee `memset` is at ins 3513, 2453 from current instruction 1059
[DEBUG aya_obj::relocation] relocating call to callee address 0x120 in section 2 (relocation) at instruction 1355
[DEBUG aya_obj::relocation] callee is `memset`
[DEBUG aya_obj::relocation] callee `memset` is at ins 3513, 2157 from current instruction 1355
[DEBUG aya_obj::relocation] relocating call to callee address 0x7f0 in section 2 (relocation) at instruction 2003
[DEBUG aya_obj::relocation] callee is `_ZN9l7_parser7mongodb5parse7mongodb17h0ce161e5e49c53a0E`
[DEBUG aya_obj::relocation] linked function `_ZN9l7_parser7mongodb5parse7mongodb17h0ce161e5e49c53a0E` at instruction 3521
[DEBUG aya_obj::relocation] relocating program `sys_exit_write` function `_ZN9l7_parser7mongodb5parse7mongodb17h0ce161e5e49c53a0E` size 129
[DEBUG aya_obj::relocation] finished relocating program `sys_exit_write` function `_ZN9l7_parser7mongodb5parse7mongodb17h0ce161e5e49c53a0E`
[DEBUG aya_obj::relocation] callee `_ZN9l7_parser7mongodb5parse7mongodb17h0ce161e5e49c53a0E` is at ins 3521, 1517 from current instruction 2003
[DEBUG aya_obj::relocation] relocating call to callee address 0x320 in section 2 (relocation) at instruction 2247
[DEBUG aya_obj::relocation] callee is `_ZN9l7_parser5http15parse5http117h5db1e8a2e970840bE`
[DEBUG aya_obj::relocation] linked function `_ZN9l7_parser5http15parse5http117h5db1e8a2e970840bE` at instruction 3650
[DEBUG aya_obj::relocation] relocating program `sys_exit_write` function `_ZN9l7_parser5http15parse5http117h5db1e8a2e970840bE` size 154
[DEBUG aya_obj::relocation] finished relocating program `sys_exit_write` function `_ZN9l7_parser5http15parse5http117h5db1e8a2e970840bE`
[DEBUG aya_obj::relocation] callee `_ZN9l7_parser5http15parse5http117h5db1e8a2e970840bE` is at ins 3650, 1402 from current instruction 2247
[DEBUG aya_obj::relocation] relocating call to callee address 0x0 in section 2 (relocation) at instruction 2507
[DEBUG aya_obj::relocation] callee is `memcpy`
[DEBUG aya_obj::relocation] linked function `memcpy` at instruction 3804
[DEBUG aya_obj::relocation] relocating program `sys_exit_write` function `memcpy` size 11
[DEBUG aya_obj::relocation] finished relocating program `sys_exit_write` function `memcpy`
[DEBUG aya_obj::relocation] callee `memcpy` is at ins 3804, 1296 from current instruction 2507
[DEBUG aya_obj::relocation] relocating call to callee address 0x0 in section 2 (relocation) at instruction 2541
[DEBUG aya_obj::relocation] callee is `memcpy`
[DEBUG aya_obj::relocation] callee `memcpy` is at ins 3804, 1262 from current instruction 2541
[DEBUG aya_obj::relocation] relocating call to callee address 0x7f0 in section 2 (relocation) at instruction 2554
[DEBUG aya_obj::relocation] callee is `_ZN9l7_parser7mongodb5parse7mongodb17h0ce161e5e49c53a0E`
[DEBUG aya_obj::relocation] callee `_ZN9l7_parser7mongodb5parse7mongodb17h0ce161e5e49c53a0E` is at ins 3521, 966 from current instruction 2554
[DEBUG aya_obj::relocation] relocating call to callee address 0x0 in section 2 (relocation) at instruction 2819
[DEBUG aya_obj::relocation] callee is `memcpy`
[DEBUG aya_obj::relocation] callee `memcpy` is at ins 3804, 984 from current instruction 2819
[DEBUG aya_obj::relocation] relocating call to callee address 0x0 in section 2 (relocation) at instruction 2852
[DEBUG aya_obj::relocation] callee is `memcpy`
[DEBUG aya_obj::relocation] callee `memcpy` is at ins 3804, 951 from current instruction 2852
[DEBUG aya_obj::relocation] relocating call to callee address 0x320 in section 2 (relocation) at instruction 2862
[DEBUG aya_obj::relocation] callee is `_ZN9l7_parser5http15parse5http117h5db1e8a2e970840bE`
[DEBUG aya_obj::relocation] callee `_ZN9l7_parser5http15parse5http117h5db1e8a2e970840bE` is at ins 3650, 787 from current instruction 2862
[DEBUG aya_obj::relocation] relocating call to callee address 0x120 in section 2 (relocation) at instruction 2953
[DEBUG aya_obj::relocation] callee is `memset`
[DEBUG aya_obj::relocation] callee `memset` is at ins 3513, 559 from current instruction 2953
[DEBUG aya_obj::relocation] relocating call to callee address 0x0 in section 2 (relocation) at instruction 3137
[DEBUG aya_obj::relocation] callee is `memcpy`
[DEBUG aya_obj::relocation] callee `memcpy` is at ins 3804, 666 from current instruction 3137
[DEBUG aya_obj::relocation] relocating call to callee address 0x0 in section 2 (relocation) at instruction 3174
[DEBUG aya_obj::relocation] callee is `memcpy`
[DEBUG aya_obj::relocation] callee `memcpy` is at ins 3804, 629 from current instruction 3174
[DEBUG aya_obj::relocation] relocating call to callee address 0x120 in section 2 (relocation) at instruction 3269
[DEBUG aya_obj::relocation] callee is `memset`
[DEBUG aya_obj::relocation] callee `memset` is at ins 3513, 243 from current instruction 3269
[DEBUG aya_obj::relocation] finished relocating program `sys_exit_write` function `sys_exit_write`
[DEBUG aya_obj::relocation] relocating program `sys_exit_sendmsg` function `sys_exit_sendmsg` size 3469
[DEBUG aya_obj::relocation] relocating call to callee address 0x160 in section 2 (relocation) at instruction 265
[DEBUG aya_obj::relocation] callee is `_ZN74_$LT$aya_log_common..DisplayHint$u20$as$u20$aya_log_common..WriteToBuf$GT$5write17he7e9229fba75df25E`
[DEBUG aya_obj::relocation] linked function `_ZN74_$LT$aya_log_common..DisplayHint$u20$as$u20$aya_log_common..WriteToBuf$GT$5write17he7e9229fba75df25E` at instruction 3469
[DEBUG aya_obj::relocation] relocating program `sys_exit_sendmsg` function `_ZN74_$LT$aya_log_common..DisplayHint$u20$as$u20$aya_log_common..WriteToBuf$GT$5write17he7e9229fba75df25E` size 12
[DEBUG aya_obj::relocation] finished relocating program `sys_exit_sendmsg` function `_ZN74_$LT$aya_log_common..DisplayHint$u20$as$u20$aya_log_common..WriteToBuf$GT$5write17he7e9229fba75df25E`
[DEBUG aya_obj::relocation] callee `_ZN74_$LT$aya_log_common..DisplayHint$u20$as$u20$aya_log_common..WriteToBuf$GT$5write17he7e9229fba75df25E` is at ins 3469, 3203 from current instruction 265
[DEBUG aya_obj::relocation] relocating call to callee address 0x240 in section 2 (relocation) at instruction 273
[DEBUG aya_obj::relocation] callee is `_ZN50_$LT$i64$u20$as$u20$aya_log_common..WriteToBuf$GT$5write17hf8316b625aae9decE`
[DEBUG aya_obj::relocation] linked function `_ZN50_$LT$i64$u20$as$u20$aya_log_common..WriteToBuf$GT$5write17hf8316b625aae9decE` at instruction 3481
[DEBUG aya_obj::relocation] relocating program `sys_exit_sendmsg` function `_ZN50_$LT$i64$u20$as$u20$aya_log_common..WriteToBuf$GT$5write17hf8316b625aae9decE` size 28
[DEBUG aya_obj::relocation] finished relocating program `sys_exit_sendmsg` function `_ZN50_$LT$i64$u20$as$u20$aya_log_common..WriteToBuf$GT$5write17hf8316b625aae9decE`
[DEBUG aya_obj::relocation] callee `_ZN50_$LT$i64$u20$as$u20$aya_log_common..WriteToBuf$GT$5write17hf8316b625aae9decE` is at ins 3481, 3207 from current instruction 273
[DEBUG aya_obj::relocation] relocating call to callee address 0x160 in section 2 (relocation) at instruction 551
[DEBUG aya_obj::relocation] callee is `_ZN74_$LT$aya_log_common..DisplayHint$u20$as$u20$aya_log_common..WriteToBuf$GT$5write17he7e9229fba75df25E`
[DEBUG aya_obj::relocation] callee `_ZN74_$LT$aya_log_common..DisplayHint$u20$as$u20$aya_log_common..WriteToBuf$GT$5write17he7e9229fba75df25E` is at ins 3469, 2917 from current instruction 551
[DEBUG aya_obj::relocation] relocating call to callee address 0x1c0 in section 2 (relocation) at instruction 561
[DEBUG aya_obj::relocation] callee is `_ZN50_$LT$u16$u20$as$u20$aya_log_common..WriteToBuf$GT$5write17h095758840b5785beE`
[DEBUG aya_obj::relocation] linked function `_ZN50_$LT$u16$u20$as$u20$aya_log_common..WriteToBuf$GT$5write17h095758840b5785beE` at instruction 3509
[DEBUG aya_obj::relocation] relocating program `sys_exit_sendmsg` function `_ZN50_$LT$u16$u20$as$u20$aya_log_common..WriteToBuf$GT$5write17h095758840b5785beE` size 16
[DEBUG aya_obj::relocation] finished relocating program `sys_exit_sendmsg` function `_ZN50_$LT$u16$u20$as$u20$aya_log_common..WriteToBuf$GT$5write17h095758840b5785beE`
[DEBUG aya_obj::relocation] callee `_ZN50_$LT$u16$u20$as$u20$aya_log_common..WriteToBuf$GT$5write17h095758840b5785beE` is at ins 3509, 2947 from current instruction 561
[DEBUG aya_obj::relocation] relocating call to callee address 0x160 in section 2 (relocation) at instruction 581
[DEBUG aya_obj::relocation] callee is `_ZN74_$LT$aya_log_common..DisplayHint$u20$as$u20$aya_log_common..WriteToBuf$GT$5write17he7e9229fba75df25E`
[DEBUG aya_obj::relocation] callee `_ZN74_$LT$aya_log_common..DisplayHint$u20$as$u20$aya_log_common..WriteToBuf$GT$5write17he7e9229fba75df25E` is at ins 3469, 2887 from current instruction 581
[DEBUG aya_obj::relocation] relocating call to callee address 0x1c0 in section 2 (relocation) at instruction 590
[DEBUG aya_obj::relocation] callee is `_ZN50_$LT$u16$u20$as$u20$aya_log_common..WriteToBuf$GT$5write17h095758840b5785beE`
[DEBUG aya_obj::relocation] callee `_ZN50_$LT$u16$u20$as$u20$aya_log_common..WriteToBuf$GT$5write17h095758840b5785beE` is at ins 3509, 2918 from current instruction 590
[DEBUG aya_obj::relocation] relocating call to callee address 0x120 in section 2 (relocation) at instruction 1071
[DEBUG aya_obj::relocation] callee is `memset`
[DEBUG aya_obj::relocation] linked function `memset` at instruction 3525
[DEBUG aya_obj::relocation] relocating program `sys_exit_sendmsg` function `memset` size 8
[DEBUG aya_obj::relocation] finished relocating program `sys_exit_sendmsg` function `memset`
[DEBUG aya_obj::relocation] callee `memset` is at ins 3525, 2453 from current instruction 1071
[DEBUG aya_obj::relocation] relocating call to callee address 0x120 in section 2 (relocation) at instruction 1367
[DEBUG aya_obj::relocation] callee is `memset`
[DEBUG aya_obj::relocation] callee `memset` is at ins 3525, 2157 from current instruction 1367
[DEBUG aya_obj::relocation] relocating call to callee address 0x7f0 in section 2 (relocation) at instruction 2015
[DEBUG aya_obj::relocation] callee is `_ZN9l7_parser7mongodb5parse7mongodb17h0ce161e5e49c53a0E`
[DEBUG aya_obj::relocation] linked function `_ZN9l7_parser7mongodb5parse7mongodb17h0ce161e5e49c53a0E` at instruction 3533
[DEBUG aya_obj::relocation] relocating program `sys_exit_sendmsg` function `_ZN9l7_parser7mongodb5parse7mongodb17h0ce161e5e49c53a0E` size 129
[DEBUG aya_obj::relocation] finished relocating program `sys_exit_sendmsg` function `_ZN9l7_parser7mongodb5parse7mongodb17h0ce161e5e49c53a0E`
[DEBUG aya_obj::relocation] callee `_ZN9l7_parser7mongodb5parse7mongodb17h0ce161e5e49c53a0E` is at ins 3533, 1517 from current instruction 2015
[DEBUG aya_obj::relocation] relocating call to callee address 0x320 in section 2 (relocation) at instruction 2259
[DEBUG aya_obj::relocation] callee is `_ZN9l7_parser5http15parse5http117h5db1e8a2e970840bE`
[DEBUG aya_obj::relocation] linked function `_ZN9l7_parser5http15parse5http117h5db1e8a2e970840bE` at instruction 3662
[DEBUG aya_obj::relocation] relocating program `sys_exit_sendmsg` function `_ZN9l7_parser5http15parse5http117h5db1e8a2e970840bE` size 154
[DEBUG aya_obj::relocation] finished relocating program `sys_exit_sendmsg` function `_ZN9l7_parser5http15parse5http117h5db1e8a2e970840bE`
[DEBUG aya_obj::relocation] callee `_ZN9l7_parser5http15parse5http117h5db1e8a2e970840bE` is at ins 3662, 1402 from current instruction 2259
[DEBUG aya_obj::relocation] relocating call to callee address 0x0 in section 2 (relocation) at instruction 2519
[DEBUG aya_obj::relocation] callee is `memcpy`
[DEBUG aya_obj::relocation] linked function `memcpy` at instruction 3816
[DEBUG aya_obj::relocation] relocating program `sys_exit_sendmsg` function `memcpy` size 11
[DEBUG aya_obj::relocation] finished relocating program `sys_exit_sendmsg` function `memcpy`
[DEBUG aya_obj::relocation] callee `memcpy` is at ins 3816, 1296 from current instruction 2519
[DEBUG aya_obj::relocation] relocating call to callee address 0x0 in section 2 (relocation) at instruction 2553
[DEBUG aya_obj::relocation] callee is `memcpy`
[DEBUG aya_obj::relocation] callee `memcpy` is at ins 3816, 1262 from current instruction 2553
[DEBUG aya_obj::relocation] relocating call to callee address 0x7f0 in section 2 (relocation) at instruction 2566
[DEBUG aya_obj::relocation] callee is `_ZN9l7_parser7mongodb5parse7mongodb17h0ce161e5e49c53a0E`
[DEBUG aya_obj::relocation] callee `_ZN9l7_parser7mongodb5parse7mongodb17h0ce161e5e49c53a0E` is at ins 3533, 966 from current instruction 2566
[DEBUG aya_obj::relocation] relocating call to callee address 0x0 in section 2 (relocation) at instruction 2831
[DEBUG aya_obj::relocation] callee is `memcpy`
[DEBUG aya_obj::relocation] callee `memcpy` is at ins 3816, 984 from current instruction 2831
[DEBUG aya_obj::relocation] relocating call to callee address 0x0 in section 2 (relocation) at instruction 2864
[DEBUG aya_obj::relocation] callee is `memcpy`
[DEBUG aya_obj::relocation] callee `memcpy` is at ins 3816, 951 from current instruction 2864
[DEBUG aya_obj::relocation] relocating call to callee address 0x320 in section 2 (relocation) at instruction 2874
[DEBUG aya_obj::relocation] callee is `_ZN9l7_parser5http15parse5http117h5db1e8a2e970840bE`
[DEBUG aya_obj::relocation] callee `_ZN9l7_parser5http15parse5http117h5db1e8a2e970840bE` is at ins 3662, 787 from current instruction 2874
[DEBUG aya_obj::relocation] relocating call to callee address 0x120 in section 2 (relocation) at instruction 2965
[DEBUG aya_obj::relocation] callee is `memset`
[DEBUG aya_obj::relocation] callee `memset` is at ins 3525, 559 from current instruction 2965
[DEBUG aya_obj::relocation] relocating call to callee address 0x0 in section 2 (relocation) at instruction 3149
[DEBUG aya_obj::relocation] callee is `memcpy`
[DEBUG aya_obj::relocation] callee `memcpy` is at ins 3816, 666 from current instruction 3149
[DEBUG aya_obj::relocation] relocating call to callee address 0x0 in section 2 (relocation) at instruction 3186
[DEBUG aya_obj::relocation] callee is `memcpy`
[DEBUG aya_obj::relocation] callee `memcpy` is at ins 3816, 629 from current instruction 3186
[DEBUG aya_obj::relocation] relocating call to callee address 0x120 in section 2 (relocation) at instruction 3281
[DEBUG aya_obj::relocation] callee is `memset`
[DEBUG aya_obj::relocation] callee `memset` is at ins 3525, 243 from current instruction 3281
[DEBUG aya_obj::relocation] finished relocating program `sys_exit_sendmsg` function `sys_exit_sendmsg`
[DEBUG aya_obj::relocation] relocating program `sys_enter_sendmmsg` function `sys_enter_sendmmsg` size 463
[DEBUG aya_obj::relocation] relocating call to callee address 0x160 in section 2 (relocation) at instruction 402
[DEBUG aya_obj::relocation] callee is `_ZN74_$LT$aya_log_common..DisplayHint$u20$as$u20$aya_log_common..WriteToBuf$GT$5write17he7e9229fba75df25E`
[DEBUG aya_obj::relocation] linked function `_ZN74_$LT$aya_log_common..DisplayHint$u20$as$u20$aya_log_common..WriteToBuf$GT$5write17he7e9229fba75df25E` at instruction 463
[DEBUG aya_obj::relocation] relocating program `sys_enter_sendmmsg` function `_ZN74_$LT$aya_log_common..DisplayHint$u20$as$u20$aya_log_common..WriteToBuf$GT$5write17he7e9229fba75df25E` size 12
[DEBUG aya_obj::relocation] finished relocating program `sys_enter_sendmmsg` function `_ZN74_$LT$aya_log_common..DisplayHint$u20$as$u20$aya_log_common..WriteToBuf$GT$5write17he7e9229fba75df25E`
[DEBUG aya_obj::relocation] callee `_ZN74_$LT$aya_log_common..DisplayHint$u20$as$u20$aya_log_common..WriteToBuf$GT$5write17he7e9229fba75df25E` is at ins 463, 60 from current instruction 402
[DEBUG aya_obj::relocation] relocating call to callee address 0x1c0 in section 2 (relocation) at instruction 411
[DEBUG aya_obj::relocation] callee is `_ZN50_$LT$u16$u20$as$u20$aya_log_common..WriteToBuf$GT$5write17h095758840b5785beE`
[DEBUG aya_obj::relocation] linked function `_ZN50_$LT$u16$u20$as$u20$aya_log_common..WriteToBuf$GT$5write17h095758840b5785beE` at instruction 475
[DEBUG aya_obj::relocation] relocating program `sys_enter_sendmmsg` function `_ZN50_$LT$u16$u20$as$u20$aya_log_common..WriteToBuf$GT$5write17h095758840b5785beE` size 16
[DEBUG aya_obj::relocation] finished relocating program `sys_enter_sendmmsg` function `_ZN50_$LT$u16$u20$as$u20$aya_log_common..WriteToBuf$GT$5write17h095758840b5785beE`
[DEBUG aya_obj::relocation] callee `_ZN50_$LT$u16$u20$as$u20$aya_log_common..WriteToBuf$GT$5write17h095758840b5785beE` is at ins 475, 63 from current instruction 411
[DEBUG aya_obj::relocation] relocating call to callee address 0x160 in section 2 (relocation) at instruction 431
[DEBUG aya_obj::relocation] callee is `_ZN74_$LT$aya_log_common..DisplayHint$u20$as$u20$aya_log_common..WriteToBuf$GT$5write17he7e9229fba75df25E`
[DEBUG aya_obj::relocation] callee `_ZN74_$LT$aya_log_common..DisplayHint$u20$as$u20$aya_log_common..WriteToBuf$GT$5write17he7e9229fba75df25E` is at ins 463, 31 from current instruction 431
[DEBUG aya_obj::relocation] relocating call to callee address 0x1c0 in section 2 (relocation) at instruction 441
[DEBUG aya_obj::relocation] callee is `_ZN50_$LT$u16$u20$as$u20$aya_log_common..WriteToBuf$GT$5write17h095758840b5785beE`
[DEBUG aya_obj::relocation] callee `_ZN50_$LT$u16$u20$as$u20$aya_log_common..WriteToBuf$GT$5write17h095758840b5785beE` is at ins 475, 33 from current instruction 441
[DEBUG aya_obj::relocation] finished relocating program `sys_enter_sendmmsg` function `sys_enter_sendmmsg`
[DEBUG aya_obj::relocation] relocating program `sys_exit_recvfrom` function `sys_exit_recvfrom` size 3512
[DEBUG aya_obj::relocation] relocating call to callee address 0x160 in section 2 (relocation) at instruction 265
[DEBUG aya_obj::relocation] callee is `_ZN74_$LT$aya_log_common..DisplayHint$u20$as$u20$aya_log_common..WriteToBuf$GT$5write17he7e9229fba75df25E`
[DEBUG aya_obj::relocation] linked function `_ZN74_$LT$aya_log_common..DisplayHint$u20$as$u20$aya_log_common..WriteToBuf$GT$5write17he7e9229fba75df25E` at instruction 3512
[DEBUG aya_obj::relocation] relocating program `sys_exit_recvfrom` function `_ZN74_$LT$aya_log_common..DisplayHint$u20$as$u20$aya_log_common..WriteToBuf$GT$5write17he7e9229fba75df25E` size 12
[DEBUG aya_obj::relocation] finished relocating program `sys_exit_recvfrom` function `_ZN74_$LT$aya_log_common..DisplayHint$u20$as$u20$aya_log_common..WriteToBuf$GT$5write17he7e9229fba75df25E`
[DEBUG aya_obj::relocation] callee `_ZN74_$LT$aya_log_common..DisplayHint$u20$as$u20$aya_log_common..WriteToBuf$GT$5write17he7e9229fba75df25E` is at ins 3512, 3246 from current instruction 265
[DEBUG aya_obj::relocation] relocating call to callee address 0x240 in section 2 (relocation) at instruction 273
[DEBUG aya_obj::relocation] callee is `_ZN50_$LT$i64$u20$as$u20$aya_log_common..WriteToBuf$GT$5write17hf8316b625aae9decE`
[DEBUG aya_obj::relocation] linked function `_ZN50_$LT$i64$u20$as$u20$aya_log_common..WriteToBuf$GT$5write17hf8316b625aae9decE` at instruction 3524
[DEBUG aya_obj::relocation] relocating program `sys_exit_recvfrom` function `_ZN50_$LT$i64$u20$as$u20$aya_log_common..WriteToBuf$GT$5write17hf8316b625aae9decE` size 28
[DEBUG aya_obj::relocation] finished relocating program `sys_exit_recvfrom` function `_ZN50_$LT$i64$u20$as$u20$aya_log_common..WriteToBuf$GT$5write17hf8316b625aae9decE`
[DEBUG aya_obj::relocation] callee `_ZN50_$LT$i64$u20$as$u20$aya_log_common..WriteToBuf$GT$5write17hf8316b625aae9decE` is at ins 3524, 3250 from current instruction 273
[DEBUG aya_obj::relocation] relocating call to callee address 0x160 in section 2 (relocation) at instruction 557
[DEBUG aya_obj::relocation] callee is `_ZN74_$LT$aya_log_common..DisplayHint$u20$as$u20$aya_log_common..WriteToBuf$GT$5write17he7e9229fba75df25E`
[DEBUG aya_obj::relocation] callee `_ZN74_$LT$aya_log_common..DisplayHint$u20$as$u20$aya_log_common..WriteToBuf$GT$5write17he7e9229fba75df25E` is at ins 3512, 2954 from current instruction 557
[DEBUG aya_obj::relocation] relocating call to callee address 0x1c0 in section 2 (relocation) at instruction 567
[DEBUG aya_obj::relocation] callee is `_ZN50_$LT$u16$u20$as$u20$aya_log_common..WriteToBuf$GT$5write17h095758840b5785beE`
[DEBUG aya_obj::relocation] linked function `_ZN50_$LT$u16$u20$as$u20$aya_log_common..WriteToBuf$GT$5write17h095758840b5785beE` at instruction 3552
[DEBUG aya_obj::relocation] relocating program `sys_exit_recvfrom` function `_ZN50_$LT$u16$u20$as$u20$aya_log_common..WriteToBuf$GT$5write17h095758840b5785beE` size 16
[DEBUG aya_obj::relocation] finished relocating program `sys_exit_recvfrom` function `_ZN50_$LT$u16$u20$as$u20$aya_log_common..WriteToBuf$GT$5write17h095758840b5785beE`
[DEBUG aya_obj::relocation] callee `_ZN50_$LT$u16$u20$as$u20$aya_log_common..WriteToBuf$GT$5write17h095758840b5785beE` is at ins 3552, 2984 from current instruction 567
[DEBUG aya_obj::relocation] relocating call to callee address 0x160 in section 2 (relocation) at instruction 587
[DEBUG aya_obj::relocation] callee is `_ZN74_$LT$aya_log_common..DisplayHint$u20$as$u20$aya_log_common..WriteToBuf$GT$5write17he7e9229fba75df25E`
[DEBUG aya_obj::relocation] callee `_ZN74_$LT$aya_log_common..DisplayHint$u20$as$u20$aya_log_common..WriteToBuf$GT$5write17he7e9229fba75df25E` is at ins 3512, 2924 from current instruction 587
[DEBUG aya_obj::relocation] relocating call to callee address 0x1c0 in section 2 (relocation) at instruction 596
[DEBUG aya_obj::relocation] callee is `_ZN50_$LT$u16$u20$as$u20$aya_log_common..WriteToBuf$GT$5write17h095758840b5785beE`
[DEBUG aya_obj::relocation] callee `_ZN50_$LT$u16$u20$as$u20$aya_log_common..WriteToBuf$GT$5write17h095758840b5785beE` is at ins 3552, 2955 from current instruction 596
[DEBUG aya_obj::relocation] relocating call to callee address 0x120 in section 2 (relocation) at instruction 1077
[DEBUG aya_obj::relocation] callee is `memset`
[DEBUG aya_obj::relocation] linked function `memset` at instruction 3568
[DEBUG aya_obj::relocation] relocating program `sys_exit_recvfrom` function `memset` size 8
[DEBUG aya_obj::relocation] finished relocating program `sys_exit_recvfrom` function `memset`
[DEBUG aya_obj::relocation] callee `memset` is at ins 3568, 2490 from current instruction 1077
[DEBUG aya_obj::relocation] relocating call to callee address 0x120 in section 2 (relocation) at instruction 1373
[DEBUG aya_obj::relocation] callee is `memset`
[DEBUG aya_obj::relocation] callee `memset` is at ins 3568, 2194 from current instruction 1373
[DEBUG aya_obj::relocation] relocating call to callee address 0x7f0 in section 2 (relocation) at instruction 2031
[DEBUG aya_obj::relocation] callee is `_ZN9l7_parser7mongodb5parse7mongodb17h0ce161e5e49c53a0E`
[DEBUG aya_obj::relocation] linked function `_ZN9l7_parser7mongodb5parse7mongodb17h0ce161e5e49c53a0E` at instruction 3576
[DEBUG aya_obj::relocation] relocating program `sys_exit_recvfrom` function `_ZN9l7_parser7mongodb5parse7mongodb17h0ce161e5e49c53a0E` size 129
[DEBUG aya_obj::relocation] finished relocating program `sys_exit_recvfrom` function `_ZN9l7_parser7mongodb5parse7mongodb17h0ce161e5e49c53a0E`
[DEBUG aya_obj::relocation] callee `_ZN9l7_parser7mongodb5parse7mongodb17h0ce161e5e49c53a0E` is at ins 3576, 1544 from current instruction 2031
[DEBUG aya_obj::relocation] relocating call to callee address 0x320 in section 2 (relocation) at instruction 2120
[DEBUG aya_obj::relocation] callee is `_ZN9l7_parser5http15parse5http117h5db1e8a2e970840bE`
[DEBUG aya_obj::relocation] linked function `_ZN9l7_parser5http15parse5http117h5db1e8a2e970840bE` at instruction 3705
[DEBUG aya_obj::relocation] relocating program `sys_exit_recvfrom` function `_ZN9l7_parser5http15parse5http117h5db1e8a2e970840bE` size 154
[DEBUG aya_obj::relocation] finished relocating program `sys_exit_recvfrom` function `_ZN9l7_parser5http15parse5http117h5db1e8a2e970840bE`
[DEBUG aya_obj::relocation] callee `_ZN9l7_parser5http15parse5http117h5db1e8a2e970840bE` is at ins 3705, 1584 from current instruction 2120
[DEBUG aya_obj::relocation] relocating call to callee address 0x0 in section 2 (relocation) at instruction 2540
[DEBUG aya_obj::relocation] callee is `memcpy`
[DEBUG aya_obj::relocation] linked function `memcpy` at instruction 3859
[DEBUG aya_obj::relocation] relocating program `sys_exit_recvfrom` function `memcpy` size 11
[DEBUG aya_obj::relocation] finished relocating program `sys_exit_recvfrom` function `memcpy`
[DEBUG aya_obj::relocation] callee `memcpy` is at ins 3859, 1318 from current instruction 2540
[DEBUG aya_obj::relocation] relocating call to callee address 0x0 in section 2 (relocation) at instruction 2573
[DEBUG aya_obj::relocation] callee is `memcpy`
[DEBUG aya_obj::relocation] callee `memcpy` is at ins 3859, 1285 from current instruction 2573
[DEBUG aya_obj::relocation] relocating call to callee address 0x7f0 in section 2 (relocation) at instruction 2586
[DEBUG aya_obj::relocation] callee is `_ZN9l7_parser7mongodb5parse7mongodb17h0ce161e5e49c53a0E`
[DEBUG aya_obj::relocation] callee `_ZN9l7_parser7mongodb5parse7mongodb17h0ce161e5e49c53a0E` is at ins 3576, 989 from current instruction 2586
[DEBUG aya_obj::relocation] relocating call to callee address 0x0 in section 2 (relocation) at instruction 2653
[DEBUG aya_obj::relocation] callee is `memcpy`
[DEBUG aya_obj::relocation] callee `memcpy` is at ins 3859, 1205 from current instruction 2653
[DEBUG aya_obj::relocation] relocating call to callee address 0x0 in section 2 (relocation) at instruction 2686
[DEBUG aya_obj::relocation] callee is `memcpy`
[DEBUG aya_obj::relocation] callee `memcpy` is at ins 3859, 1172 from current instruction 2686
[DEBUG aya_obj::relocation] relocating call to callee address 0x320 in section 2 (relocation) at instruction 2696
[DEBUG aya_obj::relocation] callee is `_ZN9l7_parser5http15parse5http117h5db1e8a2e970840bE`
[DEBUG aya_obj::relocation] callee `_ZN9l7_parser5http15parse5http117h5db1e8a2e970840bE` is at ins 3705, 1008 from current instruction 2696
[DEBUG aya_obj::relocation] relocating call to callee address 0x120 in section 2 (relocation) at instruction 2896
[DEBUG aya_obj::relocation] callee is `memset`
[DEBUG aya_obj::relocation] callee `memset` is at ins 3568, 671 from current instruction 2896
[DEBUG aya_obj::relocation] relocating call to callee address 0x0 in section 2 (relocation) at instruction 2994
[DEBUG aya_obj::relocation] callee is `memcpy`
[DEBUG aya_obj::relocation] callee `memcpy` is at ins 3859, 864 from current instruction 2994
[DEBUG aya_obj::relocation] relocating call to callee address 0x0 in section 2 (relocation) at instruction 3028
[DEBUG aya_obj::relocation] callee is `memcpy`
[DEBUG aya_obj::relocation] callee `memcpy` is at ins 3859, 830 from current instruction 3028
[DEBUG aya_obj::relocation] relocating call to callee address 0x120 in section 2 (relocation) at instruction 3126
[DEBUG aya_obj::relocation] callee is `memset`
[DEBUG aya_obj::relocation] callee `memset` is at ins 3568, 441 from current instruction 3126
[DEBUG aya_obj::relocation] finished relocating program `sys_exit_recvfrom` function `sys_exit_recvfrom`
[DEBUG aya_obj::relocation] relocating program `sys_exit_recvmsg` function `sys_exit_recvmsg` size 3506
[DEBUG aya_obj::relocation] relocating call to callee address 0x160 in section 2 (relocation) at instruction 265
[DEBUG aya_obj::relocation] callee is `_ZN74_$LT$aya_log_common..DisplayHint$u20$as$u20$aya_log_common..WriteToBuf$GT$5write17he7e9229fba75df25E`
[DEBUG aya_obj::relocation] linked function `_ZN74_$LT$aya_log_common..DisplayHint$u20$as$u20$aya_log_common..WriteToBuf$GT$5write17he7e9229fba75df25E` at instruction 3506
[DEBUG aya_obj::relocation] relocating program `sys_exit_recvmsg` function `_ZN74_$LT$aya_log_common..DisplayHint$u20$as$u20$aya_log_common..WriteToBuf$GT$5write17he7e9229fba75df25E` size 12
[DEBUG aya_obj::relocation] finished relocating program `sys_exit_recvmsg` function `_ZN74_$LT$aya_log_common..DisplayHint$u20$as$u20$aya_log_common..WriteToBuf$GT$5write17he7e9229fba75df25E`
[DEBUG aya_obj::relocation] callee `_ZN74_$LT$aya_log_common..DisplayHint$u20$as$u20$aya_log_common..WriteToBuf$GT$5write17he7e9229fba75df25E` is at ins 3506, 3240 from current instruction 265
[DEBUG aya_obj::relocation] relocating call to callee address 0x240 in section 2 (relocation) at instruction 273
[DEBUG aya_obj::relocation] callee is `_ZN50_$LT$i64$u20$as$u20$aya_log_common..WriteToBuf$GT$5write17hf8316b625aae9decE`
[DEBUG aya_obj::relocation] linked function `_ZN50_$LT$i64$u20$as$u20$aya_log_common..WriteToBuf$GT$5write17hf8316b625aae9decE` at instruction 3518
[DEBUG aya_obj::relocation] relocating program `sys_exit_recvmsg` function `_ZN50_$LT$i64$u20$as$u20$aya_log_common..WriteToBuf$GT$5write17hf8316b625aae9decE` size 28
[DEBUG aya_obj::relocation] finished relocating program `sys_exit_recvmsg` function `_ZN50_$LT$i64$u20$as$u20$aya_log_common..WriteToBuf$GT$5write17hf8316b625aae9decE`
[DEBUG aya_obj::relocation] callee `_ZN50_$LT$i64$u20$as$u20$aya_log_common..WriteToBuf$GT$5write17hf8316b625aae9decE` is at ins 3518, 3244 from current instruction 273
[DEBUG aya_obj::relocation] relocating call to callee address 0x160 in section 2 (relocation) at instruction 551
[DEBUG aya_obj::relocation] callee is `_ZN74_$LT$aya_log_common..DisplayHint$u20$as$u20$aya_log_common..WriteToBuf$GT$5write17he7e9229fba75df25E`
[DEBUG aya_obj::relocation] callee `_ZN74_$LT$aya_log_common..DisplayHint$u20$as$u20$aya_log_common..WriteToBuf$GT$5write17he7e9229fba75df25E` is at ins 3506, 2954 from current instruction 551
[DEBUG aya_obj::relocation] relocating call to callee address 0x1c0 in section 2 (relocation) at instruction 561
[DEBUG aya_obj::relocation] callee is `_ZN50_$LT$u16$u20$as$u20$aya_log_common..WriteToBuf$GT$5write17h095758840b5785beE`
[DEBUG aya_obj::relocation] linked function `_ZN50_$LT$u16$u20$as$u20$aya_log_common..WriteToBuf$GT$5write17h095758840b5785beE` at instruction 3546
[DEBUG aya_obj::relocation] relocating program `sys_exit_recvmsg` function `_ZN50_$LT$u16$u20$as$u20$aya_log_common..WriteToBuf$GT$5write17h095758840b5785beE` size 16
[DEBUG aya_obj::relocation] finished relocating program `sys_exit_recvmsg` function `_ZN50_$LT$u16$u20$as$u20$aya_log_common..WriteToBuf$GT$5write17h095758840b5785beE`
[DEBUG aya_obj::relocation] callee `_ZN50_$LT$u16$u20$as$u20$aya_log_common..WriteToBuf$GT$5write17h095758840b5785beE` is at ins 3546, 2984 from current instruction 561
[DEBUG aya_obj::relocation] relocating call to callee address 0x160 in section 2 (relocation) at instruction 581
[DEBUG aya_obj::relocation] callee is `_ZN74_$LT$aya_log_common..DisplayHint$u20$as$u20$aya_log_common..WriteToBuf$GT$5write17he7e9229fba75df25E`
[DEBUG aya_obj::relocation] callee `_ZN74_$LT$aya_log_common..DisplayHint$u20$as$u20$aya_log_common..WriteToBuf$GT$5write17he7e9229fba75df25E` is at ins 3506, 2924 from current instruction 581
[DEBUG aya_obj::relocation] relocating call to callee address 0x1c0 in section 2 (relocation) at instruction 590
[DEBUG aya_obj::relocation] callee is `_ZN50_$LT$u16$u20$as$u20$aya_log_common..WriteToBuf$GT$5write17h095758840b5785beE`
[DEBUG aya_obj::relocation] callee `_ZN50_$LT$u16$u20$as$u20$aya_log_common..WriteToBuf$GT$5write17h095758840b5785beE` is at ins 3546, 2955 from current instruction 590
[DEBUG aya_obj::relocation] relocating call to callee address 0x120 in section 2 (relocation) at instruction 1071
[DEBUG aya_obj::relocation] callee is `memset`
[DEBUG aya_obj::relocation] linked function `memset` at instruction 3562
[DEBUG aya_obj::relocation] relocating program `sys_exit_recvmsg` function `memset` size 8
[DEBUG aya_obj::relocation] finished relocating program `sys_exit_recvmsg` function `memset`
[DEBUG aya_obj::relocation] callee `memset` is at ins 3562, 2490 from current instruction 1071
[DEBUG aya_obj::relocation] relocating call to callee address 0x120 in section 2 (relocation) at instruction 1367
[DEBUG aya_obj::relocation] callee is `memset`
[DEBUG aya_obj::relocation] callee `memset` is at ins 3562, 2194 from current instruction 1367
[DEBUG aya_obj::relocation] relocating call to callee address 0x7f0 in section 2 (relocation) at instruction 2025
[DEBUG aya_obj::relocation] callee is `_ZN9l7_parser7mongodb5parse7mongodb17h0ce161e5e49c53a0E`
[DEBUG aya_obj::relocation] linked function `_ZN9l7_parser7mongodb5parse7mongodb17h0ce161e5e49c53a0E` at instruction 3570
[DEBUG aya_obj::relocation] relocating program `sys_exit_recvmsg` function `_ZN9l7_parser7mongodb5parse7mongodb17h0ce161e5e49c53a0E` size 129
[DEBUG aya_obj::relocation] finished relocating program `sys_exit_recvmsg` function `_ZN9l7_parser7mongodb5parse7mongodb17h0ce161e5e49c53a0E`
[DEBUG aya_obj::relocation] callee `_ZN9l7_parser7mongodb5parse7mongodb17h0ce161e5e49c53a0E` is at ins 3570, 1544 from current instruction 2025
[DEBUG aya_obj::relocation] relocating call to callee address 0x320 in section 2 (relocation) at instruction 2114
[DEBUG aya_obj::relocation] callee is `_ZN9l7_parser5http15parse5http117h5db1e8a2e970840bE`
[DEBUG aya_obj::relocation] linked function `_ZN9l7_parser5http15parse5http117h5db1e8a2e970840bE` at instruction 3699
[DEBUG aya_obj::relocation] relocating program `sys_exit_recvmsg` function `_ZN9l7_parser5http15parse5http117h5db1e8a2e970840bE` size 154
[DEBUG aya_obj::relocation] finished relocating program `sys_exit_recvmsg` function `_ZN9l7_parser5http15parse5http117h5db1e8a2e970840bE`
[DEBUG aya_obj::relocation] callee `_ZN9l7_parser5http15parse5http117h5db1e8a2e970840bE` is at ins 3699, 1584 from current instruction 2114
[DEBUG aya_obj::relocation] relocating call to callee address 0x0 in section 2 (relocation) at instruction 2534
[DEBUG aya_obj::relocation] callee is `memcpy`
[DEBUG aya_obj::relocation] linked function `memcpy` at instruction 3853
[DEBUG aya_obj::relocation] relocating program `sys_exit_recvmsg` function `memcpy` size 11
[DEBUG aya_obj::relocation] finished relocating program `sys_exit_recvmsg` function `memcpy`
[DEBUG aya_obj::relocation] callee `memcpy` is at ins 3853, 1318 from current instruction 2534
[DEBUG aya_obj::relocation] relocating call to callee address 0x0 in section 2 (relocation) at instruction 2567
[DEBUG aya_obj::relocation] callee is `memcpy`
[DEBUG aya_obj::relocation] callee `memcpy` is at ins 3853, 1285 from current instruction 2567
[DEBUG aya_obj::relocation] relocating call to callee address 0x7f0 in section 2 (relocation) at instruction 2580
[DEBUG aya_obj::relocation] callee is `_ZN9l7_parser7mongodb5parse7mongodb17h0ce161e5e49c53a0E`
[DEBUG aya_obj::relocation] callee `_ZN9l7_parser7mongodb5parse7mongodb17h0ce161e5e49c53a0E` is at ins 3570, 989 from current instruction 2580
[DEBUG aya_obj::relocation] relocating call to callee address 0x0 in section 2 (relocation) at instruction 2647
[DEBUG aya_obj::relocation] callee is `memcpy`
[DEBUG aya_obj::relocation] callee `memcpy` is at ins 3853, 1205 from current instruction 2647
[DEBUG aya_obj::relocation] relocating call to callee address 0x0 in section 2 (relocation) at instruction 2680
[DEBUG aya_obj::relocation] callee is `memcpy`
[DEBUG aya_obj::relocation] callee `memcpy` is at ins 3853, 1172 from current instruction 2680
[DEBUG aya_obj::relocation] relocating call to callee address 0x320 in section 2 (relocation) at instruction 2690
[DEBUG aya_obj::relocation] callee is `_ZN9l7_parser5http15parse5http117h5db1e8a2e970840bE`
[DEBUG aya_obj::relocation] callee `_ZN9l7_parser5http15parse5http117h5db1e8a2e970840bE` is at ins 3699, 1008 from current instruction 2690
[DEBUG aya_obj::relocation] relocating call to callee address 0x120 in section 2 (relocation) at instruction 2890
[DEBUG aya_obj::relocation] callee is `memset`
[DEBUG aya_obj::relocation] callee `memset` is at ins 3562, 671 from current instruction 2890
[DEBUG aya_obj::relocation] relocating call to callee address 0x0 in section 2 (relocation) at instruction 2988
[DEBUG aya_obj::relocation] callee is `memcpy`
[DEBUG aya_obj::relocation] callee `memcpy` is at ins 3853, 864 from current instruction 2988
[DEBUG aya_obj::relocation] relocating call to callee address 0x0 in section 2 (relocation) at instruction 3022
[DEBUG aya_obj::relocation] callee is `memcpy`
[DEBUG aya_obj::relocation] callee `memcpy` is at ins 3853, 830 from current instruction 3022
[DEBUG aya_obj::relocation] relocating call to callee address 0x120 in section 2 (relocation) at instruction 3120
[DEBUG aya_obj::relocation] callee is `memset`
[DEBUG aya_obj::relocation] callee `memset` is at ins 3562, 441 from current instruction 3120
[DEBUG aya_obj::relocation] finished relocating program `sys_exit_recvmsg` function `sys_exit_recvmsg`
[DEBUG aya_obj::relocation] relocating program `sys_exit_sendmmsg` function `sys_exit_sendmmsg` size 3475
[DEBUG aya_obj::relocation] relocating call to callee address 0x160 in section 2 (relocation) at instruction 265
[DEBUG aya_obj::relocation] callee is `_ZN74_$LT$aya_log_common..DisplayHint$u20$as$u20$aya_log_common..WriteToBuf$GT$5write17he7e9229fba75df25E`
[DEBUG aya_obj::relocation] linked function `_ZN74_$LT$aya_log_common..DisplayHint$u20$as$u20$aya_log_common..WriteToBuf$GT$5write17he7e9229fba75df25E` at instruction 3475
[DEBUG aya_obj::relocation] relocating program `sys_exit_sendmmsg` function `_ZN74_$LT$aya_log_common..DisplayHint$u20$as$u20$aya_log_common..WriteToBuf$GT$5write17he7e9229fba75df25E` size 12
[DEBUG aya_obj::relocation] finished relocating program `sys_exit_sendmmsg` function `_ZN74_$LT$aya_log_common..DisplayHint$u20$as$u20$aya_log_common..WriteToBuf$GT$5write17he7e9229fba75df25E`
[DEBUG aya_obj::relocation] callee `_ZN74_$LT$aya_log_common..DisplayHint$u20$as$u20$aya_log_common..WriteToBuf$GT$5write17he7e9229fba75df25E` is at ins 3475, 3209 from current instruction 265
[DEBUG aya_obj::relocation] relocating call to callee address 0x240 in section 2 (relocation) at instruction 273
[DEBUG aya_obj::relocation] callee is `_ZN50_$LT$i64$u20$as$u20$aya_log_common..WriteToBuf$GT$5write17hf8316b625aae9decE`
[DEBUG aya_obj::relocation] linked function `_ZN50_$LT$i64$u20$as$u20$aya_log_common..WriteToBuf$GT$5write17hf8316b625aae9decE` at instruction 3487
[DEBUG aya_obj::relocation] relocating program `sys_exit_sendmmsg` function `_ZN50_$LT$i64$u20$as$u20$aya_log_common..WriteToBuf$GT$5write17hf8316b625aae9decE` size 28
[DEBUG aya_obj::relocation] finished relocating program `sys_exit_sendmmsg` function `_ZN50_$LT$i64$u20$as$u20$aya_log_common..WriteToBuf$GT$5write17hf8316b625aae9decE`
[DEBUG aya_obj::relocation] callee `_ZN50_$LT$i64$u20$as$u20$aya_log_common..WriteToBuf$GT$5write17hf8316b625aae9decE` is at ins 3487, 3213 from current instruction 273
[DEBUG aya_obj::relocation] relocating call to callee address 0x160 in section 2 (relocation) at instruction 557
[DEBUG aya_obj::relocation] callee is `_ZN74_$LT$aya_log_common..DisplayHint$u20$as$u20$aya_log_common..WriteToBuf$GT$5write17he7e9229fba75df25E`
[DEBUG aya_obj::relocation] callee `_ZN74_$LT$aya_log_common..DisplayHint$u20$as$u20$aya_log_common..WriteToBuf$GT$5write17he7e9229fba75df25E` is at ins 3475, 2917 from current instruction 557
[DEBUG aya_obj::relocation] relocating call to callee address 0x1c0 in section 2 (relocation) at instruction 567
[DEBUG aya_obj::relocation] callee is `_ZN50_$LT$u16$u20$as$u20$aya_log_common..WriteToBuf$GT$5write17h095758840b5785beE`
[DEBUG aya_obj::relocation] linked function `_ZN50_$LT$u16$u20$as$u20$aya_log_common..WriteToBuf$GT$5write17h095758840b5785beE` at instruction 3515
[DEBUG aya_obj::relocation] relocating program `sys_exit_sendmmsg` function `_ZN50_$LT$u16$u20$as$u20$aya_log_common..WriteToBuf$GT$5write17h095758840b5785beE` size 16
[DEBUG aya_obj::relocation] finished relocating program `sys_exit_sendmmsg` function `_ZN50_$LT$u16$u20$as$u20$aya_log_common..WriteToBuf$GT$5write17h095758840b5785beE`
[DEBUG aya_obj::relocation] callee `_ZN50_$LT$u16$u20$as$u20$aya_log_common..WriteToBuf$GT$5write17h095758840b5785beE` is at ins 3515, 2947 from current instruction 567
[DEBUG aya_obj::relocation] relocating call to callee address 0x160 in section 2 (relocation) at instruction 587
[DEBUG aya_obj::relocation] callee is `_ZN74_$LT$aya_log_common..DisplayHint$u20$as$u20$aya_log_common..WriteToBuf$GT$5write17he7e9229fba75df25E`
[DEBUG aya_obj::relocation] callee `_ZN74_$LT$aya_log_common..DisplayHint$u20$as$u20$aya_log_common..WriteToBuf$GT$5write17he7e9229fba75df25E` is at ins 3475, 2887 from current instruction 587
[DEBUG aya_obj::relocation] relocating call to callee address 0x1c0 in section 2 (relocation) at instruction 596
[DEBUG aya_obj::relocation] callee is `_ZN50_$LT$u16$u20$as$u20$aya_log_common..WriteToBuf$GT$5write17h095758840b5785beE`
[DEBUG aya_obj::relocation] callee `_ZN50_$LT$u16$u20$as$u20$aya_log_common..WriteToBuf$GT$5write17h095758840b5785beE` is at ins 3515, 2918 from current instruction 596
[DEBUG aya_obj::relocation] relocating call to callee address 0x120 in section 2 (relocation) at instruction 1077
[DEBUG aya_obj::relocation] callee is `memset`
[DEBUG aya_obj::relocation] linked function `memset` at instruction 3531
[DEBUG aya_obj::relocation] relocating program `sys_exit_sendmmsg` function `memset` size 8
[DEBUG aya_obj::relocation] finished relocating program `sys_exit_sendmmsg` function `memset`
[DEBUG aya_obj::relocation] callee `memset` is at ins 3531, 2453 from current instruction 1077
[DEBUG aya_obj::relocation] relocating call to callee address 0x120 in section 2 (relocation) at instruction 1373
[DEBUG aya_obj::relocation] callee is `memset`
[DEBUG aya_obj::relocation] callee `memset` is at ins 3531, 2157 from current instruction 1373
[DEBUG aya_obj::relocation] relocating call to callee address 0x7f0 in section 2 (relocation) at instruction 2021
[DEBUG aya_obj::relocation] callee is `_ZN9l7_parser7mongodb5parse7mongodb17h0ce161e5e49c53a0E`
[DEBUG aya_obj::relocation] linked function `_ZN9l7_parser7mongodb5parse7mongodb17h0ce161e5e49c53a0E` at instruction 3539
[DEBUG aya_obj::relocation] relocating program `sys_exit_sendmmsg` function `_ZN9l7_parser7mongodb5parse7mongodb17h0ce161e5e49c53a0E` size 129
[DEBUG aya_obj::relocation] finished relocating program `sys_exit_sendmmsg` function `_ZN9l7_parser7mongodb5parse7mongodb17h0ce161e5e49c53a0E`
[DEBUG aya_obj::relocation] callee `_ZN9l7_parser7mongodb5parse7mongodb17h0ce161e5e49c53a0E` is at ins 3539, 1517 from current instruction 2021
[DEBUG aya_obj::relocation] relocating call to callee address 0x320 in section 2 (relocation) at instruction 2265
[DEBUG aya_obj::relocation] callee is `_ZN9l7_parser5http15parse5http117h5db1e8a2e970840bE`
[DEBUG aya_obj::relocation] linked function `_ZN9l7_parser5http15parse5http117h5db1e8a2e970840bE` at instruction 3668
[DEBUG aya_obj::relocation] relocating program `sys_exit_sendmmsg` function `_ZN9l7_parser5http15parse5http117h5db1e8a2e970840bE` size 154
[DEBUG aya_obj::relocation] finished relocating program `sys_exit_sendmmsg` function `_ZN9l7_parser5http15parse5http117h5db1e8a2e970840bE`
[DEBUG aya_obj::relocation] callee `_ZN9l7_parser5http15parse5http117h5db1e8a2e970840bE` is at ins 3668, 1402 from current instruction 2265
[DEBUG aya_obj::relocation] relocating call to callee address 0x0 in section 2 (relocation) at instruction 2525
[DEBUG aya_obj::relocation] callee is `memcpy`
[DEBUG aya_obj::relocation] linked function `memcpy` at instruction 3822
[DEBUG aya_obj::relocation] relocating program `sys_exit_sendmmsg` function `memcpy` size 11
[DEBUG aya_obj::relocation] finished relocating program `sys_exit_sendmmsg` function `memcpy`
[DEBUG aya_obj::relocation] callee `memcpy` is at ins 3822, 1296 from current instruction 2525
[DEBUG aya_obj::relocation] relocating call to callee address 0x0 in section 2 (relocation) at instruction 2559
[DEBUG aya_obj::relocation] callee is `memcpy`
[DEBUG aya_obj::relocation] callee `memcpy` is at ins 3822, 1262 from current instruction 2559
[DEBUG aya_obj::relocation] relocating call to callee address 0x7f0 in section 2 (relocation) at instruction 2572
[DEBUG aya_obj::relocation] callee is `_ZN9l7_parser7mongodb5parse7mongodb17h0ce161e5e49c53a0E`
[DEBUG aya_obj::relocation] callee `_ZN9l7_parser7mongodb5parse7mongodb17h0ce161e5e49c53a0E` is at ins 3539, 966 from current instruction 2572
[DEBUG aya_obj::relocation] relocating call to callee address 0x0 in section 2 (relocation) at instruction 2837
[DEBUG aya_obj::relocation] callee is `memcpy`
[DEBUG aya_obj::relocation] callee `memcpy` is at ins 3822, 984 from current instruction 2837
[DEBUG aya_obj::relocation] relocating call to callee address 0x0 in section 2 (relocation) at instruction 2870
[DEBUG aya_obj::relocation] callee is `memcpy`
[DEBUG aya_obj::relocation] callee `memcpy` is at ins 3822, 951 from current instruction 2870
[DEBUG aya_obj::relocation] relocating call to callee address 0x320 in section 2 (relocation) at instruction 2880
[DEBUG aya_obj::relocation] callee is `_ZN9l7_parser5http15parse5http117h5db1e8a2e970840bE`
[DEBUG aya_obj::relocation] callee `_ZN9l7_parser5http15parse5http117h5db1e8a2e970840bE` is at ins 3668, 787 from current instruction 2880
[DEBUG aya_obj::relocation] relocating call to callee address 0x120 in section 2 (relocation) at instruction 2971
[DEBUG aya_obj::relocation] callee is `memset`
[DEBUG aya_obj::relocation] callee `memset` is at ins 3531, 559 from current instruction 2971
[DEBUG aya_obj::relocation] relocating call to callee address 0x0 in section 2 (relocation) at instruction 3155
[DEBUG aya_obj::relocation] callee is `memcpy`
[DEBUG aya_obj::relocation] callee `memcpy` is at ins 3822, 666 from current instruction 3155
[DEBUG aya_obj::relocation] relocating call to callee address 0x0 in section 2 (relocation) at instruction 3192
[DEBUG aya_obj::relocation] callee is `memcpy`
[DEBUG aya_obj::relocation] callee `memcpy` is at ins 3822, 629 from current instruction 3192
[DEBUG aya_obj::relocation] relocating call to callee address 0x120 in section 2 (relocation) at instruction 3287
[DEBUG aya_obj::relocation] callee is `memset`
[DEBUG aya_obj::relocation] callee `memset` is at ins 3531, 243 from current instruction 3287
[DEBUG aya_obj::relocation] finished relocating program `sys_exit_sendmmsg` function `sys_exit_sendmmsg`
[DEBUG aya_obj::relocation] relocating program `sys_exit_recvmmsg` function `sys_exit_recvmmsg` size 3512
[DEBUG aya_obj::relocation] relocating call to callee address 0x160 in section 2 (relocation) at instruction 265
[DEBUG aya_obj::relocation] callee is `_ZN74_$LT$aya_log_common..DisplayHint$u20$as$u20$aya_log_common..WriteToBuf$GT$5write17he7e9229fba75df25E`
[DEBUG aya_obj::relocation] linked function `_ZN74_$LT$aya_log_common..DisplayHint$u20$as$u20$aya_log_common..WriteToBuf$GT$5write17he7e9229fba75df25E` at instruction 3512
[DEBUG aya_obj::relocation] relocating program `sys_exit_recvmmsg` function `_ZN74_$LT$aya_log_common..DisplayHint$u20$as$u20$aya_log_common..WriteToBuf$GT$5write17he7e9229fba75df25E` size 12
[DEBUG aya_obj::relocation] finished relocating program `sys_exit_recvmmsg` function `_ZN74_$LT$aya_log_common..DisplayHint$u20$as$u20$aya_log_common..WriteToBuf$GT$5write17he7e9229fba75df25E`
[DEBUG aya_obj::relocation] callee `_ZN74_$LT$aya_log_common..DisplayHint$u20$as$u20$aya_log_common..WriteToBuf$GT$5write17he7e9229fba75df25E` is at ins 3512, 3246 from current instruction 265
[DEBUG aya_obj::relocation] relocating call to callee address 0x240 in section 2 (relocation) at instruction 273
[DEBUG aya_obj::relocation] callee is `_ZN50_$LT$i64$u20$as$u20$aya_log_common..WriteToBuf$GT$5write17hf8316b625aae9decE`
[DEBUG aya_obj::relocation] linked function `_ZN50_$LT$i64$u20$as$u20$aya_log_common..WriteToBuf$GT$5write17hf8316b625aae9decE` at instruction 3524
[DEBUG aya_obj::relocation] relocating program `sys_exit_recvmmsg` function `_ZN50_$LT$i64$u20$as$u20$aya_log_common..WriteToBuf$GT$5write17hf8316b625aae9decE` size 28
[DEBUG aya_obj::relocation] finished relocating program `sys_exit_recvmmsg` function `_ZN50_$LT$i64$u20$as$u20$aya_log_common..WriteToBuf$GT$5write17hf8316b625aae9decE`
[DEBUG aya_obj::relocation] callee `_ZN50_$LT$i64$u20$as$u20$aya_log_common..WriteToBuf$GT$5write17hf8316b625aae9decE` is at ins 3524, 3250 from current instruction 273
[DEBUG aya_obj::relocation] relocating call to callee address 0x160 in section 2 (relocation) at instruction 557
[DEBUG aya_obj::relocation] callee is `_ZN74_$LT$aya_log_common..DisplayHint$u20$as$u20$aya_log_common..WriteToBuf$GT$5write17he7e9229fba75df25E`
[DEBUG aya_obj::relocation] callee `_ZN74_$LT$aya_log_common..DisplayHint$u20$as$u20$aya_log_common..WriteToBuf$GT$5write17he7e9229fba75df25E` is at ins 3512, 2954 from current instruction 557
[DEBUG aya_obj::relocation] relocating call to callee address 0x1c0 in section 2 (relocation) at instruction 567
[DEBUG aya_obj::relocation] callee is `_ZN50_$LT$u16$u20$as$u20$aya_log_common..WriteToBuf$GT$5write17h095758840b5785beE`
[DEBUG aya_obj::relocation] linked function `_ZN50_$LT$u16$u20$as$u20$aya_log_common..WriteToBuf$GT$5write17h095758840b5785beE` at instruction 3552
[DEBUG aya_obj::relocation] relocating program `sys_exit_recvmmsg` function `_ZN50_$LT$u16$u20$as$u20$aya_log_common..WriteToBuf$GT$5write17h095758840b5785beE` size 16
[DEBUG aya_obj::relocation] finished relocating program `sys_exit_recvmmsg` function `_ZN50_$LT$u16$u20$as$u20$aya_log_common..WriteToBuf$GT$5write17h095758840b5785beE`
[DEBUG aya_obj::relocation] callee `_ZN50_$LT$u16$u20$as$u20$aya_log_common..WriteToBuf$GT$5write17h095758840b5785beE` is at ins 3552, 2984 from current instruction 567
[DEBUG aya_obj::relocation] relocating call to callee address 0x160 in section 2 (relocation) at instruction 587
[DEBUG aya_obj::relocation] callee is `_ZN74_$LT$aya_log_common..DisplayHint$u20$as$u20$aya_log_common..WriteToBuf$GT$5write17he7e9229fba75df25E`
[DEBUG aya_obj::relocation] callee `_ZN74_$LT$aya_log_common..DisplayHint$u20$as$u20$aya_log_common..WriteToBuf$GT$5write17he7e9229fba75df25E` is at ins 3512, 2924 from current instruction 587
[DEBUG aya_obj::relocation] relocating call to callee address 0x1c0 in section 2 (relocation) at instruction 596
[DEBUG aya_obj::relocation] callee is `_ZN50_$LT$u16$u20$as$u20$aya_log_common..WriteToBuf$GT$5write17h095758840b5785beE`
[DEBUG aya_obj::relocation] callee `_ZN50_$LT$u16$u20$as$u20$aya_log_common..WriteToBuf$GT$5write17h095758840b5785beE` is at ins 3552, 2955 from current instruction 596
[DEBUG aya_obj::relocation] relocating call to callee address 0x120 in section 2 (relocation) at instruction 1077
[DEBUG aya_obj::relocation] callee is `memset`
[DEBUG aya_obj::relocation] linked function `memset` at instruction 3568
[DEBUG aya_obj::relocation] relocating program `sys_exit_recvmmsg` function `memset` size 8
[DEBUG aya_obj::relocation] finished relocating program `sys_exit_recvmmsg` function `memset`
[DEBUG aya_obj::relocation] callee `memset` is at ins 3568, 2490 from current instruction 1077
[DEBUG aya_obj::relocation] relocating call to callee address 0x120 in section 2 (relocation) at instruction 1373
[DEBUG aya_obj::relocation] callee is `memset`
[DEBUG aya_obj::relocation] callee `memset` is at ins 3568, 2194 from current instruction 1373
[DEBUG aya_obj::relocation] relocating call to callee address 0x7f0 in section 2 (relocation) at instruction 2031
[DEBUG aya_obj::relocation] callee is `_ZN9l7_parser7mongodb5parse7mongodb17h0ce161e5e49c53a0E`
[DEBUG aya_obj::relocation] linked function `_ZN9l7_parser7mongodb5parse7mongodb17h0ce161e5e49c53a0E` at instruction 3576
[DEBUG aya_obj::relocation] relocating program `sys_exit_recvmmsg` function `_ZN9l7_parser7mongodb5parse7mongodb17h0ce161e5e49c53a0E` size 129
[DEBUG aya_obj::relocation] finished relocating program `sys_exit_recvmmsg` function `_ZN9l7_parser7mongodb5parse7mongodb17h0ce161e5e49c53a0E`
[DEBUG aya_obj::relocation] callee `_ZN9l7_parser7mongodb5parse7mongodb17h0ce161e5e49c53a0E` is at ins 3576, 1544 from current instruction 2031
[DEBUG aya_obj::relocation] relocating call to callee address 0x320 in section 2 (relocation) at instruction 2120
[DEBUG aya_obj::relocation] callee is `_ZN9l7_parser5http15parse5http117h5db1e8a2e970840bE`
[DEBUG aya_obj::relocation] linked function `_ZN9l7_parser5http15parse5http117h5db1e8a2e970840bE` at instruction 3705
[DEBUG aya_obj::relocation] relocating program `sys_exit_recvmmsg` function `_ZN9l7_parser5http15parse5http117h5db1e8a2e970840bE` size 154
[DEBUG aya_obj::relocation] finished relocating program `sys_exit_recvmmsg` function `_ZN9l7_parser5http15parse5http117h5db1e8a2e970840bE`
[DEBUG aya_obj::relocation] callee `_ZN9l7_parser5http15parse5http117h5db1e8a2e970840bE` is at ins 3705, 1584 from current instruction 2120
[DEBUG aya_obj::relocation] relocating call to callee address 0x0 in section 2 (relocation) at instruction 2540
[DEBUG aya_obj::relocation] callee is `memcpy`
[DEBUG aya_obj::relocation] linked function `memcpy` at instruction 3859
[DEBUG aya_obj::relocation] relocating program `sys_exit_recvmmsg` function `memcpy` size 11
[DEBUG aya_obj::relocation] finished relocating program `sys_exit_recvmmsg` function `memcpy`
[DEBUG aya_obj::relocation] callee `memcpy` is at ins 3859, 1318 from current instruction 2540
[DEBUG aya_obj::relocation] relocating call to callee address 0x0 in section 2 (relocation) at instruction 2573
[DEBUG aya_obj::relocation] callee is `memcpy`
[DEBUG aya_obj::relocation] callee `memcpy` is at ins 3859, 1285 from current instruction 2573
[DEBUG aya_obj::relocation] relocating call to callee address 0x7f0 in section 2 (relocation) at instruction 2586
[DEBUG aya_obj::relocation] callee is `_ZN9l7_parser7mongodb5parse7mongodb17h0ce161e5e49c53a0E`
[DEBUG aya_obj::relocation] callee `_ZN9l7_parser7mongodb5parse7mongodb17h0ce161e5e49c53a0E` is at ins 3576, 989 from current instruction 2586
[DEBUG aya_obj::relocation] relocating call to callee address 0x0 in section 2 (relocation) at instruction 2653
[DEBUG aya_obj::relocation] callee is `memcpy`
[DEBUG aya_obj::relocation] callee `memcpy` is at ins 3859, 1205 from current instruction 2653
[DEBUG aya_obj::relocation] relocating call to callee address 0x0 in section 2 (relocation) at instruction 2686
[DEBUG aya_obj::relocation] callee is `memcpy`
[DEBUG aya_obj::relocation] callee `memcpy` is at ins 3859, 1172 from current instruction 2686
[DEBUG aya_obj::relocation] relocating call to callee address 0x320 in section 2 (relocation) at instruction 2696
[DEBUG aya_obj::relocation] callee is `_ZN9l7_parser5http15parse5http117h5db1e8a2e970840bE`
[DEBUG aya_obj::relocation] callee `_ZN9l7_parser5http15parse5http117h5db1e8a2e970840bE` is at ins 3705, 1008 from current instruction 2696
[DEBUG aya_obj::relocation] relocating call to callee address 0x120 in section 2 (relocation) at instruction 2896
[DEBUG aya_obj::relocation] callee is `memset`
[DEBUG aya_obj::relocation] callee `memset` is at ins 3568, 671 from current instruction 2896
[DEBUG aya_obj::relocation] relocating call to callee address 0x0 in section 2 (relocation) at instruction 2994
[DEBUG aya_obj::relocation] callee is `memcpy`
[DEBUG aya_obj::relocation] callee `memcpy` is at ins 3859, 864 from current instruction 2994
[DEBUG aya_obj::relocation] relocating call to callee address 0x0 in section 2 (relocation) at instruction 3028
[DEBUG aya_obj::relocation] callee is `memcpy`
[DEBUG aya_obj::relocation] callee `memcpy` is at ins 3859, 830 from current instruction 3028
[DEBUG aya_obj::relocation] relocating call to callee address 0x120 in section 2 (relocation) at instruction 3126
[DEBUG aya_obj::relocation] callee is `memset`
[DEBUG aya_obj::relocation] callee `memset` is at ins 3568, 441 from current instruction 3126
[DEBUG aya_obj::relocation] finished relocating program `sys_exit_recvmmsg` function `sys_exit_recvmmsg`
[DEBUG aya_obj::relocation] relocating program `sys_enter_writev` function `sys_enter_writev` size 450
[DEBUG aya_obj::relocation] relocating call to callee address 0x160 in section 2 (relocation) at instruction 389
[DEBUG aya_obj::relocation] callee is `_ZN74_$LT$aya_log_common..DisplayHint$u20$as$u20$aya_log_common..WriteToBuf$GT$5write17he7e9229fba75df25E`
[DEBUG aya_obj::relocation] linked function `_ZN74_$LT$aya_log_common..DisplayHint$u20$as$u20$aya_log_common..WriteToBuf$GT$5write17he7e9229fba75df25E` at instruction 450
[DEBUG aya_obj::relocation] relocating program `sys_enter_writev` function `_ZN74_$LT$aya_log_common..DisplayHint$u20$as$u20$aya_log_common..WriteToBuf$GT$5write17he7e9229fba75df25E` size 12
[DEBUG aya_obj::relocation] finished relocating program `sys_enter_writev` function `_ZN74_$LT$aya_log_common..DisplayHint$u20$as$u20$aya_log_common..WriteToBuf$GT$5write17he7e9229fba75df25E`
[DEBUG aya_obj::relocation] callee `_ZN74_$LT$aya_log_common..DisplayHint$u20$as$u20$aya_log_common..WriteToBuf$GT$5write17he7e9229fba75df25E` is at ins 450, 60 from current instruction 389
[DEBUG aya_obj::relocation] relocating call to callee address 0x1c0 in section 2 (relocation) at instruction 398
[DEBUG aya_obj::relocation] callee is `_ZN50_$LT$u16$u20$as$u20$aya_log_common..WriteToBuf$GT$5write17h095758840b5785beE`
[DEBUG aya_obj::relocation] linked function `_ZN50_$LT$u16$u20$as$u20$aya_log_common..WriteToBuf$GT$5write17h095758840b5785beE` at instruction 462
[DEBUG aya_obj::relocation] relocating program `sys_enter_writev` function `_ZN50_$LT$u16$u20$as$u20$aya_log_common..WriteToBuf$GT$5write17h095758840b5785beE` size 16
[DEBUG aya_obj::relocation] finished relocating program `sys_enter_writev` function `_ZN50_$LT$u16$u20$as$u20$aya_log_common..WriteToBuf$GT$5write17h095758840b5785beE`
[DEBUG aya_obj::relocation] callee `_ZN50_$LT$u16$u20$as$u20$aya_log_common..WriteToBuf$GT$5write17h095758840b5785beE` is at ins 462, 63 from current instruction 398
[DEBUG aya_obj::relocation] relocating call to callee address 0x160 in section 2 (relocation) at instruction 418
[DEBUG aya_obj::relocation] callee is `_ZN74_$LT$aya_log_common..DisplayHint$u20$as$u20$aya_log_common..WriteToBuf$GT$5write17he7e9229fba75df25E`
[DEBUG aya_obj::relocation] callee `_ZN74_$LT$aya_log_common..DisplayHint$u20$as$u20$aya_log_common..WriteToBuf$GT$5write17he7e9229fba75df25E` is at ins 450, 31 from current instruction 418
[DEBUG aya_obj::relocation] relocating call to callee address 0x1c0 in section 2 (relocation) at instruction 428
[DEBUG aya_obj::relocation] callee is `_ZN50_$LT$u16$u20$as$u20$aya_log_common..WriteToBuf$GT$5write17h095758840b5785beE`
[DEBUG aya_obj::relocation] callee `_ZN50_$LT$u16$u20$as$u20$aya_log_common..WriteToBuf$GT$5write17h095758840b5785beE` is at ins 462, 33 from current instruction 428
[DEBUG aya_obj::relocation] finished relocating program `sys_enter_writev` function `sys_enter_writev`
[DEBUG aya_obj::relocation] relocating program `sys_enter_read` function `sys_enter_read` size 440
[DEBUG aya_obj::relocation] relocating call to callee address 0x160 in section 2 (relocation) at instruction 379
[DEBUG aya_obj::relocation] callee is `_ZN74_$LT$aya_log_common..DisplayHint$u20$as$u20$aya_log_common..WriteToBuf$GT$5write17he7e9229fba75df25E`
[DEBUG aya_obj::relocation] linked function `_ZN74_$LT$aya_log_common..DisplayHint$u20$as$u20$aya_log_common..WriteToBuf$GT$5write17he7e9229fba75df25E` at instruction 440
[DEBUG aya_obj::relocation] relocating program `sys_enter_read` function `_ZN74_$LT$aya_log_common..DisplayHint$u20$as$u20$aya_log_common..WriteToBuf$GT$5write17he7e9229fba75df25E` size 12
[DEBUG aya_obj::relocation] finished relocating program `sys_enter_read` function `_ZN74_$LT$aya_log_common..DisplayHint$u20$as$u20$aya_log_common..WriteToBuf$GT$5write17he7e9229fba75df25E`
[DEBUG aya_obj::relocation] callee `_ZN74_$LT$aya_log_common..DisplayHint$u20$as$u20$aya_log_common..WriteToBuf$GT$5write17he7e9229fba75df25E` is at ins 440, 60 from current instruction 379
[DEBUG aya_obj::relocation] relocating call to callee address 0x1c0 in section 2 (relocation) at instruction 388
[DEBUG aya_obj::relocation] callee is `_ZN50_$LT$u16$u20$as$u20$aya_log_common..WriteToBuf$GT$5write17h095758840b5785beE`
[DEBUG aya_obj::relocation] linked function `_ZN50_$LT$u16$u20$as$u20$aya_log_common..WriteToBuf$GT$5write17h095758840b5785beE` at instruction 452
[DEBUG aya_obj::relocation] relocating program `sys_enter_read` function `_ZN50_$LT$u16$u20$as$u20$aya_log_common..WriteToBuf$GT$5write17h095758840b5785beE` size 16
[DEBUG aya_obj::relocation] finished relocating program `sys_enter_read` function `_ZN50_$LT$u16$u20$as$u20$aya_log_common..WriteToBuf$GT$5write17h095758840b5785beE`
[DEBUG aya_obj::relocation] callee `_ZN50_$LT$u16$u20$as$u20$aya_log_common..WriteToBuf$GT$5write17h095758840b5785beE` is at ins 452, 63 from current instruction 388
[DEBUG aya_obj::relocation] relocating call to callee address 0x160 in section 2 (relocation) at instruction 408
[DEBUG aya_obj::relocation] callee is `_ZN74_$LT$aya_log_common..DisplayHint$u20$as$u20$aya_log_common..WriteToBuf$GT$5write17he7e9229fba75df25E`
[DEBUG aya_obj::relocation] callee `_ZN74_$LT$aya_log_common..DisplayHint$u20$as$u20$aya_log_common..WriteToBuf$GT$5write17he7e9229fba75df25E` is at ins 440, 31 from current instruction 408
[DEBUG aya_obj::relocation] relocating call to callee address 0x1c0 in section 2 (relocation) at instruction 418
[DEBUG aya_obj::relocation] callee is `_ZN50_$LT$u16$u20$as$u20$aya_log_common..WriteToBuf$GT$5write17h095758840b5785beE`
[DEBUG aya_obj::relocation] callee `_ZN50_$LT$u16$u20$as$u20$aya_log_common..WriteToBuf$GT$5write17h095758840b5785beE` is at ins 452, 33 from current instruction 418
[DEBUG aya_obj::relocation] finished relocating program `sys_enter_read` function `sys_enter_read`
[DEBUG aya_obj::relocation] relocating program `sys_exit_writev` function `sys_exit_writev` size 3460
[DEBUG aya_obj::relocation] relocating call to callee address 0x160 in section 2 (relocation) at instruction 265
[DEBUG aya_obj::relocation] callee is `_ZN74_$LT$aya_log_common..DisplayHint$u20$as$u20$aya_log_common..WriteToBuf$GT$5write17he7e9229fba75df25E`
[DEBUG aya_obj::relocation] linked function `_ZN74_$LT$aya_log_common..DisplayHint$u20$as$u20$aya_log_common..WriteToBuf$GT$5write17he7e9229fba75df25E` at instruction 3460
[DEBUG aya_obj::relocation] relocating program `sys_exit_writev` function `_ZN74_$LT$aya_log_common..DisplayHint$u20$as$u20$aya_log_common..WriteToBuf$GT$5write17he7e9229fba75df25E` size 12
[DEBUG aya_obj::relocation] finished relocating program `sys_exit_writev` function `_ZN74_$LT$aya_log_common..DisplayHint$u20$as$u20$aya_log_common..WriteToBuf$GT$5write17he7e9229fba75df25E`
[DEBUG aya_obj::relocation] callee `_ZN74_$LT$aya_log_common..DisplayHint$u20$as$u20$aya_log_common..WriteToBuf$GT$5write17he7e9229fba75df25E` is at ins 3460, 3194 from current instruction 265
[DEBUG aya_obj::relocation] relocating call to callee address 0x240 in section 2 (relocation) at instruction 273
[DEBUG aya_obj::relocation] callee is `_ZN50_$LT$i64$u20$as$u20$aya_log_common..WriteToBuf$GT$5write17hf8316b625aae9decE`
[DEBUG aya_obj::relocation] linked function `_ZN50_$LT$i64$u20$as$u20$aya_log_common..WriteToBuf$GT$5write17hf8316b625aae9decE` at instruction 3472
[DEBUG aya_obj::relocation] relocating program `sys_exit_writev` function `_ZN50_$LT$i64$u20$as$u20$aya_log_common..WriteToBuf$GT$5write17hf8316b625aae9decE` size 28
[DEBUG aya_obj::relocation] finished relocating program `sys_exit_writev` function `_ZN50_$LT$i64$u20$as$u20$aya_log_common..WriteToBuf$GT$5write17hf8316b625aae9decE`
[DEBUG aya_obj::relocation] callee `_ZN50_$LT$i64$u20$as$u20$aya_log_common..WriteToBuf$GT$5write17hf8316b625aae9decE` is at ins 3472, 3198 from current instruction 273
[DEBUG aya_obj::relocation] relocating call to callee address 0x160 in section 2 (relocation) at instruction 544
[DEBUG aya_obj::relocation] callee is `_ZN74_$LT$aya_log_common..DisplayHint$u20$as$u20$aya_log_common..WriteToBuf$GT$5write17he7e9229fba75df25E`
[DEBUG aya_obj::relocation] callee `_ZN74_$LT$aya_log_common..DisplayHint$u20$as$u20$aya_log_common..WriteToBuf$GT$5write17he7e9229fba75df25E` is at ins 3460, 2915 from current instruction 544
[DEBUG aya_obj::relocation] relocating call to callee address 0x1c0 in section 2 (relocation) at instruction 554
[DEBUG aya_obj::relocation] callee is `_ZN50_$LT$u16$u20$as$u20$aya_log_common..WriteToBuf$GT$5write17h095758840b5785beE`
[DEBUG aya_obj::relocation] linked function `_ZN50_$LT$u16$u20$as$u20$aya_log_common..WriteToBuf$GT$5write17h095758840b5785beE` at instruction 3500
[DEBUG aya_obj::relocation] relocating program `sys_exit_writev` function `_ZN50_$LT$u16$u20$as$u20$aya_log_common..WriteToBuf$GT$5write17h095758840b5785beE` size 16
[DEBUG aya_obj::relocation] finished relocating program `sys_exit_writev` function `_ZN50_$LT$u16$u20$as$u20$aya_log_common..WriteToBuf$GT$5write17h095758840b5785beE`
[DEBUG aya_obj::relocation] callee `_ZN50_$LT$u16$u20$as$u20$aya_log_common..WriteToBuf$GT$5write17h095758840b5785beE` is at ins 3500, 2945 from current instruction 554
[DEBUG aya_obj::relocation] relocating call to callee address 0x160 in section 2 (relocation) at instruction 574
[DEBUG aya_obj::relocation] callee is `_ZN74_$LT$aya_log_common..DisplayHint$u20$as$u20$aya_log_common..WriteToBuf$GT$5write17he7e9229fba75df25E`
[DEBUG aya_obj::relocation] callee `_ZN74_$LT$aya_log_common..DisplayHint$u20$as$u20$aya_log_common..WriteToBuf$GT$5write17he7e9229fba75df25E` is at ins 3460, 2885 from current instruction 574
[DEBUG aya_obj::relocation] relocating call to callee address 0x1c0 in section 2 (relocation) at instruction 583
[DEBUG aya_obj::relocation] callee is `_ZN50_$LT$u16$u20$as$u20$aya_log_common..WriteToBuf$GT$5write17h095758840b5785beE`
[DEBUG aya_obj::relocation] callee `_ZN50_$LT$u16$u20$as$u20$aya_log_common..WriteToBuf$GT$5write17h095758840b5785beE` is at ins 3500, 2916 from current instruction 583
[DEBUG aya_obj::relocation] relocating call to callee address 0x120 in section 2 (relocation) at instruction 1060
[DEBUG aya_obj::relocation] callee is `memset`
[DEBUG aya_obj::relocation] linked function `memset` at instruction 3516
[DEBUG aya_obj::relocation] relocating program `sys_exit_writev` function `memset` size 8
[DEBUG aya_obj::relocation] finished relocating program `sys_exit_writev` function `memset`
[DEBUG aya_obj::relocation] callee `memset` is at ins 3516, 2455 from current instruction 1060
[DEBUG aya_obj::relocation] relocating call to callee address 0x120 in section 2 (relocation) at instruction 1360
[DEBUG aya_obj::relocation] callee is `memset`
[DEBUG aya_obj::relocation] callee `memset` is at ins 3516, 2155 from current instruction 1360
[DEBUG aya_obj::relocation] relocating call to callee address 0x7f0 in section 2 (relocation) at instruction 2006
[DEBUG aya_obj::relocation] callee is `_ZN9l7_parser7mongodb5parse7mongodb17h0ce161e5e49c53a0E`
[DEBUG aya_obj::relocation] linked function `_ZN9l7_parser7mongodb5parse7mongodb17h0ce161e5e49c53a0E` at instruction 3524
[DEBUG aya_obj::relocation] relocating program `sys_exit_writev` function `_ZN9l7_parser7mongodb5parse7mongodb17h0ce161e5e49c53a0E` size 129
[DEBUG aya_obj::relocation] finished relocating program `sys_exit_writev` function `_ZN9l7_parser7mongodb5parse7mongodb17h0ce161e5e49c53a0E`
[DEBUG aya_obj::relocation] callee `_ZN9l7_parser7mongodb5parse7mongodb17h0ce161e5e49c53a0E` is at ins 3524, 1517 from current instruction 2006
[DEBUG aya_obj::relocation] relocating call to callee address 0x320 in section 2 (relocation) at instruction 2250
[DEBUG aya_obj::relocation] callee is `_ZN9l7_parser5http15parse5http117h5db1e8a2e970840bE`
[DEBUG aya_obj::relocation] linked function `_ZN9l7_parser5http15parse5http117h5db1e8a2e970840bE` at instruction 3653
[DEBUG aya_obj::relocation] relocating program `sys_exit_writev` function `_ZN9l7_parser5http15parse5http117h5db1e8a2e970840bE` size 154
[DEBUG aya_obj::relocation] finished relocating program `sys_exit_writev` function `_ZN9l7_parser5http15parse5http117h5db1e8a2e970840bE`
[DEBUG aya_obj::relocation] callee `_ZN9l7_parser5http15parse5http117h5db1e8a2e970840bE` is at ins 3653, 1402 from current instruction 2250
[DEBUG aya_obj::relocation] relocating call to callee address 0x0 in section 2 (relocation) at instruction 2510
[DEBUG aya_obj::relocation] callee is `memcpy`
[DEBUG aya_obj::relocation] linked function `memcpy` at instruction 3807
[DEBUG aya_obj::relocation] relocating program `sys_exit_writev` function `memcpy` size 11
[DEBUG aya_obj::relocation] finished relocating program `sys_exit_writev` function `memcpy`
[DEBUG aya_obj::relocation] callee `memcpy` is at ins 3807, 1296 from current instruction 2510
[DEBUG aya_obj::relocation] relocating call to callee address 0x0 in section 2 (relocation) at instruction 2544
[DEBUG aya_obj::relocation] callee is `memcpy`
[DEBUG aya_obj::relocation] callee `memcpy` is at ins 3807, 1262 from current instruction 2544
[DEBUG aya_obj::relocation] relocating call to callee address 0x7f0 in section 2 (relocation) at instruction 2557
[DEBUG aya_obj::relocation] callee is `_ZN9l7_parser7mongodb5parse7mongodb17h0ce161e5e49c53a0E`
[DEBUG aya_obj::relocation] callee `_ZN9l7_parser7mongodb5parse7mongodb17h0ce161e5e49c53a0E` is at ins 3524, 966 from current instruction 2557
[DEBUG aya_obj::relocation] relocating call to callee address 0x0 in section 2 (relocation) at instruction 2822
[DEBUG aya_obj::relocation] callee is `memcpy`
[DEBUG aya_obj::relocation] callee `memcpy` is at ins 3807, 984 from current instruction 2822
[DEBUG aya_obj::relocation] relocating call to callee address 0x0 in section 2 (relocation) at instruction 2855
[DEBUG aya_obj::relocation] callee is `memcpy`
[DEBUG aya_obj::relocation] callee `memcpy` is at ins 3807, 951 from current instruction 2855
[DEBUG aya_obj::relocation] relocating call to callee address 0x320 in section 2 (relocation) at instruction 2865
[DEBUG aya_obj::relocation] callee is `_ZN9l7_parser5http15parse5http117h5db1e8a2e970840bE`
[DEBUG aya_obj::relocation] callee `_ZN9l7_parser5http15parse5http117h5db1e8a2e970840bE` is at ins 3653, 787 from current instruction 2865
[DEBUG aya_obj::relocation] relocating call to callee address 0x120 in section 2 (relocation) at instruction 2956
[DEBUG aya_obj::relocation] callee is `memset`
[DEBUG aya_obj::relocation] callee `memset` is at ins 3516, 559 from current instruction 2956
[DEBUG aya_obj::relocation] relocating call to callee address 0x0 in section 2 (relocation) at instruction 3140
[DEBUG aya_obj::relocation] callee is `memcpy`
[DEBUG aya_obj::relocation] callee `memcpy` is at ins 3807, 666 from current instruction 3140
[DEBUG aya_obj::relocation] relocating call to callee address 0x0 in section 2 (relocation) at instruction 3177
[DEBUG aya_obj::relocation] callee is `memcpy`
[DEBUG aya_obj::relocation] callee `memcpy` is at ins 3807, 629 from current instruction 3177
[DEBUG aya_obj::relocation] relocating call to callee address 0x120 in section 2 (relocation) at instruction 3272
[DEBUG aya_obj::relocation] callee is `memset`
[DEBUG aya_obj::relocation] callee `memset` is at ins 3516, 243 from current instruction 3272
[DEBUG aya_obj::relocation] finished relocating program `sys_exit_writev` function `sys_exit_writev`
[INFO  observ_trace] Starting Trace Collector module...
[INFO  observ_trace::span] Span constructor started
[INFO  observ_trace::ebpf] loading: sys_enter_close TracePoint with priority=50
[INFO  observ_trace::ebpf] loading: sys_enter_read TracePoint with priority=50
[INFO  observ_trace::ebpf] loading: sys_enter_readv TracePoint with priority=50
[INFO  observ_trace::ebpf] loading: sys_enter_recvfrom TracePoint with priority=50
[INFO  observ_trace::ebpf] loading: sys_enter_recvmmsg TracePoint with priority=50
[INFO  observ_trace::ebpf] loading: sys_enter_recvmsg TracePoint with priority=50
[INFO  observ_trace::ebpf] loading: sys_enter_sendmmsg TracePoint with priority=50
[INFO  observ_trace::ebpf] loading: sys_enter_sendmsg TracePoint with priority=50
[INFO  observ_trace::ebpf] loading: sys_enter_sendto TracePoint with priority=50
[INFO  observ_trace::ebpf] loading: sys_enter_write TracePoint with priority=50
[INFO  observ_trace::ebpf] loading: sys_enter_writev TracePoint with priority=50
[INFO  observ_trace::ebpf] loading: sys_exit_socket TracePoint with priority=50
[INFO  observ_trace::ebpf] loading: sys_exit_read TracePoint with priority=51
[INFO  observ_trace::ebpf] loading: sys_exit_readv TracePoint with priority=51
[INFO  observ_trace::ebpf] loading: sys_exit_recvfrom TracePoint with priority=51
[INFO  observ_trace::ebpf] loading: sys_exit_recvmmsg TracePoint with priority=51
[INFO  observ_trace::ebpf] loading: sys_exit_recvmsg TracePoint with priority=51
[INFO  observ_trace::ebpf] loading: sys_exit_sendmmsg TracePoint with priority=51
[INFO  observ_trace::ebpf] loading: sys_exit_sendmsg TracePoint with priority=51
[INFO  observ_trace::ebpf] loading: sys_exit_sendto TracePoint with priority=51
[INFO  observ_trace::ebpf] loading: sys_exit_write TracePoint with priority=51
[INFO  observ_trace::ebpf] loading: sys_exit_writev TracePoint with priority=51
[INFO  observ_trace_ebpf::process] invalid ret: 0
[ERROR observ_trace_ebpf::recvfrom] ERROR: [1:3]
[INFO  observ_trace_ebpf::process] invalid ret: 0
[ERROR observ_trace_ebpf::recvfrom] ERROR: [1:3]
[INFO  observ_trace_ebpf::process] invalid ret: 0
[ERROR observ_trace_ebpf::recvfrom] ERROR: [1:3]
[INFO  observ_trace_ebpf::process] invalid ret: 0
[ERROR observ_trace_ebpf::recvfrom] ERROR: [1:3]
[INFO  observ_trace_ebpf::process] invalid ret: 0
[ERROR observ_trace_ebpf::recvfrom] ERROR: [1:3]
[INFO  observ_trace_ebpf::process] invalid ret: 0
[ERROR observ_trace_ebpf::recvfrom] ERROR: [1:3]
[INFO  observ_trace_ebpf::process] invalid ret: 0
[ERROR observ_trace_ebpf::recvfrom] ERROR: [1:3]
[INFO  observ_trace_ebpf::process] invalid ret: 0
[ERROR observ_trace_ebpf::recvfrom] ERROR: [1:3]
[INFO  observ_trace_ebpf::process] invalid ret: 0
[ERROR observ_trace_ebpf::recvfrom] ERROR: [1:3]
[INFO  observ_trace_ebpf::process] invalid ret: 0
[ERROR observ_trace_ebpf::recvfrom] ERROR: [1:3]
[INFO  observ_trace_ebpf::process] invalid ret: 0
[ERROR observ_trace_ebpf::recvfrom] ERROR: [1:3]
[INFO  observ_trace_ebpf::process] invalid ret: 0
[ERROR observ_trace_ebpf::recvfrom] ERROR: [1:3]
[INFO  observ_trace_ebpf::process] invalid ret: 0
[ERROR observ_trace_ebpf::recvfrom] ERROR: [1:3]
[INFO  observ_trace_ebpf::process] invalid ret: 0
[ERROR observ_trace_ebpf::recvfrom] ERROR: [1:3]
[INFO  observ_trace_ebpf::process] invalid ret: 0
[ERROR observ_trace_ebpf::recvfrom] ERROR: [1:3]
[INFO  observ_trace_ebpf::process] invalid ret: 0
[ERROR observ_trace_ebpf::recvfrom] ERROR: [1:3]
[INFO  observ_trace_ebpf::process] invalid ret: 0
[ERROR observ_trace_ebpf::recvfrom] ERROR: [1:3]
[INFO  observ_trace_ebpf::process] invalid ret: 0
[ERROR observ_trace_ebpf::recvfrom] ERROR: [1:3]
[INFO  observ_trace_ebpf::process] invalid ret: 0
[ERROR observ_trace_ebpf::recvfrom] ERROR: [1:3]
[INFO  observ_trace_ebpf::process] invalid ret: 0
[ERROR observ_trace_ebpf::recvfrom] ERROR: [1:3]
[INFO  observ_trace_ebpf::process] invalid ret: 0
[ERROR observ_trace_ebpf::recvfrom] ERROR: [1:3]
[INFO  observ_trace_ebpf::process] invalid ret: 0
[ERROR observ_trace_ebpf::recvfrom] ERROR: [1:3]
[INFO  observ_trace_ebpf::process] invalid ret: 0
[ERROR observ_trace_ebpf::recvfrom] ERROR: [1:3]
[INFO  observ_trace_ebpf::process] invalid ret: 0
[ERROR observ_trace_ebpf::recvfrom] ERROR: [1:3]
[INFO  observ_trace_ebpf::process] invalid ret: 0
[ERROR observ_trace_ebpf::recvfrom] ERROR: [1:3]
[INFO  observ_trace_ebpf::process] invalid ret: 0
[ERROR observ_trace_ebpf::recvfrom] ERROR: [1:3]
[INFO  observ_trace_ebpf::process] invalid ret: 0
[ERROR observ_trace_ebpf::recvfrom] ERROR: [1:3]
[INFO  observ_trace_ebpf::process] invalid ret: 0
[ERROR observ_trace_ebpf::recvfrom] ERROR: [1:3]
[INFO  observ_trace_ebpf::process] invalid ret: 0
[ERROR observ_trace_ebpf::recvfrom] ERROR: [1:3]
[INFO  observ_trace_ebpf::process] invalid ret: 0
[ERROR observ_trace_ebpf::recvfrom] ERROR: [1:3]
[INFO  observ_trace_ebpf::process] invalid ret: 0
[ERROR observ_trace_ebpf::recvfrom] ERROR: [1:3]
[INFO  observ_trace_ebpf::process] invalid ret: 0
[ERROR observ_trace_ebpf::recvfrom] ERROR: [1:3]
[INFO  observ_trace_ebpf::process] invalid ret: 0
[ERROR observ_trace_ebpf::recvfrom] ERROR: [1:3]
[INFO  observ_trace_ebpf::process] invalid ret: 0
[ERROR observ_trace_ebpf::recvfrom] ERROR: [1:3]
[INFO  observ_trace_ebpf::process] invalid ret: 0
[ERROR observ_trace_ebpf::recvfrom] ERROR: [1:3]
[INFO  observ_trace_ebpf::process] invalid ret: 0
[ERROR observ_trace_ebpf::recvfrom] ERROR: [1:3]
[INFO  observ_trace_ebpf::process] invalid ret: 0
[ERROR observ_trace_ebpf::recvfrom] ERROR: [1:3]
[INFO  observ_trace_ebpf::process] invalid ret: 0
[ERROR observ_trace_ebpf::recvfrom] ERROR: [1:3]
[INFO  observ_trace_ebpf::process] invalid ret: 0
[ERROR observ_trace_ebpf::recvfrom] ERROR: [1:3]
[INFO  observ_trace_ebpf::process] invalid ret: 0
[ERROR observ_trace_ebpf::recvfrom] ERROR: [1:3]
[INFO  observ_trace_ebpf::process] invalid ret: 0
[ERROR observ_trace_ebpf::recvfrom] ERROR: [1:3]
[INFO  observ_trace_ebpf::process] invalid ret: 0
[ERROR observ_trace_ebpf::recvfrom] ERROR: [1:3]
[INFO  observ_trace_ebpf::process] invalid ret: 0
[ERROR observ_trace_ebpf::recvfrom] ERROR: [1:3]
[INFO  observ_trace_ebpf::process] invalid ret: 0
[ERROR observ_trace_ebpf::recvfrom] ERROR: [1:3]
[INFO  observ_trace_ebpf::process] invalid ret: 0
[ERROR observ_trace_ebpf::recvfrom] ERROR: [1:3]
[INFO  observ_trace_ebpf::process] invalid ret: 0
[ERROR observ_trace_ebpf::recvfrom] ERROR: [1:3]
[INFO  observ_trace_ebpf::process] invalid ret: 0
[ERROR observ_trace_ebpf::recvfrom] ERROR: [1:3]
[INFO  observ_trace_ebpf::process] invalid ret: 0
[ERROR observ_trace_ebpf::recvfrom] ERROR: [1:3]
[INFO  observ_trace_ebpf::process] invalid ret: 0
[ERROR observ_trace_ebpf::recvfrom] ERROR: [1:3]
[INFO  observ_trace_ebpf::process] invalid ret: 0
[ERROR observ_trace_ebpf::recvfrom] ERROR: [1:3]
[INFO  observ_trace_ebpf::process] invalid ret: 0
[ERROR observ_trace_ebpf::recvfrom] ERROR: [1:3]
[INFO  observ_trace_ebpf::process] invalid ret: 0
[ERROR observ_trace_ebpf::recvfrom] ERROR: [1:3]
[INFO  observ_trace_ebpf::process] invalid ret: 0
[ERROR observ_trace_ebpf::recvfrom] ERROR: [1:3]
[INFO  observ_trace_ebpf::process] invalid ret: 0
[ERROR observ_trace_ebpf::recvfrom] ERROR: [1:3]
[INFO  observ_trace_ebpf::process] invalid ret: 0
[ERROR observ_trace_ebpf::recvfrom] ERROR: [1:3]
[INFO  observ_trace_ebpf::process] invalid ret: 0
[ERROR observ_trace_ebpf::recvfrom] ERROR: [1:3]
[INFO  observ_trace_ebpf::process] invalid ret: 0
[ERROR observ_trace_ebpf::recvfrom] ERROR: [1:3]
[INFO  observ_trace_ebpf::process] invalid ret: 0
[ERROR observ_trace_ebpf::recvfrom] ERROR: [1:3]
[INFO  observ_trace_ebpf::process] invalid ret: 0
[ERROR observ_trace_ebpf::recvfrom] ERROR: [1:3]
[INFO  observ_trace_ebpf::process] invalid ret: 0
[ERROR observ_trace_ebpf::recvfrom] ERROR: [1:3]
[INFO  observ_trace_ebpf::process] invalid ret: 0
[ERROR observ_trace_ebpf::recvfrom] ERROR: [1:3]
[INFO  observ_trace_ebpf::process] invalid ret: 0
[ERROR observ_trace_ebpf::recvfrom] ERROR: [1:3]
[INFO  observ_trace_ebpf::process] invalid ret: 0
[ERROR observ_trace_ebpf::recvfrom] ERROR: [1:3]
[INFO  observ_trace_ebpf::process] invalid ret: 0
[ERROR observ_trace_ebpf::recvfrom] ERROR: [1:3]
[INFO  observ_trace_ebpf::process] invalid ret: 0
[ERROR observ_trace_ebpf::recvfrom] ERROR: [1:3]
[INFO  observ_trace_ebpf::process] invalid ret: 0
[ERROR observ_trace_ebpf::recvfrom] ERROR: [1:3]
[INFO  observ_trace_ebpf::process] invalid ret: 0
[ERROR observ_trace_ebpf::recvfrom] ERROR: [1:3]
[INFO  observ_trace_ebpf::process] invalid ret: 0
[ERROR observ_trace_ebpf::recvfrom] ERROR: [1:3]
[INFO  observ_trace_ebpf::process] invalid ret: 0
[ERROR observ_trace_ebpf::recvfrom] ERROR: [1:3]
[INFO  observ_trace_ebpf::process] invalid ret: 0
[ERROR observ_trace_ebpf::recvfrom] ERROR: [1:3]
[INFO  observ_trace_ebpf::process] invalid ret: 0
[ERROR observ_trace_ebpf::recvfrom] ERROR: [1:3]
[INFO  observ_trace_ebpf::process] invalid ret: 0
[ERROR observ_trace_ebpf::recvfrom] ERROR: [1:3]
[INFO  observ_trace_ebpf::process] invalid ret: 0
[ERROR observ_trace_ebpf::recvfrom] ERROR: [1:3]
[INFO  observ_trace_ebpf::process] invalid ret: 0
[ERROR observ_trace_ebpf::recvfrom] ERROR: [1:3]
[INFO  observ_trace_ebpf::process] invalid ret: 0
[ERROR observ_trace_ebpf::recvfrom] ERROR: [1:3]
[INFO  observ_trace_ebpf::process] invalid ret: 0
[ERROR observ_trace_ebpf::recvfrom] ERROR: [1:3]
[INFO  observ_trace_ebpf::process] invalid ret: 0
[ERROR observ_trace_ebpf::recvfrom] ERROR: [1:3]
[INFO  observ_trace_ebpf::process] invalid ret: 0
[ERROR observ_trace_ebpf::recvfrom] ERROR: [1:3]
[INFO  observ_trace_ebpf::process] invalid ret: 0
[ERROR observ_trace_ebpf::recvfrom] ERROR: [1:3]
[INFO  observ_trace_ebpf::process] invalid ret: 0
[ERROR observ_trace_ebpf::recvfrom] ERROR: [1:3]
[INFO  observ_trace_ebpf::process] invalid ret: 0
[ERROR observ_trace_ebpf::recvfrom] ERROR: [1:3]
[INFO  observ_trace_ebpf::process] invalid ret: 0
[ERROR observ_trace_ebpf::recvfrom] ERROR: [1:3]
[INFO  observ_trace_ebpf::process] invalid ret: 0
[ERROR observ_trace_ebpf::recvfrom] ERROR: [1:3]
[INFO  observ_trace_ebpf::process] invalid ret: 0
[ERROR observ_trace_ebpf::recvfrom] ERROR: [1:3]
[INFO  observ_trace_ebpf::process] invalid ret: 0
[ERROR observ_trace_ebpf::recvfrom] ERROR: [1:3]
[INFO  observ_trace_ebpf::process] invalid ret: 0
[ERROR observ_trace_ebpf::recvfrom] ERROR: [1:3]
[INFO  observ_trace_ebpf::process] invalid ret: 0
[ERROR observ_trace_ebpf::recvfrom] ERROR: [1:3]
[INFO  observ_trace_ebpf::process] invalid ret: 0
[ERROR observ_trace_ebpf::recvfrom] ERROR: [1:3]
[INFO  observ_trace_ebpf::process] invalid ret: 0
[ERROR observ_trace_ebpf::recvfrom] ERROR: [1:3]
[INFO  observ_trace_ebpf::process] invalid ret: 0
[ERROR observ_trace_ebpf::recvfrom] ERROR: [1:3]
[INFO  observ_trace_ebpf::process] invalid ret: 0
[ERROR observ_trace_ebpf::recvfrom] ERROR: [1:3]
[INFO  observ_trace_ebpf::process] invalid ret: 0
[ERROR observ_trace_ebpf::recvfrom] ERROR: [1:3]
[INFO  observ_trace_ebpf::process] invalid ret: 0
[ERROR observ_trace_ebpf::recvfrom] ERROR: [1:3]
[INFO  observ_trace_ebpf::process] invalid ret: 0
[ERROR observ_trace_ebpf::recvfrom] ERROR: [1:3]
[INFO  observ_trace_ebpf::process] invalid ret: 0
[ERROR observ_trace_ebpf::recvfrom] ERROR: [1:3]
[INFO  observ_trace_ebpf::process] invalid ret: 0
[ERROR observ_trace_ebpf::recvfrom] ERROR: [1:3]
[INFO  observ_trace_ebpf::process] invalid ret: 0
[ERROR observ_trace_ebpf::recvfrom] ERROR: [1:3]
[INFO  observ_trace_ebpf::process] invalid ret: 0
[ERROR observ_trace_ebpf::recvfrom] ERROR: [1:3]
[INFO  observ_trace_ebpf::process] invalid ret: 0
[ERROR observ_trace_ebpf::recvfrom] ERROR: [1:3]
[INFO  observ_trace_ebpf::process] invalid ret: 0
[ERROR observ_trace_ebpf::recvfrom] ERROR: [1:3]
[INFO  observ_trace_ebpf::process] invalid ret: 0
[ERROR observ_trace_ebpf::recvfrom] ERROR: [1:3]
[INFO  observ_trace_ebpf::process] invalid ret: 0
[ERROR observ_trace_ebpf::recvfrom] ERROR: [1:3]
[INFO  observ_trace_ebpf::process] invalid ret: 0
[ERROR observ_trace_ebpf::recvfrom] ERROR: [1:3]
[INFO  observ_trace_ebpf::process] invalid ret: 0
[ERROR observ_trace_ebpf::recvfrom] ERROR: [1:3]
[INFO  observ_trace_ebpf::process] invalid ret: 0
[ERROR observ_trace_ebpf::recvfrom] ERROR: [1:3]
[INFO  observ_trace_ebpf::process] invalid ret: 0
[ERROR observ_trace_ebpf::recvfrom] ERROR: [1:3]
[INFO  observ_trace_ebpf::process] invalid ret: 0
[ERROR observ_trace_ebpf::recvfrom] ERROR: [1:3]
[INFO  observ_trace_ebpf::process] invalid ret: 0
[ERROR observ_trace_ebpf::recvfrom] ERROR: [1:3]
[INFO  observ_trace_ebpf::process] invalid ret: 0
[ERROR observ_trace_ebpf::recvfrom] ERROR: [1:3]
[INFO  observ_trace_ebpf::process] invalid ret: 0
[ERROR observ_trace_ebpf::recvfrom] ERROR: [1:3]
[INFO  observ_trace_ebpf::process] invalid ret: 0
[ERROR observ_trace_ebpf::recvfrom] ERROR: [1:3]
[INFO  observ_trace_ebpf::process] invalid ret: 0
[ERROR observ_trace_ebpf::recvfrom] ERROR: [1:3]
[INFO  observ_trace_ebpf::process] invalid ret: 0
[ERROR observ_trace_ebpf::recvfrom] ERROR: [1:3]
[INFO  observ_trace_ebpf::process] invalid ret: 0
[ERROR observ_trace_ebpf::recvfrom] ERROR: [1:3]
[INFO  observ_trace_ebpf::process] invalid ret: 0
[ERROR observ_trace_ebpf::recvfrom] ERROR: [1:3]
[INFO  observ_trace_ebpf::process] invalid ret: 0
[ERROR observ_trace_ebpf::recvfrom] ERROR: [1:3]
[INFO  observ_trace_ebpf::process] invalid ret: 0
[ERROR observ_trace_ebpf::recvfrom] ERROR: [1:3]
[INFO  observ_trace_ebpf::process] invalid ret: 0
[ERROR observ_trace_ebpf::recvfrom] ERROR: [1:3]
[INFO  observ_trace_ebpf::process] invalid ret: 0
[ERROR observ_trace_ebpf::recvfrom] ERROR: [1:3]
[INFO  observ_trace_ebpf::process] invalid ret: 0
[ERROR observ_trace_ebpf::recvfrom] ERROR: [1:3]
[INFO  observ_trace_ebpf::process] invalid ret: 0
[ERROR observ_trace_ebpf::recvfrom] ERROR: [1:3]
[INFO  observ_trace_ebpf::process] invalid ret: 0
[ERROR observ_trace_ebpf::recvfrom] ERROR: [1:3]
[INFO  observ_trace_ebpf::process] invalid ret: 0
[ERROR observ_trace_ebpf::recvfrom] ERROR: [1:3]
[INFO  observ_trace_ebpf::process] invalid ret: 0
[ERROR observ_trace_ebpf::recvfrom] ERROR: [1:3]
[INFO  observ_trace_ebpf::process] invalid ret: 0
[ERROR observ_trace_ebpf::recvfrom] ERROR: [1:3]
[INFO  observ_trace_ebpf::process] invalid ret: 0
[ERROR observ_trace_ebpf::recvfrom] ERROR: [1:3]
[INFO  observ_trace_ebpf::process] invalid ret: 0
[ERROR observ_trace_ebpf::recvfrom] ERROR: [1:3]
[INFO  observ_trace_ebpf::process] invalid ret: 0
[ERROR observ_trace_ebpf::recvfrom] ERROR: [1:3]
[INFO  observ_trace_ebpf::process] invalid ret: 0
[ERROR observ_trace_ebpf::recvfrom] ERROR: [1:3]
[INFO  observ_trace_ebpf::process] invalid ret: 0
[ERROR observ_trace_ebpf::recvfrom] ERROR: [1:3]
[INFO  observ_trace_ebpf::process] invalid ret: 0
[ERROR observ_trace_ebpf::recvfrom] ERROR: [1:3]
[INFO  observ_trace_ebpf::process] invalid ret: 0
[ERROR observ_trace_ebpf::recvfrom] ERROR: [1:3]
[INFO  observ_trace_ebpf::process] invalid ret: 0
[ERROR observ_trace_ebpf::recvfrom] ERROR: [1:3]
[INFO  observ_trace_ebpf::process] invalid ret: 0
[ERROR observ_trace_ebpf::recvfrom] ERROR: [1:3]
[INFO  observ_trace_ebpf::process] invalid ret: 0
[ERROR observ_trace_ebpf::recvfrom] ERROR: [1:3]
[INFO  observ_trace_ebpf::process] invalid ret: 0
[ERROR observ_trace_ebpf::recvfrom] ERROR: [1:3]
[INFO  observ_trace_ebpf::process] invalid ret: 0
[ERROR observ_trace_ebpf::recvfrom] ERROR: [1:3]
[INFO  observ_trace_ebpf::process] invalid ret: 0
[ERROR observ_trace_ebpf::recvfrom] ERROR: [1:3]
[INFO  observ_trace_ebpf::process] invalid ret: 0
[ERROR observ_trace_ebpf::recvfrom] ERROR: [1:3]
[INFO  observ_trace_ebpf::process] invalid ret: 0
[ERROR observ_trace_ebpf::recvfrom] ERROR: [1:3]
[INFO  observ_trace_ebpf::process] invalid ret: 0
[ERROR observ_trace_ebpf::recvfrom] ERROR: [1:3]
[INFO  observ_trace_ebpf::process] invalid ret: 0
[ERROR observ_trace_ebpf::recvfrom] ERROR: [1:3]
[INFO  observ_trace_ebpf::process] invalid ret: 0
[ERROR observ_trace_ebpf::recvfrom] ERROR: [1:3]
[INFO  observ_trace_ebpf::process] invalid ret: 0
[ERROR observ_trace_ebpf::recvfrom] ERROR: [1:3]
[INFO  observ_trace_ebpf::process] invalid ret: 0
[ERROR observ_trace_ebpf::recvfrom] ERROR: [1:3]
[INFO  observ_trace_ebpf::process] invalid ret: 0
[ERROR observ_trace_ebpf::recvfrom] ERROR: [1:3]
[INFO  observ_trace_ebpf::process] invalid ret: 0
[ERROR observ_trace_ebpf::recvfrom] ERROR: [1:3]
[INFO  observ_trace_ebpf::process] invalid ret: 0
[ERROR observ_trace_ebpf::recvfrom] ERROR: [1:3]
[INFO  observ_trace_ebpf::process] invalid ret: 0
[ERROR observ_trace_ebpf::recvfrom] ERROR: [1:3]
[INFO  observ_trace_ebpf::process] invalid ret: 0
[ERROR observ_trace_ebpf::recvfrom] ERROR: [1:3]
[INFO  observ_trace_ebpf::process] invalid ret: 0
[ERROR observ_trace_ebpf::recvfrom] ERROR: [1:3]
[INFO  observ_trace_ebpf::process] invalid ret: 0
[ERROR observ_trace_ebpf::recvfrom] ERROR: [1:3]
[INFO  observ_trace_ebpf::process] invalid ret: 0
[ERROR observ_trace_ebpf::recvfrom] ERROR: [1:3]
[INFO  observ_trace_ebpf::process] invalid ret: 0
[ERROR observ_trace_ebpf::recvfrom] ERROR: [1:3]
[INFO  observ_trace_ebpf::process] invalid ret: 0
[ERROR observ_trace_ebpf::recvfrom] ERROR: [1:3]
[INFO  observ_trace_ebpf::process] invalid ret: 0
[ERROR observ_trace_ebpf::recvfrom] ERROR: [1:3]
[INFO  observ_trace_ebpf::process] invalid ret: 0
[ERROR observ_trace_ebpf::recvfrom] ERROR: [1:3]
[INFO  observ_trace_ebpf::process] invalid ret: 0
[ERROR observ_trace_ebpf::recvfrom] ERROR: [1:3]
[INFO  observ_trace_ebpf::process] invalid ret: 0
[ERROR observ_trace_ebpf::recvfrom] ERROR: [1:3]
[INFO  observ_trace_ebpf::process] invalid ret: 0
[ERROR observ_trace_ebpf::recvfrom] ERROR: [1:3]
[INFO  observ_trace_ebpf::process] invalid ret: 0
[ERROR observ_trace_ebpf::recvfrom] ERROR: [1:3]
[INFO  observ_trace_ebpf::process] invalid ret: 0
[ERROR observ_trace_ebpf::recvfrom] ERROR: [1:3]
[INFO  observ_trace_ebpf::process] invalid ret: 0
[ERROR observ_trace_ebpf::recvfrom] ERROR: [1:3]
[INFO  observ_trace_ebpf::process] invalid ret: 0
[ERROR observ_trace_ebpf::recvfrom] ERROR: [1:3]
[INFO  observ_trace_ebpf::process] invalid ret: 0
[ERROR observ_trace_ebpf::recvfrom] ERROR: [1:3]
[INFO  observ_trace_ebpf::process] invalid ret: 0
[ERROR observ_trace_ebpf::recvfrom] ERROR: [1:3]
[INFO  observ_trace_ebpf::process] invalid ret: 0
[ERROR observ_trace_ebpf::recvfrom] ERROR: [1:3]
[INFO  observ_trace_ebpf::process] invalid ret: 0
[ERROR observ_trace_ebpf::recvfrom] ERROR: [1:3]
[INFO  observ_trace_ebpf::process] invalid ret: 0
[ERROR observ_trace_ebpf::recvfrom] ERROR: [1:3]
[INFO  observ_trace_ebpf::process] invalid ret: 0
[ERROR observ_trace_ebpf::recvfrom] ERROR: [1:3]
[INFO  observ_trace_ebpf::process] invalid ret: 0
[ERROR observ_trace_ebpf::recvfrom] ERROR: [1:3]
[INFO  observ_trace_ebpf::process] invalid ret: 0
[ERROR observ_trace_ebpf::recvfrom] ERROR: [1:3]
[INFO  observ_trace_ebpf::process] invalid ret: 0
[ERROR observ_trace_ebpf::recvfrom] ERROR: [1:3]
[INFO  observ_trace_ebpf::process] invalid ret: 0
[ERROR observ_trace_ebpf::recvfrom] ERROR: [1:3]
[INFO  observ_trace_ebpf::process] invalid ret: 0
[ERROR observ_trace_ebpf::recvfrom] ERROR: [1:3]
[INFO  observ_trace_ebpf::process] invalid ret: 0
[ERROR observ_trace_ebpf::recvfrom] ERROR: [1:3]
[INFO  observ_trace_ebpf::process] invalid ret: 0
[ERROR observ_trace_ebpf::recvfrom] ERROR: [1:3]
[INFO  observ_trace_ebpf::process] invalid ret: 0
[ERROR observ_trace_ebpf::recvfrom] ERROR: [1:3]
[INFO  observ_trace_ebpf::process] invalid ret: 0
[ERROR observ_trace_ebpf::recvfrom] ERROR: [1:3]
[INFO  observ_trace_ebpf::process] invalid ret: 0
[ERROR observ_trace_ebpf::recvfrom] ERROR: [1:3]
[INFO  observ_trace_ebpf::process] invalid ret: 0
[ERROR observ_trace_ebpf::recvfrom] ERROR: [1:3]
[INFO  observ_trace_ebpf::process] invalid ret: 0
[ERROR observ_trace_ebpf::recvfrom] ERROR: [1:3]
[INFO  observ_trace_ebpf::process] invalid ret: 0
[ERROR observ_trace_ebpf::recvfrom] ERROR: [1:3]
[INFO  observ_trace_ebpf::process] invalid ret: 0
[ERROR observ_trace_ebpf::recvfrom] ERROR: [1:3]
[INFO  observ_trace_ebpf::process] invalid ret: 0
[ERROR observ_trace_ebpf::recvfrom] ERROR: [1:3]
[INFO  observ_trace_ebpf::process] invalid ret: 0
[ERROR observ_trace_ebpf::recvfrom] ERROR: [1:3]
[INFO  observ_trace_ebpf::process] invalid ret: 0
[ERROR observ_trace_ebpf::recvfrom] ERROR: [1:3]
[INFO  observ_trace_ebpf::process] invalid ret: 0
[ERROR observ_trace_ebpf::recvfrom] ERROR: [1:3]
[INFO  observ_trace_ebpf::process] invalid ret: 0
[ERROR observ_trace_ebpf::recvfrom] ERROR: [1:3]
[INFO  observ_trace_ebpf::process] invalid ret: 0
[ERROR observ_trace_ebpf::recvfrom] ERROR: [1:3]
[INFO  observ_trace_ebpf::process] invalid ret: 0
[ERROR observ_trace_ebpf::recvfrom] ERROR: [1:3]
[INFO  observ_trace_ebpf::process] invalid ret: 0
[ERROR observ_trace_ebpf::recvfrom] ERROR: [1:3]
[INFO  observ_trace_ebpf::process] invalid ret: 0
[ERROR observ_trace_ebpf::recvfrom] ERROR: [1:3]
[INFO  observ_trace_ebpf::process] invalid ret: 0
[ERROR observ_trace_ebpf::recvfrom] ERROR: [1:3]
[INFO  observ_trace_ebpf::process] invalid ret: 0
[ERROR observ_trace_ebpf::recvfrom] ERROR: [1:3]
[INFO  observ_trace_ebpf::process] invalid ret: 0
[ERROR observ_trace_ebpf::recvfrom] ERROR: [1:3]
[INFO  observ_trace_ebpf::process] invalid ret: 0
[ERROR observ_trace_ebpf::recvfrom] ERROR: [1:3]
[INFO  observ_trace_ebpf::process] invalid ret: 0
[ERROR observ_trace_ebpf::recvfrom] ERROR: [1:3]
[INFO  observ_trace_ebpf::process] invalid ret: 0
[ERROR observ_trace_ebpf::recvfrom] ERROR: [1:3]
[INFO  observ_trace_ebpf::process] invalid ret: 0
[ERROR observ_trace_ebpf::recvfrom] ERROR: [1:3]
[INFO  observ_trace_ebpf::process] invalid ret: 0
[ERROR observ_trace_ebpf::recvfrom] ERROR: [1:3]
[INFO  observ_trace_ebpf::process] invalid ret: 0
[ERROR observ_trace_ebpf::recvfrom] ERROR: [1:3]
[INFO  observ_trace_ebpf::process] invalid ret: 0
[ERROR observ_trace_ebpf::recvfrom] ERROR: [1:3]
[INFO  observ_trace_ebpf::process] invalid ret: 0
[ERROR observ_trace_ebpf::recvfrom] ERROR: [1:3]
[INFO  observ_trace_ebpf::process] invalid ret: 0
[ERROR observ_trace_ebpf::recvfrom] ERROR: [1:3]
[INFO  observ_trace_ebpf::process] invalid ret: 0
[ERROR observ_trace_ebpf::recvfrom] ERROR: [1:3]
[INFO  observ_trace_ebpf::process] invalid ret: 0
[ERROR observ_trace_ebpf::recvfrom] ERROR: [1:3]
[INFO  observ_trace_ebpf::process] invalid ret: 0
[ERROR observ_trace_ebpf::recvfrom] ERROR: [1:3]
[INFO  observ_trace_ebpf::process] invalid ret: 0
[ERROR observ_trace_ebpf::recvfrom] ERROR: [1:3]
[INFO  observ_trace_ebpf::process] invalid ret: 0
[ERROR observ_trace_ebpf::recvfrom] ERROR: [1:3]
[INFO  observ_trace_ebpf::process] invalid ret: 0
[ERROR observ_trace_ebpf::recvfrom] ERROR: [1:3]
[INFO  observ_trace_ebpf::process] invalid ret: 0
[ERROR observ_trace_ebpf::recvfrom] ERROR: [1:3]
[INFO  observ_trace_ebpf::process] invalid ret: 0
[ERROR observ_trace_ebpf::recvfrom] ERROR: [1:3]
[INFO  observ_trace_ebpf::process] invalid ret: 0
[ERROR observ_trace_ebpf::recvfrom] ERROR: [1:3]
[INFO  observ_trace_ebpf::process] invalid ret: 0
[ERROR observ_trace_ebpf::recvfrom] ERROR: [1:3]
[INFO  observ_trace_ebpf::process] invalid ret: 0
[ERROR observ_trace_ebpf::recvfrom] ERROR: [1:3]
[INFO  observ_trace_ebpf::process] invalid ret: 0
[ERROR observ_trace_ebpf::recvfrom] ERROR: [1:3]
[INFO  observ_trace_ebpf::process] invalid ret: 0
[ERROR observ_trace_ebpf::recvfrom] ERROR: [1:3]
[INFO  observ_trace_ebpf::process] invalid ret: 0
[ERROR observ_trace_ebpf::recvfrom] ERROR: [1:3]
[INFO  observ_trace_ebpf::process] invalid ret: 0
[ERROR observ_trace_ebpf::recvfrom] ERROR: [1:3]
[INFO  observ_trace_ebpf::process] invalid ret: 0
[ERROR observ_trace_ebpf::recvfrom] ERROR: [1:3]
[INFO  observ_trace_ebpf::process] invalid ret: 0
[ERROR observ_trace_ebpf::recvfrom] ERROR: [1:3]
[INFO  observ_trace_ebpf::process] invalid ret: 0
[ERROR observ_trace_ebpf::recvfrom] ERROR: [1:3]
[INFO  observ_trace_ebpf::process] invalid ret: 0
[ERROR observ_trace_ebpf::recvfrom] ERROR: [1:3]
[INFO  observ_trace_ebpf::process] invalid ret: 0
[ERROR observ_trace_ebpf::recvfrom] ERROR: [1:3]
[INFO  observ_trace_ebpf::process] invalid ret: 0
[ERROR observ_trace_ebpf::recvfrom] ERROR: [1:3]
[INFO  observ_trace_ebpf::process] invalid ret: 0
[ERROR observ_trace_ebpf::recvfrom] ERROR: [1:3]
[INFO  observ_trace_ebpf::process] invalid ret: 0
[ERROR observ_trace_ebpf::recvfrom] ERROR: [1:3]
[INFO  observ_trace_ebpf::process] invalid ret: 0
[ERROR observ_trace_ebpf::recvfrom] ERROR: [1:3]
[INFO  observ_trace_ebpf::process] invalid ret: 0
[ERROR observ_trace_ebpf::recvfrom] ERROR: [1:3]
[INFO  observ_trace_ebpf::process] invalid ret: 0
[ERROR observ_trace_ebpf::recvfrom] ERROR: [1:3]
[INFO  observ_trace_ebpf::process] invalid ret: 0
[ERROR observ_trace_ebpf::recvfrom] ERROR: [1:3]
[INFO  observ_trace_ebpf::process] invalid ret: 0
[ERROR observ_trace_ebpf::recvfrom] ERROR: [1:3]
[INFO  observ_trace_ebpf::process] invalid ret: 0
[ERROR observ_trace_ebpf::recvfrom] ERROR: [1:3]
[INFO  observ_trace_ebpf::process] invalid ret: 0
[ERROR observ_trace_ebpf::recvfrom] ERROR: [1:3]
[INFO  observ_trace_ebpf::process] invalid ret: 0
[ERROR observ_trace_ebpf::recvfrom] ERROR: [1:3]
[INFO  observ_trace_ebpf::process] invalid ret: 0
[ERROR observ_trace_ebpf::recvfrom] ERROR: [1:3]
[INFO  observ_trace_ebpf::process] invalid ret: 0
[ERROR observ_trace_ebpf::recvfrom] ERROR: [1:3]
[INFO  observ_trace_ebpf::process] invalid ret: 0
[ERROR observ_trace_ebpf::recvfrom] ERROR: [1:3]
[INFO  observ_trace_ebpf::process] invalid ret: 0
[ERROR observ_trace_ebpf::recvfrom] ERROR: [1:3]
[INFO  observ_trace_ebpf::process] invalid ret: 0
[ERROR observ_trace_ebpf::recvfrom] ERROR: [1:3]
[INFO  observ_trace_ebpf::process] invalid ret: 0
[ERROR observ_trace_ebpf::recvfrom] ERROR: [1:3]
[INFO  observ_trace_ebpf::process] invalid ret: 0
[ERROR observ_trace_ebpf::recvfrom] ERROR: [1:3]
[INFO  observ_trace_ebpf::process] invalid ret: 0
[ERROR observ_trace_ebpf::recvfrom] ERROR: [1:3]
[INFO  observ_trace_ebpf::process] invalid ret: 0
[ERROR observ_trace_ebpf::recvfrom] ERROR: [1:3]
[INFO  observ_trace_ebpf::process] invalid ret: 0
[ERROR observ_trace_ebpf::recvfrom] ERROR: [1:3]
[INFO  observ_trace_ebpf::process] invalid ret: 0
[ERROR observ_trace_ebpf::recvfrom] ERROR: [1:3]
[INFO  observ_trace_ebpf::process] invalid ret: 0
[ERROR observ_trace_ebpf::recvfrom] ERROR: [1:3]
[INFO  observ_trace_ebpf::process] invalid ret: 0
[ERROR observ_trace_ebpf::recvfrom] ERROR: [1:3]
[INFO  observ_trace_ebpf::process] invalid ret: 0
[ERROR observ_trace_ebpf::recvfrom] ERROR: [1:3]
[INFO  observ_trace_ebpf::process] invalid ret: 0
[ERROR observ_trace_ebpf::recvfrom] ERROR: [1:3]
[INFO  observ_trace_ebpf::process] invalid ret: 0
[ERROR observ_trace_ebpf::recvfrom] ERROR: [1:3]
[INFO  observ_trace_ebpf::process] invalid ret: 0
[ERROR observ_trace_ebpf::recvfrom] ERROR: [1:3]
[INFO  observ_trace_ebpf::process] invalid ret: 0
[ERROR observ_trace_ebpf::recvfrom] ERROR: [1:3]
[INFO  observ_trace_ebpf::process] invalid ret: 0
[ERROR observ_trace_ebpf::recvfrom] ERROR: [1:3]
[INFO  observ_trace_ebpf::process] invalid ret: 0
[ERROR observ_trace_ebpf::recvfrom] ERROR: [1:3]
[INFO  observ_trace_ebpf::process] invalid ret: 0
[ERROR observ_trace_ebpf::recvfrom] ERROR: [1:3]
[INFO  observ_trace_ebpf::process] invalid ret: 0
[ERROR observ_trace_ebpf::recvfrom] ERROR: [1:3]
[INFO  observ_trace_ebpf::process] invalid ret: 0
[ERROR observ_trace_ebpf::recvfrom] ERROR: [1:3]
[INFO  observ_trace_ebpf::process] invalid ret: 0
[ERROR observ_trace_ebpf::recvfrom] ERROR: [1:3]
[INFO  observ_trace_ebpf::process] invalid ret: 0
[ERROR observ_trace_ebpf::recvfrom] ERROR: [1:3]
[INFO  observ_trace_ebpf::process] invalid ret: 0
[ERROR observ_trace_ebpf::recvfrom] ERROR: [1:3]
[INFO  observ_trace_ebpf::process] invalid ret: 0
[ERROR observ_trace_ebpf::recvfrom] ERROR: [1:3]
[INFO  observ_trace_ebpf::process] invalid ret: 0
[ERROR observ_trace_ebpf::recvfrom] ERROR: [1:3]
[INFO  observ_trace_ebpf::process] invalid ret: 0
[ERROR observ_trace_ebpf::recvfrom] ERROR: [1:3]
[INFO  observ_trace_ebpf::process] invalid ret: 0
[ERROR observ_trace_ebpf::recvfrom] ERROR: [1:3]
[INFO  observ_trace_ebpf::process] invalid ret: 0
[ERROR observ_trace_ebpf::recvfrom] ERROR: [1:3]
[INFO  observ_trace_ebpf::process] invalid ret: 0
[ERROR observ_trace_ebpf::recvfrom] ERROR: [1:3]
[INFO  observ_trace_ebpf::process] invalid ret: 0
[ERROR observ_trace_ebpf::recvfrom] ERROR: [1:3]
[INFO  observ_trace_ebpf::process] invalid ret: 0
[ERROR observ_trace_ebpf::recvfrom] ERROR: [1:3]
[INFO  observ_trace_ebpf::process] invalid ret: 0
[ERROR observ_trace_ebpf::recvfrom] ERROR: [1:3]
[INFO  observ_trace_ebpf::process] invalid ret: 0
[ERROR observ_trace_ebpf::recvfrom] ERROR: [1:3]
[INFO  observ_trace_ebpf::process] invalid ret: 0
[ERROR observ_trace_ebpf::recvfrom] ERROR: [1:3]
[INFO  observ_trace_ebpf::process] invalid ret: 0
[ERROR observ_trace_ebpf::recvfrom] ERROR: [1:3]
[INFO  observ_trace_ebpf::process] invalid ret: 0
[ERROR observ_trace_ebpf::recvfrom] ERROR: [1:3]
[INFO  observ_trace_ebpf::process] invalid ret: 0
[ERROR observ_trace_ebpf::recvfrom] ERROR: [1:3]
[INFO  observ_trace_ebpf::process] invalid ret: 0
[ERROR observ_trace_ebpf::recvfrom] ERROR: [1:3]
[INFO  observ_trace_ebpf::process] invalid ret: 0
[ERROR observ_trace_ebpf::recvfrom] ERROR: [1:3]
[INFO  observ_trace_ebpf::process] invalid ret: 0
[ERROR observ_trace_ebpf::recvfrom] ERROR: [1:3]
[INFO  observ_trace_ebpf::process] invalid ret: 0
[ERROR observ_trace_ebpf::recvfrom] ERROR: [1:3]
[INFO  observ_trace_ebpf::process] invalid ret: 0
[ERROR observ_trace_ebpf::recvfrom] ERROR: [1:3]
[INFO  observ_trace_ebpf::process] invalid ret: 0
[ERROR observ_trace_ebpf::recvfrom] ERROR: [1:3]
[INFO  observ_trace_ebpf::process] invalid ret: 0
[ERROR observ_trace_ebpf::recvfrom] ERROR: [1:3]
[INFO  observ_trace_ebpf::process] invalid ret: 0
[ERROR observ_trace_ebpf::recvfrom] ERROR: [1:3]
[INFO  observ_trace_ebpf::process] invalid ret: 0
[ERROR observ_trace_ebpf::recvfrom] ERROR: [1:3]
[INFO  observ_trace_ebpf::process] invalid ret: 0
[ERROR observ_trace_ebpf::recvfrom] ERROR: [1:3]
[INFO  observ_trace_ebpf::process] invalid ret: 0
[ERROR observ_trace_ebpf::recvfrom] ERROR: [1:3]
[INFO  observ_trace_ebpf::process] invalid ret: 0
[ERROR observ_trace_ebpf::recvfrom] ERROR: [1:3]
[INFO  observ_trace_ebpf::process] invalid ret: 0
[ERROR observ_trace_ebpf::recvfrom] ERROR: [1:3]
[INFO  observ_trace_ebpf::process] invalid ret: 0
[ERROR observ_trace_ebpf::recvfrom] ERROR: [1:3]
[INFO  observ_trace_ebpf::process] invalid ret: 0
[ERROR observ_trace_ebpf::recvfrom] ERROR: [1:3]
[INFO  observ_trace_ebpf::process] invalid ret: 0
[ERROR observ_trace_ebpf::recvfrom] ERROR: [1:3]
[INFO  observ_trace_ebpf::process] invalid ret: 0
[ERROR observ_trace_ebpf::recvfrom] ERROR: [1:3]
[INFO  observ_trace_ebpf::process] invalid ret: 0
[ERROR observ_trace_ebpf::recvfrom] ERROR: [1:3]
[INFO  observ_trace_ebpf::process] invalid ret: 0
[ERROR observ_trace_ebpf::recvfrom] ERROR: [1:3]
[INFO  observ_trace_ebpf::process] invalid ret: 0
[ERROR observ_trace_ebpf::recvfrom] ERROR: [1:3]
[INFO  observ_trace_ebpf::process] invalid ret: 0
[ERROR observ_trace_ebpf::recvfrom] ERROR: [1:3]
[INFO  observ_trace_ebpf::process] invalid ret: 0
[ERROR observ_trace_ebpf::recvfrom] ERROR: [1:3]
[INFO  observ_trace_ebpf::process] invalid ret: 0
[ERROR observ_trace_ebpf::recvfrom] ERROR: [1:3]
[INFO  observ_trace_ebpf::process] invalid ret: 0
[ERROR observ_trace_ebpf::recvfrom] ERROR: [1:3]
[INFO  observ_trace_ebpf::process] invalid ret: 0
[ERROR observ_trace_ebpf::recvfrom] ERROR: [1:3]
[INFO  observ_trace_ebpf::process] invalid ret: 0
[ERROR observ_trace_ebpf::recvfrom] ERROR: [1:3]
[INFO  observ_trace_ebpf::process] invalid ret: 0
[ERROR observ_trace_ebpf::recvfrom] ERROR: [1:3]
[INFO  observ_trace_ebpf::process] invalid ret: 0
[ERROR observ_trace_ebpf::recvfrom] ERROR: [1:3]
[INFO  observ_trace_ebpf::process] invalid ret: 0
[ERROR observ_trace_ebpf::recvfrom] ERROR: [1:3]
[INFO  observ_trace_ebpf::process] invalid ret: 0
[ERROR observ_trace_ebpf::recvfrom] ERROR: [1:3]
[INFO  observ_trace_ebpf::process] invalid ret: 0
[ERROR observ_trace_ebpf::recvfrom] ERROR: [1:3]
[INFO  observ_trace_ebpf::process] invalid ret: 0
[ERROR observ_trace_ebpf::recvfrom] ERROR: [1:3]
[INFO  observ_trace_ebpf::process] invalid ret: 0
[ERROR observ_trace_ebpf::recvfrom] ERROR: [1:3]
[INFO  observ_trace_ebpf::process] invalid ret: 0
[ERROR observ_trace_ebpf::recvfrom] ERROR: [1:3]
[INFO  observ_trace_ebpf::process] invalid ret: 0
[ERROR observ_trace_ebpf::recvfrom] ERROR: [1:3]
[INFO  observ_trace_ebpf::process] invalid ret: 0
[ERROR observ_trace_ebpf::recvfrom] ERROR: [1:3]
[INFO  observ_trace_ebpf::process] invalid ret: 0
[ERROR observ_trace_ebpf::recvfrom] ERROR: [1:3]
[INFO  observ_trace_ebpf::process] invalid ret: 0
[ERROR observ_trace_ebpf::recvfrom] ERROR: [1:3]
[INFO  observ_trace_ebpf::process] invalid ret: 0
[ERROR observ_trace_ebpf::recvfrom] ERROR: [1:3]
[INFO  observ_trace_ebpf::process] invalid ret: 0
[ERROR observ_trace_ebpf::recvfrom] ERROR: [1:3]
[INFO  observ_trace_ebpf::process] invalid ret: 0
[ERROR observ_trace_ebpf::recvfrom] ERROR: [1:3]
[INFO  observ_trace_ebpf::process] invalid ret: 0
[ERROR observ_trace_ebpf::recvfrom] ERROR: [1:3]
[INFO  observ_trace_ebpf::process] invalid ret: 0
[ERROR observ_trace_ebpf::recvfrom] ERROR: [1:3]
[INFO  observ_trace_ebpf::process] invalid ret: 0
[ERROR observ_trace_ebpf::recvfrom] ERROR: [1:3]
[INFO  observ_trace_ebpf::process] invalid ret: 0
[ERROR observ_trace_ebpf::recvfrom] ERROR: [1:3]
[INFO  observ_trace_ebpf::process] invalid ret: 0
[ERROR observ_trace_ebpf::recvfrom] ERROR: [1:3]
[INFO  observ_trace_ebpf::process] invalid ret: 0
[ERROR observ_trace_ebpf::recvfrom] ERROR: [1:3]
[INFO  observ_trace_ebpf::process] invalid ret: 0
[ERROR observ_trace_ebpf::recvfrom] ERROR: [1:3]
[INFO  observ_trace_ebpf::process] invalid ret: 0
[ERROR observ_trace_ebpf::recvfrom] ERROR: [1:3]
[INFO  observ_trace_ebpf::process] invalid ret: 0
[ERROR observ_trace_ebpf::recvfrom] ERROR: [1:3]
[INFO  observ_trace_ebpf::process] invalid ret: 0
[ERROR observ_trace_ebpf::recvfrom] ERROR: [1:3]
[INFO  observ_trace_ebpf::process] invalid ret: 0
[ERROR observ_trace_ebpf::recvfrom] ERROR: [1:3]
[INFO  observ_trace_ebpf::process] invalid ret: 0
[ERROR observ_trace_ebpf::recvfrom] ERROR: [1:3]
[INFO  observ_trace_ebpf::process] invalid ret: 0
[ERROR observ_trace_ebpf::recvfrom] ERROR: [1:3]
[INFO  observ_trace_ebpf::process] invalid ret: 0
[ERROR observ_trace_ebpf::recvfrom] ERROR: [1:3]
[INFO  observ_trace_ebpf::process] invalid ret: 0
[ERROR observ_trace_ebpf::recvfrom] ERROR: [1:3]
[INFO  observ_trace_ebpf::process] invalid ret: 0
[ERROR observ_trace_ebpf::recvfrom] ERROR: [1:3]
[INFO  observ_trace_ebpf::process] invalid ret: 0
[ERROR observ_trace_ebpf::recvfrom] ERROR: [1:3]
[INFO  observ_trace_ebpf::process] invalid ret: 0
[ERROR observ_trace_ebpf::recvfrom] ERROR: [1:3]
[INFO  observ_trace_ebpf::process] invalid ret: 0
[ERROR observ_trace_ebpf::recvfrom] ERROR: [1:3]
[INFO  observ_trace_ebpf::process] invalid ret: 0
[ERROR observ_trace_ebpf::recvfrom] ERROR: [1:3]
[INFO  observ_trace_ebpf::process] invalid ret: 0
[ERROR observ_trace_ebpf::recvfrom] ERROR: [1:3]
[INFO  observ_trace_ebpf::process] invalid ret: 0
[ERROR observ_trace_ebpf::recvfrom] ERROR: [1:3]
[INFO  observ_trace_ebpf::process] invalid ret: 0
[ERROR observ_trace_ebpf::recvfrom] ERROR: [1:3]
[INFO  observ_trace_ebpf::process] invalid ret: 0
[ERROR observ_trace_ebpf::recvfrom] ERROR: [1:3]
[INFO  observ_trace_ebpf::process] invalid ret: 0
[ERROR observ_trace_ebpf::recvfrom] ERROR: [1:3]
[INFO  observ_trace_ebpf::process] invalid ret: 0
[ERROR observ_trace_ebpf::recvfrom] ERROR: [1:3]
[INFO  observ_trace_ebpf::process] invalid ret: 0
[ERROR observ_trace_ebpf::recvfrom] ERROR: [1:3]
[INFO  observ_trace_ebpf::process] invalid ret: 0
[ERROR observ_trace_ebpf::recvfrom] ERROR: [1:3]
[INFO  observ_trace_ebpf::process] invalid ret: 0
[ERROR observ_trace_ebpf::recvfrom] ERROR: [1:3]
[INFO  observ_trace_ebpf::process] invalid ret: 0
[ERROR observ_trace_ebpf::recvfrom] ERROR: [1:3]
[INFO  observ_trace_ebpf::process] invalid ret: 0
[ERROR observ_trace_ebpf::recvfrom] ERROR: [1:3]
[INFO  observ_trace_ebpf::process] invalid ret: 0
[ERROR observ_trace_ebpf::recvfrom] ERROR: [1:3]
[INFO  observ_trace_ebpf::process] invalid ret: 0
[ERROR observ_trace_ebpf::recvfrom] ERROR: [1:3]
[INFO  observ_trace_ebpf::process] invalid ret: 0
[ERROR observ_trace_ebpf::recvfrom] ERROR: [1:3]
[INFO  observ_trace_ebpf::process] invalid ret: 0
[ERROR observ_trace_ebpf::recvfrom] ERROR: [1:3]
[INFO  observ_trace_ebpf::process] invalid ret: 0
[ERROR observ_trace_ebpf::recvfrom] ERROR: [1:3]
[INFO  observ_trace_ebpf::process] invalid ret: 0
[ERROR observ_trace_ebpf::recvfrom] ERROR: [1:3]
[INFO  observ_trace_ebpf::process] invalid ret: 0
[ERROR observ_trace_ebpf::recvfrom] ERROR: [1:3]
[INFO  observ_trace_ebpf::process] invalid ret: 0
[ERROR observ_trace_ebpf::recvfrom] ERROR: [1:3]
[INFO  observ_trace_ebpf::process] invalid ret: 0
[ERROR observ_trace_ebpf::recvfrom] ERROR: [1:3]
[INFO  observ_trace_ebpf::process] invalid ret: 0
[ERROR observ_trace_ebpf::recvfrom] ERROR: [1:3]
[INFO  observ_trace_ebpf::process] invalid ret: 0
[ERROR observ_trace_ebpf::recvfrom] ERROR: [1:3]
[INFO  observ_trace_ebpf::process] invalid ret: 0
[ERROR observ_trace_ebpf::recvfrom] ERROR: [1:3]
[INFO  observ_trace_ebpf::process] invalid ret: 0
[ERROR observ_trace_ebpf::recvfrom] ERROR: [1:3]
[INFO  observ_trace_ebpf::process] invalid ret: 0
[ERROR observ_trace_ebpf::recvfrom] ERROR: [1:3]
[INFO  observ_trace_ebpf::process] invalid ret: 0
[ERROR observ_trace_ebpf::recvfrom] ERROR: [1:3]
[INFO  observ_trace_ebpf::process] invalid ret: 0
[ERROR observ_trace_ebpf::recvfrom] ERROR: [1:3]
[INFO  observ_trace_ebpf::process] invalid ret: 0
[ERROR observ_trace_ebpf::recvfrom] ERROR: [1:3]
[INFO  observ_trace_ebpf::process] invalid ret: 0
[ERROR observ_trace_ebpf::recvfrom] ERROR: [1:3]
[INFO  observ_trace_ebpf::process] invalid ret: 0
[ERROR observ_trace_ebpf::recvfrom] ERROR: [1:3]
[INFO  observ_trace_ebpf::process] invalid ret: 0
[ERROR observ_trace_ebpf::recvfrom] ERROR: [1:3]
[INFO  observ_trace_ebpf::process] invalid ret: 0
[ERROR observ_trace_ebpf::recvfrom] ERROR: [1:3]
[INFO  observ_trace_ebpf::process] invalid ret: 0
[ERROR observ_trace_ebpf::recvfrom] ERROR: [1:3]
[INFO  observ_trace_ebpf::process] invalid ret: 0
[ERROR observ_trace_ebpf::recvfrom] ERROR: [1:3]
[INFO  observ_trace_ebpf::process] invalid ret: 0
[ERROR observ_trace_ebpf::recvfrom] ERROR: [1:3]
[INFO  observ_trace_ebpf::process] invalid ret: 0
[ERROR observ_trace_ebpf::recvfrom] ERROR: [1:3]
[INFO  observ_trace_ebpf::process] invalid ret: 0
[ERROR observ_trace_ebpf::recvfrom] ERROR: [1:3]
[INFO  observ_trace_ebpf::process] invalid ret: 0
[ERROR observ_trace_ebpf::recvfrom] ERROR: [1:3]
[INFO  observ_trace_ebpf::process] invalid ret: 0
[ERROR observ_trace_ebpf::recvfrom] ERROR: [1:3]
[INFO  observ_trace_ebpf::process] invalid ret: 0
[ERROR observ_trace_ebpf::recvfrom] ERROR: [1:3]
[INFO  observ_trace_ebpf::process] invalid ret: 0
[ERROR observ_trace_ebpf::recvfrom] ERROR: [1:3]
[INFO  observ_trace_ebpf::process] invalid ret: 0
[ERROR observ_trace_ebpf::recvfrom] ERROR: [1:3]
[INFO  observ_trace_ebpf::process] invalid ret: 0
[ERROR observ_trace_ebpf::recvfrom] ERROR: [1:3]
[INFO  observ_trace_ebpf::process] invalid ret: 0
[ERROR observ_trace_ebpf::recvfrom] ERROR: [1:3]
[INFO  observ_trace_ebpf::process] invalid ret: 0
[ERROR observ_trace_ebpf::recvfrom] ERROR: [1:3]
[INFO  observ_trace_ebpf::process] invalid ret: 0
[ERROR observ_trace_ebpf::recvfrom] ERROR: [1:3]
[INFO  observ_trace_ebpf::process] invalid ret: 0
[ERROR observ_trace_ebpf::recvfrom] ERROR: [1:3]
[INFO  observ_trace_ebpf::process] invalid ret: 0
[ERROR observ_trace_ebpf::recvfrom] ERROR: [1:3]
[INFO  observ_trace_ebpf::process] invalid ret: 0
[ERROR observ_trace_ebpf::recvfrom] ERROR: [1:3]
[INFO  observ_trace_ebpf::process] invalid ret: 0
[ERROR observ_trace_ebpf::recvfrom] ERROR: [1:3]
[INFO  observ_trace_ebpf::process] invalid ret: 0
[ERROR observ_trace_ebpf::recvfrom] ERROR: [1:3]
[INFO  observ_trace_ebpf::process] invalid ret: 0
[ERROR observ_trace_ebpf::recvfrom] ERROR: [1:3]
[INFO  observ_trace_ebpf::process] invalid ret: 0
[ERROR observ_trace_ebpf::recvfrom] ERROR: [1:3]
[INFO  observ_trace_ebpf::process] invalid ret: 0
[ERROR observ_trace_ebpf::recvfrom] ERROR: [1:3]
[INFO  observ_trace_ebpf::process] invalid ret: 0
[ERROR observ_trace_ebpf::recvfrom] ERROR: [1:3]
[INFO  observ_trace_ebpf::process] invalid ret: 0
[ERROR observ_trace_ebpf::recvfrom] ERROR: [1:3]
[INFO  observ_trace_ebpf::process] invalid ret: 0
[ERROR observ_trace_ebpf::recvfrom] ERROR: [1:3]
[INFO  observ_trace_ebpf::process] invalid ret: 0
[ERROR observ_trace_ebpf::recvfrom] ERROR: [1:3]
[INFO  observ_trace_ebpf::process] invalid ret: 0
[ERROR observ_trace_ebpf::recvfrom] ERROR: [1:3]
[INFO  observ_trace_ebpf::process] invalid ret: 0
[ERROR observ_trace_ebpf::recvfrom] ERROR: [1:3]
[INFO  observ_trace_ebpf::process] invalid ret: 0
[ERROR observ_trace_ebpf::recvfrom] ERROR: [1:3]
[INFO  observ_trace_ebpf::process] invalid ret: 0
[ERROR observ_trace_ebpf::recvfrom] ERROR: [1:3]
[INFO  observ_trace_ebpf::process] invalid ret: 0
[ERROR observ_trace_ebpf::recvfrom] ERROR: [1:3]
[INFO  observ_trace_ebpf::process] invalid ret: 0
[ERROR observ_trace_ebpf::recvfrom] ERROR: [1:3]
[INFO  observ_trace_ebpf::process] invalid ret: 0
[ERROR observ_trace_ebpf::recvfrom] ERROR: [1:3]
[INFO  observ_trace_ebpf::process] invalid ret: 0
[ERROR observ_trace_ebpf::recvfrom] ERROR: [1:3]
[INFO  observ_trace_ebpf::process] invalid ret: 0
[ERROR observ_trace_ebpf::recvfrom] ERROR: [1:3]
[INFO  observ_trace_ebpf::process] invalid ret: 0
[ERROR observ_trace_ebpf::recvfrom] ERROR: [1:3]
[INFO  observ_trace_ebpf::process] invalid ret: 0
[ERROR observ_trace_ebpf::recvfrom] ERROR: [1:3]
[INFO  observ_trace_ebpf::process] invalid ret: 0
[ERROR observ_trace_ebpf::recvfrom] ERROR: [1:3]
[INFO  observ_trace_ebpf::process] invalid ret: 0
[ERROR observ_trace_ebpf::recvfrom] ERROR: [1:3]
[INFO  observ_trace_ebpf::process] invalid ret: 0
[ERROR observ_trace_ebpf::recvfrom] ERROR: [1:3]
[INFO  observ_trace_ebpf::process] invalid ret: 0
[ERROR observ_trace_ebpf::recvfrom] ERROR: [1:3]
[INFO  observ_trace_ebpf::process] invalid ret: 0
[ERROR observ_trace_ebpf::recvfrom] ERROR: [1:3]
[INFO  observ_trace_ebpf::process] invalid ret: 0
[ERROR observ_trace_ebpf::recvfrom] ERROR: [1:3]
[INFO  observ_trace_ebpf::process] invalid ret: 0
[ERROR observ_trace_ebpf::recvfrom] ERROR: [1:3]
[INFO  observ_trace_ebpf::process] invalid ret: 0
[ERROR observ_trace_ebpf::recvfrom] ERROR: [1:3]
[INFO  observ_trace_ebpf::process] invalid ret: 0
[ERROR observ_trace_ebpf::recvfrom] ERROR: [1:3]
[INFO  observ_trace_ebpf::process] invalid ret: 0
[ERROR observ_trace_ebpf::recvfrom] ERROR: [1:3]
[INFO  observ_trace_ebpf::process] invalid ret: 0
[ERROR observ_trace_ebpf::recvfrom] ERROR: [1:3]
[INFO  observ_trace_ebpf::process] invalid ret: 0
[ERROR observ_trace_ebpf::recvfrom] ERROR: [1:3]
[INFO  observ_trace_ebpf::process] invalid ret: 0
[ERROR observ_trace_ebpf::recvfrom] ERROR: [1:3]
[INFO  observ_trace_ebpf::process] invalid ret: 0
[ERROR observ_trace_ebpf::recvfrom] ERROR: [1:3]
[INFO  observ_trace_ebpf::process] invalid ret: 0
[ERROR observ_trace_ebpf::recvfrom] ERROR: [1:3]
[INFO  observ_trace_ebpf::process] invalid ret: 0
[ERROR observ_trace_ebpf::recvfrom] ERROR: [1:3]
[INFO  observ_trace_ebpf::process] invalid ret: 0
[ERROR observ_trace_ebpf::recvfrom] ERROR: [1:3]
[INFO  observ_trace_ebpf::process] invalid ret: 0
[ERROR observ_trace_ebpf::recvfrom] ERROR: [1:3]
[INFO  observ_trace_ebpf::process] invalid ret: 0
[ERROR observ_trace_ebpf::recvfrom] ERROR: [1:3]
[INFO  observ_trace_ebpf::process] invalid ret: 0
[ERROR observ_trace_ebpf::recvfrom] ERROR: [1:3]
[INFO  observ_trace_ebpf::process] invalid ret: 0
[ERROR observ_trace_ebpf::recvfrom] ERROR: [1:3]
[INFO  observ_trace_ebpf::process] invalid ret: 0
[ERROR observ_trace_ebpf::recvfrom] ERROR: [1:3]
[INFO  observ_trace_ebpf::process] invalid ret: 0
[ERROR observ_trace_ebpf::recvfrom] ERROR: [1:3]
[INFO  observ_trace_ebpf::process] invalid ret: 0
[ERROR observ_trace_ebpf::recvfrom] ERROR: [1:3]
[INFO  observ_trace_ebpf::process] invalid ret: 0
[ERROR observ_trace_ebpf::recvfrom] ERROR: [1:3]
[INFO  observ_trace_ebpf::process] invalid ret: 0
[ERROR observ_trace_ebpf::recvfrom] ERROR: [1:3]
[INFO  observ_trace_ebpf::process] invalid ret: 0
[ERROR observ_trace_ebpf::recvfrom] ERROR: [1:3]
[INFO  observ_trace_ebpf::process] invalid ret: 0
[ERROR observ_trace_ebpf::recvfrom] ERROR: [1:3]
[INFO  observ_trace_ebpf::process] invalid ret: 0
[ERROR observ_trace_ebpf::recvfrom] ERROR: [1:3]
[INFO  observ_trace_ebpf::process] invalid ret: 0
[ERROR observ_trace_ebpf::recvfrom] ERROR: [1:3]
[INFO  observ_trace_ebpf::process] invalid ret: 0
[ERROR observ_trace_ebpf::recvfrom] ERROR: [1:3]
[INFO  observ_trace_ebpf::process] invalid ret: 0
[ERROR observ_trace_ebpf::recvfrom] ERROR: [1:3]
[INFO  observ_trace_ebpf::process] invalid ret: 0
[ERROR observ_trace_ebpf::recvfrom] ERROR: [1:3]
[INFO  observ_trace_ebpf::process] invalid ret: 0
[ERROR observ_trace_ebpf::recvfrom] ERROR: [1:3]
[INFO  observ_trace_ebpf::process] invalid ret: 0
[ERROR observ_trace_ebpf::recvfrom] ERROR: [1:3]
[INFO  observ_trace_ebpf::process] invalid ret: 0
[ERROR observ_trace_ebpf::recvfrom] ERROR: [1:3]
[INFO  observ_trace_ebpf::process] invalid ret: 0
[ERROR observ_trace_ebpf::recvfrom] ERROR: [1:3]
[INFO  observ_trace_ebpf::process] invalid ret: 0
[ERROR observ_trace_ebpf::recvfrom] ERROR: [1:3]
[INFO  observ_trace_ebpf::process] invalid ret: 0
[ERROR observ_trace_ebpf::recvfrom] ERROR: [1:3]
[INFO  observ_trace_ebpf::process] invalid ret: 0
[ERROR observ_trace_ebpf::recvfrom] ERROR: [1:3]
[INFO  observ_trace_ebpf::process] invalid ret: 0
[ERROR observ_trace_ebpf::recvfrom] ERROR: [1:3]
[INFO  observ_trace_ebpf::process] invalid ret: 0
[ERROR observ_trace_ebpf::recvfrom] ERROR: [1:3]
[INFO  observ_trace_ebpf::process] invalid ret: 0
[ERROR observ_trace_ebpf::recvfrom] ERROR: [1:3]
[INFO  observ_trace_ebpf::process] invalid ret: 0
[ERROR observ_trace_ebpf::recvfrom] ERROR: [1:3]
[INFO  observ_trace_ebpf::process] invalid ret: 0
[ERROR observ_trace_ebpf::recvfrom] ERROR: [1:3]
[INFO  observ_trace_ebpf::process] invalid ret: 0
[ERROR observ_trace_ebpf::recvfrom] ERROR: [1:3]
[INFO  observ_trace_ebpf::process] invalid ret: 0
[ERROR observ_trace_ebpf::recvfrom] ERROR: [1:3]
[INFO  observ_trace_ebpf::process] invalid ret: 0
[ERROR observ_trace_ebpf::recvfrom] ERROR: [1:3]
[INFO  observ_trace_ebpf::process] invalid ret: 0
[ERROR observ_trace_ebpf::recvfrom] ERROR: [1:3]
[INFO  observ_trace_ebpf::process] invalid ret: 0
[ERROR observ_trace_ebpf::recvfrom] ERROR: [1:3]
[INFO  observ_trace_ebpf::process] invalid ret: 0
[ERROR observ_trace_ebpf::recvfrom] ERROR: [1:3]
[INFO  observ_trace_ebpf::process] invalid ret: 0
[ERROR observ_trace_ebpf::recvfrom] ERROR: [1:3]
[INFO  observ_trace_ebpf::process] invalid ret: 0
[ERROR observ_trace_ebpf::recvfrom] ERROR: [1:3]
[INFO  observ_trace_ebpf::process] invalid ret: 0
[ERROR observ_trace_ebpf::recvfrom] ERROR: [1:3]
[INFO  observ_trace_ebpf::process] invalid ret: 0
[ERROR observ_trace_ebpf::recvfrom] ERROR: [1:3]
[INFO  observ_trace_ebpf::process] invalid ret: 0
[ERROR observ_trace_ebpf::recvfrom] ERROR: [1:3]
[INFO  observ_trace_ebpf::process] invalid ret: 0
[ERROR observ_trace_ebpf::recvfrom] ERROR: [1:3]
[INFO  observ_trace_ebpf::process] invalid ret: 0
[ERROR observ_trace_ebpf::recvfrom] ERROR: [1:3]
[INFO  observ_trace_ebpf::process] invalid ret: 0
[ERROR observ_trace_ebpf::recvfrom] ERROR: [1:3]
[INFO  observ_trace_ebpf::process] invalid ret: 0
[ERROR observ_trace_ebpf::recvfrom] ERROR: [1:3]
[INFO  observ_trace_ebpf::process] invalid ret: 0
[ERROR observ_trace_ebpf::recvfrom] ERROR: [1:3]
[INFO  observ_trace_ebpf::process] invalid ret: 0
[ERROR observ_trace_ebpf::recvfrom] ERROR: [1:3]
[INFO  observ_trace_ebpf::process] invalid ret: 0
[ERROR observ_trace_ebpf::recvfrom] ERROR: [1:3]
[INFO  observ_trace_ebpf::process] invalid ret: 0
[ERROR observ_trace_ebpf::recvfrom] ERROR: [1:3]
[INFO  observ_trace_ebpf::process] invalid ret: 0
[ERROR observ_trace_ebpf::recvfrom] ERROR: [1:3]
[INFO  observ_trace_ebpf::process] invalid ret: 0
[ERROR observ_trace_ebpf::recvfrom] ERROR: [1:3]
[INFO  observ_trace_ebpf::process] invalid ret: 0
[ERROR observ_trace_ebpf::recvfrom] ERROR: [1:3]
[INFO  observ_trace_ebpf::process] invalid ret: 0
[ERROR observ_trace_ebpf::recvfrom] ERROR: [1:3]
[INFO  observ_trace_ebpf::process] invalid ret: 0
[ERROR observ_trace_ebpf::recvfrom] ERROR: [1:3]
[INFO  observ_trace_ebpf::process] invalid ret: 0
[ERROR observ_trace_ebpf::recvfrom] ERROR: [1:3]
[INFO  observ_trace_ebpf::process] invalid ret: 0
[ERROR observ_trace_ebpf::recvfrom] ERROR: [1:3]
[INFO  observ_trace_ebpf::process] invalid ret: 0
[ERROR observ_trace_ebpf::recvfrom] ERROR: [1:3]
[INFO  observ_trace_ebpf::process] invalid ret: 0
[ERROR observ_trace_ebpf::recvfrom] ERROR: [1:3]
[INFO  observ_trace_ebpf::process] invalid ret: 0
[ERROR observ_trace_ebpf::recvfrom] ERROR: [1:3]
[INFO  observ_trace_ebpf::process] invalid ret: 0
[ERROR observ_trace_ebpf::recvfrom] ERROR: [1:3]
[INFO  observ_trace_ebpf::process] invalid ret: 0
[ERROR observ_trace_ebpf::recvfrom] ERROR: [1:3]
[INFO  observ_trace_ebpf::process] invalid ret: 0
[ERROR observ_trace_ebpf::recvfrom] ERROR: [1:3]
[INFO  observ_trace_ebpf::process] invalid ret: 0
[ERROR observ_trace_ebpf::recvfrom] ERROR: [1:3]
[INFO  observ_trace_ebpf::process] invalid ret: 0
[ERROR observ_trace_ebpf::recvfrom] ERROR: [1:3]
[INFO  observ_trace_ebpf::process] invalid ret: 0
[ERROR observ_trace_ebpf::recvfrom] ERROR: [1:3]
[INFO  observ_trace_ebpf::process] invalid ret: 0
[ERROR observ_trace_ebpf::recvfrom] ERROR: [1:3]
[INFO  observ_trace_ebpf::process] invalid ret: 0
[ERROR observ_trace_ebpf::recvfrom] ERROR: [1:3]
[INFO  observ_trace_ebpf::process] invalid ret: 0
[ERROR observ_trace_ebpf::recvfrom] ERROR: [1:3]
[INFO  observ_trace_ebpf::process] invalid ret: 0
[ERROR observ_trace_ebpf::recvfrom] ERROR: [1:3]
[INFO  observ_trace_ebpf::process] invalid ret: 0
[ERROR observ_trace_ebpf::recvfrom] ERROR: [1:3]
[INFO  observ_trace_ebpf::process] invalid ret: 0
[ERROR observ_trace_ebpf::recvfrom] ERROR: [1:3]
[INFO  observ_trace_ebpf::process] invalid ret: 0
[ERROR observ_trace_ebpf::recvfrom] ERROR: [1:3]
[INFO  observ_trace_ebpf::process] invalid ret: 0
[ERROR observ_trace_ebpf::recvfrom] ERROR: [1:3]
[INFO  observ_trace_ebpf::process] invalid ret: 0
[ERROR observ_trace_ebpf::recvfrom] ERROR: [1:3]
[INFO  observ_trace_ebpf::process] invalid ret: 0
[ERROR observ_trace_ebpf::recvfrom] ERROR: [1:3]
[INFO  observ_trace_ebpf::process] invalid ret: 0
[ERROR observ_trace_ebpf::recvfrom] ERROR: [1:3]
[INFO  observ_trace_ebpf::process] invalid ret: 0
[ERROR observ_trace_ebpf::recvfrom] ERROR: [1:3]
[INFO  observ_trace_ebpf::process] invalid ret: 0
[ERROR observ_trace_ebpf::recvfrom] ERROR: [1:3]
[INFO  observ_trace_ebpf::process] invalid ret: 0
[ERROR observ_trace_ebpf::recvfrom] ERROR: [1:3]
[INFO  observ_trace_ebpf::process] invalid ret: 0
[ERROR observ_trace_ebpf::recvfrom] ERROR: [1:3]
[INFO  observ_trace_ebpf::process] invalid ret: 0
[ERROR observ_trace_ebpf::recvfrom] ERROR: [1:3]
[INFO  observ_trace_ebpf::process] invalid ret: 0
[ERROR observ_trace_ebpf::recvfrom] ERROR: [1:3]
[INFO  observ_trace_ebpf::process] invalid ret: 0
[ERROR observ_trace_ebpf::recvfrom] ERROR: [1:3]
[INFO  observ_trace_ebpf::process] invalid ret: 0
[ERROR observ_trace_ebpf::recvfrom] ERROR: [1:3]
[INFO  observ_trace_ebpf::process] invalid ret: 0
[ERROR observ_trace_ebpf::recvfrom] ERROR: [1:3]
[INFO  observ_trace_ebpf::process] invalid ret: 0
[ERROR observ_trace_ebpf::recvfrom] ERROR: [1:3]
[INFO  observ_trace_ebpf::process] invalid ret: 0
[ERROR observ_trace_ebpf::recvfrom] ERROR: [1:3]
[INFO  observ_trace_ebpf::process] invalid ret: 0
[ERROR observ_trace_ebpf::recvfrom] ERROR: [1:3]
[INFO  observ_trace_ebpf::process] invalid ret: 0
[ERROR observ_trace_ebpf::recvfrom] ERROR: [1:3]
[INFO  observ_trace_ebpf::process] invalid ret: 0
[ERROR observ_trace_ebpf::recvfrom] ERROR: [1:3]
[INFO  observ_trace_ebpf::process] invalid ret: 0
[ERROR observ_trace_ebpf::recvfrom] ERROR: [1:3]
[INFO  observ_trace_ebpf::process] invalid ret: 0
[ERROR observ_trace_ebpf::recvfrom] ERROR: [1:3]
[INFO  observ_trace_ebpf::process] invalid ret: 0
[ERROR observ_trace_ebpf::recvfrom] ERROR: [1:3]
[INFO  observ_trace_ebpf::process] invalid ret: 0
[ERROR observ_trace_ebpf::recvfrom] ERROR: [1:3]
[INFO  observ_trace_ebpf::process] invalid ret: 0
[ERROR observ_trace_ebpf::recvfrom] ERROR: [1:3]
[INFO  observ_trace_ebpf::process] invalid ret: 0
[ERROR observ_trace_ebpf::recvfrom] ERROR: [1:3]
[INFO  observ_trace_ebpf::process] invalid ret: 0
[ERROR observ_trace_ebpf::recvfrom] ERROR: [1:3]
[INFO  observ_trace_ebpf::process] invalid ret: 0
[ERROR observ_trace_ebpf::recvfrom] ERROR: [1:3]
[INFO  observ_trace_ebpf::process] invalid ret: 0
[ERROR observ_trace_ebpf::recvfrom] ERROR: [1:3]
[INFO  observ_trace_ebpf::process] invalid ret: 0
[ERROR observ_trace_ebpf::recvfrom] ERROR: [1:3]
[INFO  observ_trace_ebpf::process] invalid ret: 0
[ERROR observ_trace_ebpf::recvfrom] ERROR: [1:3]
[INFO  observ_trace_ebpf::process] invalid ret: 0
[ERROR observ_trace_ebpf::recvfrom] ERROR: [1:3]
[INFO  observ_trace_ebpf::process] invalid ret: 0
[ERROR observ_trace_ebpf::recvfrom] ERROR: [1:3]
[INFO  observ_trace_ebpf::process] invalid ret: 0
[ERROR observ_trace_ebpf::recvfrom] ERROR: [1:3]
[INFO  observ_trace_ebpf::process] invalid ret: 0
[ERROR observ_trace_ebpf::recvfrom] ERROR: [1:3]
[INFO  observ_trace_ebpf::process] invalid ret: 0
[ERROR observ_trace_ebpf::recvfrom] ERROR: [1:3]
[INFO  observ_trace_ebpf::process] invalid ret: 0
[ERROR observ_trace_ebpf::recvfrom] ERROR: [1:3]
[INFO  observ_trace_ebpf::process] invalid ret: 0
[ERROR observ_trace_ebpf::recvfrom] ERROR: [1:3]
[INFO  observ_trace_ebpf::process] invalid ret: 0
[ERROR observ_trace_ebpf::recvfrom] ERROR: [1:3]
[INFO  observ_trace_ebpf::process] invalid ret: 0
[ERROR observ_trace_ebpf::recvfrom] ERROR: [1:3]
[INFO  observ_trace_ebpf::process] invalid ret: 0
[ERROR observ_trace_ebpf::recvfrom] ERROR: [1:3]
[INFO  observ_trace_ebpf::process] invalid ret: 0
[ERROR observ_trace_ebpf::recvfrom] ERROR: [1:3]
[INFO  observ_trace_ebpf::process] invalid ret: 0
[ERROR observ_trace_ebpf::recvfrom] ERROR: [1:3]
[INFO  observ_trace_ebpf::process] invalid ret: 0
[ERROR observ_trace_ebpf::recvfrom] ERROR: [1:3]
[INFO  observ_trace_ebpf::process] invalid ret: 0
[ERROR observ_trace_ebpf::recvfrom] ERROR: [1:3]
[INFO  observ_trace_ebpf::process] invalid ret: 0
[ERROR observ_trace_ebpf::recvfrom] ERROR: [1:3]
[INFO  observ_trace_ebpf::process] invalid ret: 0
[ERROR observ_trace_ebpf::recvfrom] ERROR: [1:3]
[INFO  observ_trace_ebpf::process] invalid ret: 0
[ERROR observ_trace_ebpf::recvfrom] ERROR: [1:3]
[INFO  observ_trace_ebpf::process] invalid ret: 0
[ERROR observ_trace_ebpf::recvfrom] ERROR: [1:3]
[INFO  observ_trace_ebpf::process] invalid ret: 0
[ERROR observ_trace_ebpf::recvfrom] ERROR: [1:3]
[INFO  observ_trace_ebpf::process] invalid ret: 0
[ERROR observ_trace_ebpf::recvfrom] ERROR: [1:3]
[INFO  observ_trace_ebpf::process] invalid ret: 0
[ERROR observ_trace_ebpf::recvfrom] ERROR: [1:3]
[INFO  observ_trace_ebpf::process] invalid ret: 0
[ERROR observ_trace_ebpf::recvfrom] ERROR: [1:3]
[INFO  observ_trace_ebpf::process] invalid ret: 0
[ERROR observ_trace_ebpf::recvfrom] ERROR: [1:3]
[INFO  observ_trace_ebpf::process] invalid ret: 0
[ERROR observ_trace_ebpf::recvfrom] ERROR: [1:3]
[INFO  observ_trace_ebpf::process] invalid ret: 0
[ERROR observ_trace_ebpf::recvfrom] ERROR: [1:3]
[INFO  observ_trace_ebpf::process] invalid ret: 0
[ERROR observ_trace_ebpf::recvfrom] ERROR: [1:3]
[INFO  observ_trace_ebpf::process] invalid ret: 0
[ERROR observ_trace_ebpf::recvfrom] ERROR: [1:3]
[INFO  observ_trace_ebpf::process] invalid ret: 0
[ERROR observ_trace_ebpf::recvfrom] ERROR: [1:3]
[INFO  observ_trace_ebpf::process] invalid ret: 0
[ERROR observ_trace_ebpf::recvfrom] ERROR: [1:3]
[INFO  observ_trace_ebpf::process] invalid ret: 0
[ERROR observ_trace_ebpf::recvfrom] ERROR: [1:3]
[INFO  observ_trace_ebpf::process] invalid ret: 0
[ERROR observ_trace_ebpf::recvfrom] ERROR: [1:3]
[INFO  observ_trace_ebpf::process] invalid ret: 0
[ERROR observ_trace_ebpf::recvfrom] ERROR: [1:3]
[INFO  observ_trace_ebpf::process] invalid ret: 0
[ERROR observ_trace_ebpf::recvfrom] ERROR: [1:3]
[INFO  observ_trace_ebpf::process] invalid ret: 0
[ERROR observ_trace_ebpf::recvfrom] ERROR: [1:3]
[INFO  observ_trace_ebpf::process] invalid ret: 0
[ERROR observ_trace_ebpf::recvfrom] ERROR: [1:3]
[INFO  observ_trace_ebpf::process] invalid ret: 0
[ERROR observ_trace_ebpf::recvfrom] ERROR: [1:3]
[INFO  observ_trace_ebpf::process] invalid ret: 0
[ERROR observ_trace_ebpf::recvfrom] ERROR: [1:3]
[INFO  observ_trace_ebpf::process] invalid ret: 0
[ERROR observ_trace_ebpf::recvfrom] ERROR: [1:3]
[INFO  observ_trace_ebpf::process] invalid ret: 0
[ERROR observ_trace_ebpf::recvfrom] ERROR: [1:3]
[INFO  observ_trace_ebpf::process] invalid ret: 0
[ERROR observ_trace_ebpf::recvfrom] ERROR: [1:3]
[INFO  observ_trace_ebpf::process] invalid ret: 0
[ERROR observ_trace_ebpf::recvfrom] ERROR: [1:3]
[INFO  observ_trace_ebpf::process] invalid ret: 0
[ERROR observ_trace_ebpf::recvfrom] ERROR: [1:3]
[INFO  observ_trace_ebpf::process] invalid ret: 0
[ERROR observ_trace_ebpf::recvfrom] ERROR: [1:3]
[INFO  observ_trace_ebpf::process] invalid ret: 0
[ERROR observ_trace_ebpf::recvfrom] ERROR: [1:3]
[INFO  observ_trace_ebpf::process] invalid ret: 0
[ERROR observ_trace_ebpf::recvfrom] ERROR: [1:3]
[INFO  observ_trace_ebpf::process] invalid ret: 0
[ERROR observ_trace_ebpf::recvfrom] ERROR: [1:3]
[INFO  observ_trace_ebpf::process] invalid ret: 0
[ERROR observ_trace_ebpf::recvfrom] ERROR: [1:3]
[INFO  observ_trace_ebpf::process] invalid ret: 0
[ERROR observ_trace_ebpf::recvfrom] ERROR: [1:3]
[INFO  observ_trace_ebpf::process] invalid ret: 0
[ERROR observ_trace_ebpf::recvfrom] ERROR: [1:3]
[INFO  observ_trace_ebpf::process] invalid ret: 0
[ERROR observ_trace_ebpf::recvfrom] ERROR: [1:3]
[INFO  observ_trace_ebpf::process] invalid ret: 0
[ERROR observ_trace_ebpf::recvfrom] ERROR: [1:3]
[INFO  observ_trace_ebpf::process] invalid ret: 0
[ERROR observ_trace_ebpf::recvfrom] ERROR: [1:3]
[INFO  observ_trace_ebpf::process] invalid ret: 0
[ERROR observ_trace_ebpf::recvfrom] ERROR: [1:3]
[INFO  observ_trace_ebpf::process] invalid ret: 0
[ERROR observ_trace_ebpf::recvfrom] ERROR: [1:3]
[INFO  observ_trace_ebpf::process] invalid ret: 0
[ERROR observ_trace_ebpf::recvfrom] ERROR: [1:3]
[INFO  observ_trace_ebpf::process] invalid ret: 0
[ERROR observ_trace_ebpf::recvfrom] ERROR: [1:3]
[INFO  observ_trace_ebpf::process] invalid ret: 0
[ERROR observ_trace_ebpf::recvfrom] ERROR: [1:3]
[INFO  observ_trace_ebpf::process] invalid ret: 0
[ERROR observ_trace_ebpf::recvfrom] ERROR: [1:3]
[INFO  observ_trace_ebpf::process] invalid ret: 0
[ERROR observ_trace_ebpf::recvfrom] ERROR: [1:3]
[INFO  observ_trace_ebpf::process] invalid ret: 0
[ERROR observ_trace_ebpf::recvfrom] ERROR: [1:3]
[INFO  observ_trace_ebpf::process] invalid ret: 0
[ERROR observ_trace_ebpf::recvfrom] ERROR: [1:3]
[INFO  observ_trace_ebpf::process] invalid ret: 0
[ERROR observ_trace_ebpf::recvfrom] ERROR: [1:3]
[INFO  observ_trace_ebpf::process] invalid ret: 0
[ERROR observ_trace_ebpf::recvfrom] ERROR: [1:3]
[INFO  observ_trace_ebpf::process] invalid ret: 0
[ERROR observ_trace_ebpf::recvfrom] ERROR: [1:3]
[INFO  observ_trace_ebpf::process] invalid ret: 0
[ERROR observ_trace_ebpf::recvfrom] ERROR: [1:3]
[INFO  observ_trace_ebpf::process] invalid ret: 0
[ERROR observ_trace_ebpf::recvfrom] ERROR: [1:3]
[INFO  observ_trace_ebpf::process] invalid ret: 0
[ERROR observ_trace_ebpf::recvfrom] ERROR: [1:3]
[INFO  observ_trace_ebpf::process] invalid ret: 0
[ERROR observ_trace_ebpf::recvfrom] ERROR: [1:3]
[INFO  observ_trace_ebpf::process] invalid ret: 0
[ERROR observ_trace_ebpf::recvfrom] ERROR: [1:3]
[INFO  observ_trace_ebpf::process] invalid ret: 0
[ERROR observ_trace_ebpf::recvfrom] ERROR: [1:3]
[INFO  observ_trace_ebpf::process] invalid ret: 0
[ERROR observ_trace_ebpf::recvfrom] ERROR: [1:3]
[INFO  observ_trace_ebpf::process] invalid ret: 0
[ERROR observ_trace_ebpf::recvfrom] ERROR: [1:3]
[INFO  observ_trace_ebpf::process] invalid ret: 0
[ERROR observ_trace_ebpf::recvfrom] ERROR: [1:3]
[INFO  observ_trace_ebpf::process] invalid ret: 0
[ERROR observ_trace_ebpf::recvfrom] ERROR: [1:3]
[INFO  observ_trace_ebpf::process] invalid ret: 0
[ERROR observ_trace_ebpf::recvfrom] ERROR: [1:3]
[INFO  observ_trace_ebpf::process] invalid ret: 0
[ERROR observ_trace_ebpf::recvfrom] ERROR: [1:3]
[INFO  observ_trace_ebpf::process] invalid ret: 0
[ERROR observ_trace_ebpf::recvfrom] ERROR: [1:3]
[INFO  observ_trace_ebpf::process] invalid ret: 0
[ERROR observ_trace_ebpf::recvfrom] ERROR: [1:3]
[INFO  observ_trace_ebpf::process] invalid ret: 0
[ERROR observ_trace_ebpf::recvfrom] ERROR: [1:3]
[INFO  observ_trace_ebpf::process] invalid ret: 0
[ERROR observ_trace_ebpf::recvfrom] ERROR: [1:3]
[INFO  observ_trace_ebpf::process] invalid ret: 0
[ERROR observ_trace_ebpf::recvfrom] ERROR: [1:3]
[INFO  observ_trace_ebpf::process] invalid ret: 0
[ERROR observ_trace_ebpf::recvfrom] ERROR: [1:3]
[INFO  observ_trace_ebpf::process] invalid ret: 0
[ERROR observ_trace_ebpf::recvfrom] ERROR: [1:3]
[INFO  observ_trace_ebpf::process] invalid ret: 0
[ERROR observ_trace_ebpf::recvfrom] ERROR: [1:3]
[INFO  observ_trace_ebpf::process] invalid ret: 0
[ERROR observ_trace_ebpf::recvfrom] ERROR: [1:3]
[INFO  observ_trace_ebpf::process] invalid ret: 0
[ERROR observ_trace_ebpf::recvfrom] ERROR: [1:3]
[INFO  observ_trace_ebpf::process] invalid ret: 0
[ERROR observ_trace_ebpf::recvfrom] ERROR: [1:3]
[INFO  observ_trace_ebpf::process] invalid ret: 0
[ERROR observ_trace_ebpf::recvfrom] ERROR: [1:3]
[INFO  observ_trace_ebpf::process] invalid ret: 0
[ERROR observ_trace_ebpf::recvfrom] ERROR: [1:3]
[INFO  observ_trace_ebpf::process] invalid ret: 0
[ERROR observ_trace_ebpf::recvfrom] ERROR: [1:3]
[INFO  observ_trace_ebpf::process] invalid ret: 0
[ERROR observ_trace_ebpf::recvfrom] ERROR: [1:3]
[INFO  observ_trace_ebpf::process] invalid ret: 0
[ERROR observ_trace_ebpf::recvfrom] ERROR: [1:3]
[INFO  observ_trace_ebpf::process] invalid ret: 0
[ERROR observ_trace_ebpf::recvfrom] ERROR: [1:3]
[INFO  observ_trace_ebpf::process] invalid ret: 0
[ERROR observ_trace_ebpf::recvfrom] ERROR: [1:3]
[INFO  observ_trace_ebpf::process] invalid ret: 0
[ERROR observ_trace_ebpf::recvfrom] ERROR: [1:3]
[INFO  observ_trace_ebpf::process] invalid ret: 0
[ERROR observ_trace_ebpf::recvfrom] ERROR: [1:3]
[INFO  observ_trace_ebpf::process] invalid ret: 0
[ERROR observ_trace_ebpf::recvfrom] ERROR: [1:3]
[INFO  observ_trace_ebpf::process] invalid ret: 0
[ERROR observ_trace_ebpf::recvfrom] ERROR: [1:3]
[INFO  observ_trace_ebpf::process] invalid ret: 0
[ERROR observ_trace_ebpf::recvfrom] ERROR: [1:3]
[INFO  observ_trace_ebpf::process] invalid ret: 0
[ERROR observ_trace_ebpf::recvfrom] ERROR: [1:3]
[INFO  observ_trace_ebpf::process] invalid ret: 0
[ERROR observ_trace_ebpf::recvfrom] ERROR: [1:3]
[INFO  observ_trace_ebpf::process] invalid ret: 0
[ERROR observ_trace_ebpf::recvfrom] ERROR: [1:3]
[INFO  observ_trace_ebpf::process] invalid ret: 0
[ERROR observ_trace_ebpf::recvfrom] ERROR: [1:3]
[INFO  observ_trace_ebpf::process] invalid ret: 0
[ERROR observ_trace_ebpf::recvfrom] ERROR: [1:3]
[INFO  observ_trace_ebpf::process] invalid ret: 0
[ERROR observ_trace_ebpf::recvfrom] ERROR: [1:3]
[INFO  observ_trace_ebpf::process] invalid ret: 0
[ERROR observ_trace_ebpf::recvfrom] ERROR: [1:3]
[INFO  observ_trace_ebpf::process] invalid ret: 0
[ERROR observ_trace_ebpf::recvfrom] ERROR: [1:3]
[INFO  observ_trace_ebpf::process] invalid ret: 0
[ERROR observ_trace_ebpf::recvfrom] ERROR: [1:3]
[INFO  observ_trace_ebpf::process] invalid ret: 0
[ERROR observ_trace_ebpf::recvfrom] ERROR: [1:3]
[INFO  observ_trace_ebpf::process] invalid ret: 0
[ERROR observ_trace_ebpf::recvfrom] ERROR: [1:3]
[INFO  observ_trace_ebpf::process] invalid ret: 0
[ERROR observ_trace_ebpf::recvfrom] ERROR: [1:3]
[INFO  observ_trace_ebpf::process] invalid ret: 0
[ERROR observ_trace_ebpf::recvfrom] ERROR: [1:3]
[INFO  observ_trace_ebpf::process] invalid ret: 0
[ERROR observ_trace_ebpf::recvfrom] ERROR: [1:3]
[INFO  observ_trace_ebpf::process] invalid ret: 0
[ERROR observ_trace_ebpf::recvfrom] ERROR: [1:3]
[INFO  observ_trace_ebpf::process] invalid ret: 0
[ERROR observ_trace_ebpf::recvfrom] ERROR: [1:3]
[INFO  observ_trace_ebpf::process] invalid ret: 0
[ERROR observ_trace_ebpf::recvfrom] ERROR: [1:3]
[INFO  observ_trace_ebpf::process] invalid ret: 0
[ERROR observ_trace_ebpf::recvfrom] ERROR: [1:3]
[INFO  observ_trace_ebpf::process] invalid ret: 0
[ERROR observ_trace_ebpf::recvfrom] ERROR: [1:3]
[INFO  observ_trace_ebpf::process] invalid ret: 0
[ERROR observ_trace_ebpf::recvfrom] ERROR: [1:3]
[INFO  observ_trace_ebpf::process] invalid ret: 0
[ERROR observ_trace_ebpf::recvfrom] ERROR: [1:3]
[INFO  observ_trace_ebpf::process] invalid ret: 0
[ERROR observ_trace_ebpf::recvfrom] ERROR: [1:3]
[INFO  observ_trace_ebpf::process] invalid ret: 0
[ERROR observ_trace_ebpf::recvfrom] ERROR: [1:3]
[INFO  observ_trace_ebpf::process] invalid ret: 0
[ERROR observ_trace_ebpf::recvfrom] ERROR: [1:3]
[INFO  observ_trace_ebpf::process] invalid ret: 0
[ERROR observ_trace_ebpf::recvfrom] ERROR: [1:3]
[INFO  observ_trace_ebpf::process] invalid ret: 0
[ERROR observ_trace_ebpf::recvfrom] ERROR: [1:3]
[INFO  observ_trace_ebpf::process] invalid ret: 0
[ERROR observ_trace_ebpf::recvfrom] ERROR: [1:3]
[INFO  observ_trace_ebpf::process] invalid ret: 0
[ERROR observ_trace_ebpf::recvfrom] ERROR: [1:3]
[INFO  observ_trace_ebpf::process] invalid ret: 0
[ERROR observ_trace_ebpf::recvfrom] ERROR: [1:3]
[INFO  observ_trace_ebpf::process] invalid ret: 0
[ERROR observ_trace_ebpf::recvfrom] ERROR: [1:3]
[INFO  observ_trace_ebpf::process] invalid ret: 0
[ERROR observ_trace_ebpf::recvfrom] ERROR: [1:3]
[INFO  observ_trace_ebpf::process] invalid ret: 0
[ERROR observ_trace_ebpf::recvfrom] ERROR: [1:3]
[INFO  observ_trace_ebpf::process] invalid ret: 0
[ERROR observ_trace_ebpf::recvfrom] ERROR: [1:3]
[INFO  observ_trace_ebpf::process] invalid ret: 0
[ERROR observ_trace_ebpf::recvfrom] ERROR: [1:3]
[INFO  observ_trace_ebpf::process] invalid ret: 0
[ERROR observ_trace_ebpf::recvfrom] ERROR: [1:3]
[INFO  observ_trace_ebpf::process] invalid ret: 0
[ERROR observ_trace_ebpf::recvfrom] ERROR: [1:3]
[INFO  observ_trace_ebpf::process] invalid ret: 0
[ERROR observ_trace_ebpf::recvfrom] ERROR: [1:3]
[INFO  observ_trace_ebpf::process] invalid ret: 0
[ERROR observ_trace_ebpf::recvfrom] ERROR: [1:3]
[INFO  observ_trace_ebpf::process] invalid ret: 0
[ERROR observ_trace_ebpf::recvfrom] ERROR: [1:3]
[INFO  observ_trace_ebpf::process] invalid ret: 0
[ERROR observ_trace_ebpf::recvfrom] ERROR: [1:3]
[INFO  observ_trace_ebpf::process] invalid ret: 0
[ERROR observ_trace_ebpf::recvfrom] ERROR: [1:3]
[INFO  observ_trace_ebpf::process] invalid ret: 0
[ERROR observ_trace_ebpf::recvfrom] ERROR: [1:3]
[INFO  observ_trace_ebpf::process] invalid ret: 0
[ERROR observ_trace_ebpf::recvfrom] ERROR: [1:3]
[INFO  observ_trace_ebpf::process] invalid ret: 0
[ERROR observ_trace_ebpf::recvfrom] ERROR: [1:3]
[INFO  observ_trace_ebpf::process] invalid ret: 0
[ERROR observ_trace_ebpf::recvfrom] ERROR: [1:3]
[INFO  observ_trace_ebpf::process] invalid ret: 0
[ERROR observ_trace_ebpf::recvfrom] ERROR: [1:3]
[INFO  observ_trace_ebpf::process] invalid ret: 0
[ERROR observ_trace_ebpf::recvfrom] ERROR: [1:3]
[INFO  observ_trace_ebpf::process] invalid ret: 0
[ERROR observ_trace_ebpf::recvfrom] ERROR: [1:3]
[INFO  observ_trace_ebpf::process] invalid ret: 0
[ERROR observ_trace_ebpf::recvfrom] ERROR: [1:3]
[INFO  observ_trace_ebpf::process] invalid ret: 0
[ERROR observ_trace_ebpf::recvfrom] ERROR: [1:3]
[INFO  observ_trace_ebpf::process] invalid ret: 0
[ERROR observ_trace_ebpf::recvfrom] ERROR: [1:3]
[INFO  observ_trace_ebpf::process] invalid ret: 0
[ERROR observ_trace_ebpf::recvfrom] ERROR: [1:3]
[INFO  observ_trace_ebpf::process] invalid ret: 0
[ERROR observ_trace_ebpf::recvfrom] ERROR: [1:3]
[INFO  observ_trace_ebpf::process] invalid ret: 0
[ERROR observ_trace_ebpf::recvfrom] ERROR: [1:3]
[INFO  observ_trace_ebpf::process] invalid ret: 0
[ERROR observ_trace_ebpf::recvfrom] ERROR: [1:3]
[INFO  observ_trace_ebpf::process] invalid ret: 0
[ERROR observ_trace_ebpf::recvfrom] ERROR: [1:3]
[INFO  observ_trace_ebpf::process] invalid ret: 0
[ERROR observ_trace_ebpf::recvfrom] ERROR: [1:3]
[INFO  observ_trace_ebpf::process] invalid ret: 0
[ERROR observ_trace_ebpf::recvfrom] ERROR: [1:3]
[INFO  observ_trace_ebpf::process] invalid ret: 0
[ERROR observ_trace_ebpf::recvfrom] ERROR: [1:3]
[INFO  observ_trace_ebpf::process] invalid ret: 0
[ERROR observ_trace_ebpf::recvfrom] ERROR: [1:3]
[INFO  observ_trace_ebpf::process] invalid ret: 0
[ERROR observ_trace_ebpf::recvfrom] ERROR: [1:3]
[INFO  observ_trace_ebpf::process] invalid ret: 0
[ERROR observ_trace_ebpf::recvfrom] ERROR: [1:3]
[INFO  observ_trace_ebpf::process] invalid ret: 0
[ERROR observ_trace_ebpf::recvfrom] ERROR: [1:3]
[INFO  observ_trace_ebpf::process] invalid ret: 0
[ERROR observ_trace_ebpf::recvfrom] ERROR: [1:3]
[INFO  observ_trace_ebpf::process] invalid ret: 0
[ERROR observ_trace_ebpf::recvfrom] ERROR: [1:3]
[INFO  observ_trace_ebpf::process] invalid ret: 0
[ERROR observ_trace_ebpf::recvfrom] ERROR: [1:3]
[INFO  observ_trace_ebpf::process] invalid ret: 0
[ERROR observ_trace_ebpf::recvfrom] ERROR: [1:3]
[INFO  observ_trace_ebpf::process] invalid ret: 0
[ERROR observ_trace_ebpf::recvfrom] ERROR: [1:3]
[INFO  observ_trace_ebpf::process] invalid ret: 0
[ERROR observ_trace_ebpf::recvfrom] ERROR: [1:3]
[INFO  observ_trace_ebpf::process] invalid ret: 0
[ERROR observ_trace_ebpf::recvfrom] ERROR: [1:3]
[INFO  observ_trace_ebpf::process] invalid ret: 0
[ERROR observ_trace_ebpf::recvfrom] ERROR: [1:3]
[INFO  observ_trace_ebpf::process] invalid ret: 0
[ERROR observ_trace_ebpf::recvfrom] ERROR: [1:3]
[INFO  observ_trace_ebpf::process] invalid ret: 0
[ERROR observ_trace_ebpf::recvfrom] ERROR: [1:3]
[INFO  observ_trace_ebpf::process] invalid ret: 0
[ERROR observ_trace_ebpf::recvfrom] ERROR: [1:3]
[INFO  observ_trace_ebpf::process] invalid ret: 0
[ERROR observ_trace_ebpf::recvfrom] ERROR: [1:3]
[INFO  observ_trace_ebpf::process] invalid ret: 0
[ERROR observ_trace_ebpf::recvfrom] ERROR: [1:3]
[INFO  observ_trace_ebpf::process] invalid ret: 0
[ERROR observ_trace_ebpf::recvfrom] ERROR: [1:3]
[INFO  observ_trace_ebpf::process] invalid ret: 0
[ERROR observ_trace_ebpf::recvfrom] ERROR: [1:3]
[INFO  observ_trace_ebpf::process] invalid ret: 0
[ERROR observ_trace_ebpf::recvfrom] ERROR: [1:3]
[INFO  observ_trace_ebpf::process] invalid ret: 0
[ERROR observ_trace_ebpf::recvfrom] ERROR: [1:3]
[INFO  observ_trace_ebpf::process] invalid ret: 0
[ERROR observ_trace_ebpf::recvfrom] ERROR: [1:3]
[INFO  observ_trace_ebpf::process] invalid ret: 0
[ERROR observ_trace_ebpf::recvfrom] ERROR: [1:3]
[INFO  observ_trace_ebpf::process] invalid ret: 0
[ERROR observ_trace_ebpf::recvfrom] ERROR: [1:3]
[INFO  observ_trace_ebpf::process] invalid ret: 0
[ERROR observ_trace_ebpf::recvfrom] ERROR: [1:3]
[INFO  observ_trace_ebpf::process] invalid ret: 0
[ERROR observ_trace_ebpf::recvfrom] ERROR: [1:3]
[INFO  observ_trace_ebpf::process] invalid ret: 0
[ERROR observ_trace_ebpf::recvfrom] ERROR: [1:3]
[INFO  observ_trace_ebpf::process] invalid ret: 0
[ERROR observ_trace_ebpf::recvfrom] ERROR: [1:3]
[INFO  observ_trace_ebpf::process] invalid ret: 0
[ERROR observ_trace_ebpf::recvfrom] ERROR: [1:3]
[INFO  observ_trace_ebpf::process] invalid ret: 0
[ERROR observ_trace_ebpf::recvfrom] ERROR: [1:3]
[INFO  observ_trace_ebpf::process] invalid ret: 0
[ERROR observ_trace_ebpf::recvfrom] ERROR: [1:3]
[INFO  observ_trace_ebpf::process] invalid ret: 0
[ERROR observ_trace_ebpf::recvfrom] ERROR: [1:3]
[INFO  observ_trace_ebpf::process] invalid ret: 0
[ERROR observ_trace_ebpf::recvfrom] ERROR: [1:3]
[INFO  observ_trace_ebpf::process] invalid ret: 0
[ERROR observ_trace_ebpf::recvfrom] ERROR: [1:3]
[INFO  observ_trace_ebpf::process] invalid ret: 0
[ERROR observ_trace_ebpf::recvfrom] ERROR: [1:3]
[INFO  observ_trace_ebpf::process] invalid ret: 0
[ERROR observ_trace_ebpf::recvfrom] ERROR: [1:3]
[INFO  observ_trace_ebpf::process] invalid ret: 0
[ERROR observ_trace_ebpf::recvfrom] ERROR: [1:3]
[INFO  observ_trace_ebpf::process] invalid ret: 0
[ERROR observ_trace_ebpf::recvfrom] ERROR: [1:3]
[INFO  observ_trace_ebpf::process] invalid ret: 0
[ERROR observ_trace_ebpf::recvfrom] ERROR: [1:3]
[INFO  observ_trace_ebpf::process] invalid ret: 0
[ERROR observ_trace_ebpf::recvfrom] ERROR: [1:3]
[INFO  observ_trace_ebpf::process] invalid ret: 0
[ERROR observ_trace_ebpf::recvfrom] ERROR: [1:3]
[INFO  observ_trace_ebpf::process] invalid ret: 0
[ERROR observ_trace_ebpf::recvfrom] ERROR: [1:3]
[INFO  observ_trace_ebpf::process] invalid ret: 0
[ERROR observ_trace_ebpf::recvfrom] ERROR: [1:3]
[INFO  observ_trace_ebpf::process] invalid ret: 0
[ERROR observ_trace_ebpf::recvfrom] ERROR: [1:3]
[INFO  observ_trace_ebpf::process] invalid ret: 0
[ERROR observ_trace_ebpf::recvfrom] ERROR: [1:3]
[INFO  observ_trace_ebpf::process] invalid ret: 0
[ERROR observ_trace_ebpf::recvfrom] ERROR: [1:3]
[INFO  observ_trace_ebpf::process] invalid ret: 0
[ERROR observ_trace_ebpf::recvfrom] ERROR: [1:3]
[INFO  observ_trace_ebpf::process] invalid ret: 0
[ERROR observ_trace_ebpf::recvfrom] ERROR: [1:3]
[INFO  observ_trace_ebpf::process] invalid ret: 0
[ERROR observ_trace_ebpf::recvfrom] ERROR: [1:3]
[INFO  observ_trace_ebpf::process] invalid ret: 0
[ERROR observ_trace_ebpf::recvfrom] ERROR: [1:3]
[INFO  observ_trace_ebpf::process] invalid ret: 0
[ERROR observ_trace_ebpf::recvfrom] ERROR: [1:3]
[INFO  observ_trace_ebpf::process] invalid ret: 0
[ERROR observ_trace_ebpf::recvfrom] ERROR: [1:3]
[INFO  observ_trace_ebpf::process] invalid ret: 0
[ERROR observ_trace_ebpf::recvfrom] ERROR: [1:3]
[INFO  observ_trace_ebpf::process] invalid ret: 0
[ERROR observ_trace_ebpf::recvfrom] ERROR: [1:3]
[INFO  observ_trace_ebpf::process] invalid ret: 0
[ERROR observ_trace_ebpf::recvfrom] ERROR: [1:3]
[INFO  observ_trace_ebpf::process] invalid ret: 0
[ERROR observ_trace_ebpf::recvfrom] ERROR: [1:3]
[INFO  observ_trace_ebpf::process] invalid ret: 0
[ERROR observ_trace_ebpf::recvfrom] ERROR: [1:3]
[INFO  observ_trace_ebpf::process] invalid ret: 0
[ERROR observ_trace_ebpf::recvfrom] ERROR: [1:3]
[INFO  observ_trace_ebpf::process] invalid ret: 0
[ERROR observ_trace_ebpf::recvfrom] ERROR: [1:3]
[INFO  observ_trace_ebpf::process] invalid ret: 0
[ERROR observ_trace_ebpf::recvfrom] ERROR: [1:3]
[INFO  observ_trace_ebpf::process] invalid ret: 0
[ERROR observ_trace_ebpf::recvfrom] ERROR: [1:3]
[INFO  observ_trace_ebpf::process] invalid ret: 0
[ERROR observ_trace_ebpf::recvfrom] ERROR: [1:3]
[INFO  observ_trace_ebpf::process] invalid ret: 0
[ERROR observ_trace_ebpf::recvfrom] ERROR: [1:3]
[INFO  observ_trace_ebpf::process] invalid ret: 0
[ERROR observ_trace_ebpf::recvfrom] ERROR: [1:3]
[INFO  observ_trace_ebpf::process] invalid ret: 0
[ERROR observ_trace_ebpf::recvfrom] ERROR: [1:3]
[INFO  observ_trace_ebpf::process] invalid ret: 0
[ERROR observ_trace_ebpf::recvfrom] ERROR: [1:3]
[INFO  observ_trace_ebpf::process] invalid ret: 0
[ERROR observ_trace_ebpf::recvfrom] ERROR: [1:3]
[INFO  observ_trace_ebpf::process] invalid ret: 0
[ERROR observ_trace_ebpf::recvfrom] ERROR: [1:3]
[INFO  observ_trace_ebpf::process] invalid ret: 0
[ERROR observ_trace_ebpf::recvfrom] ERROR: [1:3]
[INFO  observ_trace_ebpf::process] invalid ret: 0
[ERROR observ_trace_ebpf::recvfrom] ERROR: [1:3]
[INFO  observ_trace_ebpf::process] invalid ret: 0
[ERROR observ_trace_ebpf::recvfrom] ERROR: [1:3]
[INFO  observ_trace_ebpf::process] invalid ret: 0
[ERROR observ_trace_ebpf::recvfrom] ERROR: [1:3]
[INFO  observ_trace_ebpf::process] invalid ret: 0
[ERROR observ_trace_ebpf::recvfrom] ERROR: [1:3]
[INFO  observ_trace_ebpf::process] invalid ret: 0
[ERROR observ_trace_ebpf::recvfrom] ERROR: [1:3]
[INFO  observ_trace_ebpf::process] invalid ret: 0
[ERROR observ_trace_ebpf::recvfrom] ERROR: [1:3]
[INFO  observ_trace_ebpf::process] invalid ret: 0
[ERROR observ_trace_ebpf::recvfrom] ERROR: [1:3]
[INFO  observ_trace_ebpf::process] invalid ret: 0
[ERROR observ_trace_ebpf::recvfrom] ERROR: [1:3]
[INFO  observ_trace_ebpf::process] invalid ret: 0
[ERROR observ_trace_ebpf::recvfrom] ERROR: [1:3]
[INFO  observ_trace_ebpf::process] invalid ret: 0
[ERROR observ_trace_ebpf::recvfrom] ERROR: [1:3]
[INFO  observ_trace_ebpf::process] invalid ret: 0
[ERROR observ_trace_ebpf::recvfrom] ERROR: [1:3]
[INFO  observ_trace_ebpf::process] invalid ret: 0
[ERROR observ_trace_ebpf::recvfrom] ERROR: [1:3]
[INFO  observ_trace_ebpf::process] invalid ret: 0
[ERROR observ_trace_ebpf::recvfrom] ERROR: [1:3]
[INFO  observ_trace_ebpf::process] invalid ret: 0
[ERROR observ_trace_ebpf::recvfrom] ERROR: [1:3]
[INFO  observ_trace_ebpf::process] invalid ret: 0
[ERROR observ_trace_ebpf::recvfrom] ERROR: [1:3]
[INFO  observ_trace_ebpf::process] invalid ret: 0
[ERROR observ_trace_ebpf::recvfrom] ERROR: [1:3]
[INFO  observ_trace_ebpf::process] invalid ret: 0
[ERROR observ_trace_ebpf::recvfrom] ERROR: [1:3]
[INFO  observ_trace_ebpf::process] invalid ret: 0
[ERROR observ_trace_ebpf::recvfrom] ERROR: [1:3]
[INFO  observ_trace_ebpf::process] invalid ret: 0
[ERROR observ_trace_ebpf::recvfrom] ERROR: [1:3]
[INFO  observ_trace_ebpf::process] invalid ret: 0
[ERROR observ_trace_ebpf::recvfrom] ERROR: [1:3]
[INFO  observ_trace_ebpf::process] invalid ret: 0
[ERROR observ_trace_ebpf::recvfrom] ERROR: [1:3]
[INFO  observ_trace_ebpf::process] invalid ret: 0
[ERROR observ_trace_ebpf::recvfrom] ERROR: [1:3]
[INFO  observ_trace_ebpf::process] invalid ret: 0
[ERROR observ_trace_ebpf::recvfrom] ERROR: [1:3]
[INFO  observ_trace_ebpf::process] invalid ret: 0
[ERROR observ_trace_ebpf::recvfrom] ERROR: [1:3]
[INFO  observ_trace_ebpf::process] invalid ret: 0
[ERROR observ_trace_ebpf::recvfrom] ERROR: [1:3]
[INFO  observ_trace_ebpf::process] invalid ret: 0
[ERROR observ_trace_ebpf::recvfrom] ERROR: [1:3]
[INFO  observ_trace_ebpf::process] invalid ret: 0
[ERROR observ_trace_ebpf::recvfrom] ERROR: [1:3]
[INFO  observ_trace_ebpf::process] invalid ret: 0
[ERROR observ_trace_ebpf::recvfrom] ERROR: [1:3]
[INFO  observ_trace_ebpf::process] invalid ret: 0
[ERROR observ_trace_ebpf::recvfrom] ERROR: [1:3]
[INFO  observ_trace_ebpf::process] invalid ret: 0
[ERROR observ_trace_ebpf::recvfrom] ERROR: [1:3]
[INFO  observ_trace_ebpf::process] invalid ret: 0
[ERROR observ_trace_ebpf::recvfrom] ERROR: [1:3]
[INFO  observ_trace_ebpf::process] invalid ret: 0
[ERROR observ_trace_ebpf::recvfrom] ERROR: [1:3]
[INFO  observ_trace_ebpf::process] invalid ret: 0
[ERROR observ_trace_ebpf::recvfrom] ERROR: [1:3]
[INFO  observ_trace_ebpf::process] invalid ret: 0
[ERROR observ_trace_ebpf::recvfrom] ERROR: [1:3]
[INFO  observ_trace_ebpf::process] invalid ret: 0
[ERROR observ_trace_ebpf::recvfrom] ERROR: [1:3]
[INFO  observ_trace_ebpf::process] invalid ret: 0
[ERROR observ_trace_ebpf::recvfrom] ERROR: [1:3]
[INFO  observ_trace_ebpf::process] invalid ret: 0
[ERROR observ_trace_ebpf::recvfrom] ERROR: [1:3]
[INFO  observ_trace_ebpf::process] invalid ret: 0
[ERROR observ_trace_ebpf::recvfrom] ERROR: [1:3]
[INFO  observ_trace_ebpf::process] invalid ret: 0
[ERROR observ_trace_ebpf::recvfrom] ERROR: [1:3]
[INFO  observ_trace_ebpf::process] invalid ret: 0
[ERROR observ_trace_ebpf::recvfrom] ERROR: [1:3]
[INFO  observ_trace_ebpf::process] invalid ret: 0
[ERROR observ_trace_ebpf::recvfrom] ERROR: [1:3]
[INFO  observ_trace_ebpf::process] invalid ret: 0
[ERROR observ_trace_ebpf::recvfrom] ERROR: [1:3]
[INFO  observ_trace_ebpf::process] invalid ret: 0
[ERROR observ_trace_ebpf::recvfrom] ERROR: [1:3]
[INFO  observ_trace_ebpf::process] invalid ret: 0
[ERROR observ_trace_ebpf::recvfrom] ERROR: [1:3]
[INFO  observ_trace_ebpf::process] invalid ret: 0
[ERROR observ_trace_ebpf::recvfrom] ERROR: [1:3]
[INFO  observ_trace_ebpf::process] invalid ret: 0
[ERROR observ_trace_ebpf::recvfrom] ERROR: [1:3]
[INFO  observ_trace_ebpf::process] invalid ret: 0
[ERROR observ_trace_ebpf::recvfrom] ERROR: [1:3]
[INFO  observ_trace_ebpf::process] invalid ret: 0
[ERROR observ_trace_ebpf::recvfrom] ERROR: [1:3]
[INFO  observ_trace_ebpf::process] invalid ret: 0
[ERROR observ_trace_ebpf::recvfrom] ERROR: [1:3]
[INFO  observ_trace_ebpf::process] invalid ret: 0
[ERROR observ_trace_ebpf::recvfrom] ERROR: [1:3]
[INFO  observ_trace_ebpf::process] invalid ret: 0
[ERROR observ_trace_ebpf::recvfrom] ERROR: [1:3]
[INFO  observ_trace_ebpf::process] invalid ret: 0
[ERROR observ_trace_ebpf::recvfrom] ERROR: [1:3]
[INFO  observ_trace_ebpf::process] invalid ret: 0
[ERROR observ_trace_ebpf::recvfrom] ERROR: [1:3]
[INFO  observ_trace_ebpf::process] invalid ret: 0
[ERROR observ_trace_ebpf::recvfrom] ERROR: [1:3]
[INFO  observ_trace_ebpf::process] invalid ret: 0
[ERROR observ_trace_ebpf::recvfrom] ERROR: [1:3]
[INFO  observ_trace_ebpf::process] invalid ret: 0
[ERROR observ_trace_ebpf::recvfrom] ERROR: [1:3]
[INFO  observ_trace_ebpf::process] invalid ret: 0
[ERROR observ_trace_ebpf::recvfrom] ERROR: [1:3]
[INFO  observ_trace_ebpf::process] invalid ret: 0
[ERROR observ_trace_ebpf::recvfrom] ERROR: [1:3]
[INFO  observ_trace_ebpf::process] invalid ret: 0
[ERROR observ_trace_ebpf::recvfrom] ERROR: [1:3]
[INFO  observ_trace_ebpf::process] invalid ret: 0
[ERROR observ_trace_ebpf::recvfrom] ERROR: [1:3]
[INFO  observ_trace_ebpf::process] invalid ret: 0
[ERROR observ_trace_ebpf::recvfrom] ERROR: [1:3]
[INFO  observ_trace_ebpf::process] invalid ret: 0
[ERROR observ_trace_ebpf::recvfrom] ERROR: [1:3]
[INFO  observ_trace_ebpf::process] invalid ret: 0
[ERROR observ_trace_ebpf::recvfrom] ERROR: [1:3]
[INFO  observ_trace_ebpf::process] invalid ret: 0
[ERROR observ_trace_ebpf::recvfrom] ERROR: [1:3]
[INFO  observ_trace_ebpf::process] invalid ret: 0
[ERROR observ_trace_ebpf::recvfrom] ERROR: [1:3]
[INFO  observ_trace_ebpf::process] invalid ret: 0
[ERROR observ_trace_ebpf::recvfrom] ERROR: [1:3]
[INFO  observ_trace_ebpf::process] invalid ret: 0
[ERROR observ_trace_ebpf::recvfrom] ERROR: [1:3]
[INFO  observ_trace_ebpf::process] invalid ret: 0
[ERROR observ_trace_ebpf::recvfrom] ERROR: [1:3]
[INFO  observ_trace_ebpf::process] invalid ret: 0
[ERROR observ_trace_ebpf::recvfrom] ERROR: [1:3]
[INFO  observ_trace_ebpf::process] invalid ret: 0
[ERROR observ_trace_ebpf::recvfrom] ERROR: [1:3]
[INFO  observ_trace_ebpf::process] invalid ret: 0
[ERROR observ_trace_ebpf::recvfrom] ERROR: [1:3]
[INFO  observ_trace_ebpf::process] invalid ret: 0
[ERROR observ_trace_ebpf::recvfrom] ERROR: [1:3]
[INFO  observ_trace_ebpf::process] invalid ret: 0
[ERROR observ_trace_ebpf::recvfrom] ERROR: [1:3]
[INFO  observ_trace_ebpf::process] invalid ret: 0
[ERROR observ_trace_ebpf::recvfrom] ERROR: [1:3]
[INFO  observ_trace_ebpf::process] invalid ret: 0
[ERROR observ_trace_ebpf::recvfrom] ERROR: [1:3]
[INFO  observ_trace_ebpf::process] invalid ret: 0
[ERROR observ_trace_ebpf::recvfrom] ERROR: [1:3]
[INFO  observ_trace_ebpf::process] invalid ret: 0
[ERROR observ_trace_ebpf::recvfrom] ERROR: [1:3]
[INFO  observ_trace_ebpf::process] invalid ret: 0
[ERROR observ_trace_ebpf::recvfrom] ERROR: [1:3]
[INFO  observ_trace_ebpf::process] invalid ret: 0
[ERROR observ_trace_ebpf::recvfrom] ERROR: [1:3]
[INFO  observ_trace_ebpf::process] invalid ret: 0
[ERROR observ_trace_ebpf::recvfrom] ERROR: [1:3]
[INFO  observ_trace_ebpf::process] invalid ret: 0
[ERROR observ_trace_ebpf::recvfrom] ERROR: [1:3]
[INFO  observ_trace_ebpf::process] invalid ret: 0
[ERROR observ_trace_ebpf::recvfrom] ERROR: [1:3]
[INFO  observ_trace_ebpf::process] invalid ret: 0
[ERROR observ_trace_ebpf::recvfrom] ERROR: [1:3]
[INFO  observ_trace_ebpf::process] invalid ret: 0
[ERROR observ_trace_ebpf::recvfrom] ERROR: [1:3]
[INFO  observ_trace_ebpf::process] invalid ret: 0
[ERROR observ_trace_ebpf::recvfrom] ERROR: [1:3]
[INFO  observ_trace_ebpf::process] invalid ret: 0
[ERROR observ_trace_ebpf::recvfrom] ERROR: [1:3]
[INFO  observ_trace_ebpf::process] invalid ret: 0
[ERROR observ_trace_ebpf::recvfrom] ERROR: [1:3]
[INFO  observ_trace_ebpf::process] invalid ret: 0
[ERROR observ_trace_ebpf::recvfrom] ERROR: [1:3]
[INFO  observ_trace_ebpf::process] invalid ret: 0
[ERROR observ_trace_ebpf::recvfrom] ERROR: [1:3]
[INFO  observ_trace_ebpf::process] invalid ret: 0
[ERROR observ_trace_ebpf::recvfrom] ERROR: [1:3]
[INFO  observ_trace_ebpf::process] invalid ret: 0
[ERROR observ_trace_ebpf::recvfrom] ERROR: [1:3]
[INFO  observ_trace_ebpf::process] invalid ret: 0
[ERROR observ_trace_ebpf::recvfrom] ERROR: [1:3]
[INFO  observ_trace_ebpf::process] invalid ret: 0
[ERROR observ_trace_ebpf::recvfrom] ERROR: [1:3]
[INFO  observ_trace_ebpf::process] invalid ret: 0
[ERROR observ_trace_ebpf::recvfrom] ERROR: [1:3]
[INFO  observ_trace_ebpf::process] invalid ret: 0
[ERROR observ_trace_ebpf::recvfrom] ERROR: [1:3]
[INFO  observ_trace_ebpf::process] invalid ret: 0
[ERROR observ_trace_ebpf::recvfrom] ERROR: [1:3]
[INFO  observ_trace_ebpf::process] invalid ret: 0
[ERROR observ_trace_ebpf::recvfrom] ERROR: [1:3]
[INFO  observ_trace_ebpf::process] invalid ret: 0
[ERROR observ_trace_ebpf::recvfrom] ERROR: [1:3]
[INFO  observ_trace_ebpf::process] invalid ret: 0
[ERROR observ_trace_ebpf::recvfrom] ERROR: [1:3]
[INFO  observ_trace_ebpf::process] invalid ret: 0
[ERROR observ_trace_ebpf::recvfrom] ERROR: [1:3]
[INFO  observ_trace_ebpf::process] invalid ret: 0
[ERROR observ_trace_ebpf::recvfrom] ERROR: [1:3]
[INFO  observ_trace_ebpf::process] invalid ret: 0
[ERROR observ_trace_ebpf::recvfrom] ERROR: [1:3]
[INFO  observ_trace_ebpf::process] invalid ret: 0
[ERROR observ_trace_ebpf::recvfrom] ERROR: [1:3]
[INFO  observ_trace_ebpf::process] invalid ret: 0
[ERROR observ_trace_ebpf::recvfrom] ERROR: [1:3]
[INFO  observ_trace_ebpf::process] invalid ret: 0
[ERROR observ_trace_ebpf::recvfrom] ERROR: [1:3]
[INFO  observ_trace_ebpf::process] invalid ret: 0
[ERROR observ_trace_ebpf::recvfrom] ERROR: [1:3]
[INFO  observ_trace_ebpf::process] invalid ret: 0
[ERROR observ_trace_ebpf::recvfrom] ERROR: [1:3]
[INFO  observ_trace_ebpf::process] invalid ret: 0
[ERROR observ_trace_ebpf::recvfrom] ERROR: [1:3]
[INFO  observ_trace_ebpf::process] invalid ret: 0
[ERROR observ_trace_ebpf::recvfrom] ERROR: [1:3]
[INFO  observ_trace_ebpf::process] invalid ret: 0
[ERROR observ_trace_ebpf::recvfrom] ERROR: [1:3]
[INFO  observ_trace_ebpf::process] invalid ret: 0
[ERROR observ_trace_ebpf::recvfrom] ERROR: [1:3]
[INFO  observ_trace_ebpf::process] invalid ret: 0
[ERROR observ_trace_ebpf::recvfrom] ERROR: [1:3]
[INFO  observ_trace_ebpf::process] invalid ret: 0
[ERROR observ_trace_ebpf::recvfrom] ERROR: [1:3]
[INFO  observ_trace_ebpf::process] invalid ret: 0
[ERROR observ_trace_ebpf::recvfrom] ERROR: [1:3]
[INFO  observ_trace_ebpf::process] invalid ret: 0
[ERROR observ_trace_ebpf::recvfrom] ERROR: [1:3]
[INFO  observ_trace_ebpf::process] invalid ret: 0
[ERROR observ_trace_ebpf::recvfrom] ERROR: [1:3]
[INFO  observ_trace_ebpf::process] invalid ret: 0
[ERROR observ_trace_ebpf::recvfrom] ERROR: [1:3]
[INFO  observ_trace_ebpf::process] invalid ret: 0
[ERROR observ_trace_ebpf::recvfrom] ERROR: [1:3]
[INFO  observ_trace_ebpf::process] invalid ret: 0
[ERROR observ_trace_ebpf::recvfrom] ERROR: [1:3]
[INFO  observ_trace_ebpf::process] invalid ret: 0
[ERROR observ_trace_ebpf::recvfrom] ERROR: [1:3]
[INFO  observ_trace_ebpf::process] invalid ret: 0
[ERROR observ_trace_ebpf::recvfrom] ERROR: [1:3]
[INFO  observ_trace_ebpf::process] invalid ret: 0
[ERROR observ_trace_ebpf::recvfrom] ERROR: [1:3]
[INFO  observ_trace_ebpf::process] invalid ret: 0
[ERROR observ_trace_ebpf::recvfrom] ERROR: [1:3]
[INFO  observ_trace_ebpf::process] invalid ret: 0
[ERROR observ_trace_ebpf::recvfrom] ERROR: [1:3]
[INFO  observ_trace_ebpf::process] invalid ret: 0
[ERROR observ_trace_ebpf::recvfrom] ERROR: [1:3]
[INFO  observ_trace_ebpf::process] invalid ret: 0
[ERROR observ_trace_ebpf::recvfrom] ERROR: [1:3]
[INFO  observ_trace_ebpf::process] invalid ret: 0
[ERROR observ_trace_ebpf::recvfrom] ERROR: [1:3]
[INFO  observ_trace_ebpf::process] invalid ret: 0
[ERROR observ_trace_ebpf::recvfrom] ERROR: [1:3]
[INFO  observ_trace_ebpf::process] invalid ret: 0
[ERROR observ_trace_ebpf::recvfrom] ERROR: [1:3]
[INFO  observ_trace_ebpf::process] invalid ret: 0
[ERROR observ_trace_ebpf::recvfrom] ERROR: [1:3]
[INFO  observ_trace_ebpf::process] invalid ret: 0
[ERROR observ_trace_ebpf::recvfrom] ERROR: [1:3]
[INFO  observ_trace_ebpf::process] invalid ret: 0
[ERROR observ_trace_ebpf::recvfrom] ERROR: [1:3]
[INFO  observ_trace_ebpf::process] invalid ret: 0
[ERROR observ_trace_ebpf::recvfrom] ERROR: [1:3]
[INFO  observ_trace_ebpf::process] invalid ret: 0
[ERROR observ_trace_ebpf::recvfrom] ERROR: [1:3]
[INFO  observ_trace_ebpf::process] invalid ret: 0
[ERROR observ_trace_ebpf::recvfrom] ERROR: [1:3]
[INFO  observ_trace_ebpf::process] invalid ret: 0
[ERROR observ_trace_ebpf::recvfrom] ERROR: [1:3]
[INFO  observ_trace_ebpf::process] invalid ret: 0
[ERROR observ_trace_ebpf::recvfrom] ERROR: [1:3]
[INFO  observ_trace_ebpf::process] invalid ret: 0
[ERROR observ_trace_ebpf::recvfrom] ERROR: [1:3]
[INFO  observ_trace_ebpf::process] invalid ret: 0
[ERROR observ_trace_ebpf::recvfrom] ERROR: [1:3]
[INFO  observ_trace_ebpf::process] invalid ret: 0
[ERROR observ_trace_ebpf::recvfrom] ERROR: [1:3]
[INFO  observ_trace_ebpf::process] invalid ret: 0
[ERROR observ_trace_ebpf::recvfrom] ERROR: [1:3]
[INFO  observ_trace_ebpf::process] invalid ret: 0
[ERROR observ_trace_ebpf::recvfrom] ERROR: [1:3]
[INFO  observ_trace_ebpf::process] invalid ret: 0
[ERROR observ_trace_ebpf::recvfrom] ERROR: [1:3]
[INFO  observ_trace_ebpf::process] invalid ret: 0
[ERROR observ_trace_ebpf::recvfrom] ERROR: [1:3]
[INFO  observ_trace_ebpf::process] invalid ret: 0
[ERROR observ_trace_ebpf::recvfrom] ERROR: [1:3]
[INFO  observ_trace_ebpf::process] invalid ret: 0
[ERROR observ_trace_ebpf::recvfrom] ERROR: [1:3]
[INFO  observ_trace_ebpf::process] invalid ret: 0
[ERROR observ_trace_ebpf::recvfrom] ERROR: [1:3]
[INFO  observ_trace_ebpf::process] invalid ret: 0
[ERROR observ_trace_ebpf::recvfrom] ERROR: [1:3]
[INFO  observ_trace_ebpf::process] invalid ret: 0
[ERROR observ_trace_ebpf::recvfrom] ERROR: [1:3]
[INFO  observ_trace_ebpf::process] invalid ret: 0
[ERROR observ_trace_ebpf::recvfrom] ERROR: [1:3]
[INFO  observ_trace_ebpf::process] invalid ret: 0
[ERROR observ_trace_ebpf::recvfrom] ERROR: [1:3]
[INFO  observ_trace_ebpf::process] invalid ret: 0
[ERROR observ_trace_ebpf::recvfrom] ERROR: [1:3]
[INFO  observ_trace_ebpf::process] invalid ret: 0
[ERROR observ_trace_ebpf::recvfrom] ERROR: [1:3]
[INFO  observ_trace_ebpf::process] invalid ret: 0
[ERROR observ_trace_ebpf::recvfrom] ERROR: [1:3]
[INFO  observ_trace_ebpf::process] invalid ret: 0
[ERROR observ_trace_ebpf::recvfrom] ERROR: [1:3]
[INFO  observ_trace_ebpf::process] invalid ret: 0
[ERROR observ_trace_ebpf::recvfrom] ERROR: [1:3]
[INFO  observ_trace_ebpf::process] invalid ret: 0
[ERROR observ_trace_ebpf::recvfrom] ERROR: [1:3]
[INFO  observ_trace_ebpf::process] invalid ret: 0
[ERROR observ_trace_ebpf::recvfrom] ERROR: [1:3]
[INFO  observ_trace_ebpf::process] invalid ret: 0
[ERROR observ_trace_ebpf::recvfrom] ERROR: [1:3]
[INFO  observ_trace_ebpf::process] invalid ret: 0
[ERROR observ_trace_ebpf::recvfrom] ERROR: [1:3]
[INFO  observ_trace_ebpf::process] invalid ret: 0
[ERROR observ_trace_ebpf::recvfrom] ERROR: [1:3]
[INFO  observ_trace_ebpf::process] invalid ret: 0
[ERROR observ_trace_ebpf::recvfrom] ERROR: [1:3]
[INFO  observ_trace_ebpf::process] invalid ret: 0
[ERROR observ_trace_ebpf::recvfrom] ERROR: [1:3]
[INFO  observ_trace_ebpf::process] invalid ret: 0
[ERROR observ_trace_ebpf::recvfrom] ERROR: [1:3]
[INFO  observ_trace_ebpf::process] invalid ret: 0
[ERROR observ_trace_ebpf::recvfrom] ERROR: [1:3]
[INFO  observ_trace_ebpf::process] invalid ret: 0
[ERROR observ_trace_ebpf::recvfrom] ERROR: [1:3]
[INFO  observ_trace_ebpf::process] invalid ret: 0
[ERROR observ_trace_ebpf::recvfrom] ERROR: [1:3]
[INFO  observ_trace_ebpf::process] invalid ret: 0
[ERROR observ_trace_ebpf::recvfrom] ERROR: [1:3]
[INFO  observ_trace_ebpf::process] invalid ret: 0
[ERROR observ_trace_ebpf::recvfrom] ERROR: [1:3]
[INFO  observ_trace_ebpf::process] invalid ret: 0
[ERROR observ_trace_ebpf::recvfrom] ERROR: [1:3]
[INFO  observ_trace_ebpf::process] invalid ret: 0
[ERROR observ_trace_ebpf::recvfrom] ERROR: [1:3]
[INFO  observ_trace_ebpf::process] invalid ret: 0
[ERROR observ_trace_ebpf::recvfrom] ERROR: [1:3]
[INFO  observ_trace_ebpf::process] invalid ret: 0
[ERROR observ_trace_ebpf::recvfrom] ERROR: [1:3]
[INFO  observ_trace_ebpf::process] invalid ret: 0
[ERROR observ_trace_ebpf::recvfrom] ERROR: [1:3]
[INFO  observ_trace_ebpf::process] invalid ret: 0
[ERROR observ_trace_ebpf::recvfrom] ERROR: [1:3]
[INFO  observ_trace_ebpf::process] invalid ret: 0
[ERROR observ_trace_ebpf::recvfrom] ERROR: [1:3]
[INFO  observ_trace_ebpf::process] invalid ret: 0
[ERROR observ_trace_ebpf::recvfrom] ERROR: [1:3]
[INFO  observ_trace_ebpf::process] invalid ret: 0
[ERROR observ_trace_ebpf::recvfrom] ERROR: [1:3]
[INFO  observ_trace_ebpf::process] invalid ret: 0
[ERROR observ_trace_ebpf::recvfrom] ERROR: [1:3]
[INFO  observ_trace_ebpf::process] invalid ret: 0
[ERROR observ_trace_ebpf::recvfrom] ERROR: [1:3]
[INFO  observ_trace_ebpf::process] invalid ret: 0
[ERROR observ_trace_ebpf::recvfrom] ERROR: [1:3]
[INFO  observ_trace_ebpf::process] invalid ret: 0
[ERROR observ_trace_ebpf::recvfrom] ERROR: [1:3]
[INFO  observ_trace_ebpf::process] invalid ret: 0
[ERROR observ_trace_ebpf::recvfrom] ERROR: [1:3]
[INFO  observ_trace_ebpf::process] invalid ret: 0
[ERROR observ_trace_ebpf::recvfrom] ERROR: [1:3]
[INFO  observ_trace_ebpf::process] invalid ret: 0
[ERROR observ_trace_ebpf::recvfrom] ERROR: [1:3]
[INFO  observ_trace_ebpf::process] invalid ret: 0
[ERROR observ_trace_ebpf::recvfrom] ERROR: [1:3]
[INFO  observ_trace_ebpf::process] invalid ret: 0
[ERROR observ_trace_ebpf::recvfrom] ERROR: [1:3]
[INFO  observ_trace_ebpf::process] invalid ret: 0
[ERROR observ_trace_ebpf::recvfrom] ERROR: [1:3]
[INFO  observ_trace_ebpf::process] invalid ret: 0
[ERROR observ_trace_ebpf::recvfrom] ERROR: [1:3]
[INFO  observ_trace_ebpf::process] invalid ret: 0
[ERROR observ_trace_ebpf::recvfrom] ERROR: [1:3]
[INFO  observ_trace_ebpf::process] invalid ret: 0
[ERROR observ_trace_ebpf::recvfrom] ERROR: [1:3]
[INFO  observ_trace_ebpf::process] invalid ret: 0
[ERROR observ_trace_ebpf::recvfrom] ERROR: [1:3]
[INFO  observ_trace_ebpf::process] invalid ret: 0
[ERROR observ_trace_ebpf::recvfrom] ERROR: [1:3]
[INFO  observ_trace_ebpf::process] invalid ret: 0
[ERROR observ_trace_ebpf::recvfrom] ERROR: [1:3]
[INFO  observ_trace_ebpf::process] invalid ret: 0
[ERROR observ_trace_ebpf::recvfrom] ERROR: [1:3]
[INFO  observ_trace_ebpf::process] invalid ret: 0
[ERROR observ_trace_ebpf::recvfrom] ERROR: [1:3]
[INFO  observ_trace_ebpf::process] invalid ret: 0
[ERROR observ_trace_ebpf::recvfrom] ERROR: [1:3]
[INFO  observ_trace_ebpf::process] invalid ret: 0
[ERROR observ_trace_ebpf::recvfrom] ERROR: [1:3]
[INFO  observ_trace_ebpf::process] invalid ret: 0
[ERROR observ_trace_ebpf::recvfrom] ERROR: [1:3]
[INFO  observ_trace_ebpf::process] invalid ret: 0
[ERROR observ_trace_ebpf::recvfrom] ERROR: [1:3]
[INFO  observ_trace_ebpf::process] invalid ret: 0
[ERROR observ_trace_ebpf::recvfrom] ERROR: [1:3]
[INFO  observ_trace_ebpf::process] invalid ret: 0
[ERROR observ_trace_ebpf::recvfrom] ERROR: [1:3]
[INFO  observ_trace_ebpf::process] invalid ret: 0
[ERROR observ_trace_ebpf::recvfrom] ERROR: [1:3]
[INFO  observ_trace_ebpf::process] invalid ret: 0
[ERROR observ_trace_ebpf::recvfrom] ERROR: [1:3]
[INFO  observ_trace_ebpf::process] invalid ret: 0
[ERROR observ_trace_ebpf::recvfrom] ERROR: [1:3]
[INFO  observ_trace_ebpf::process] invalid ret: 0
[ERROR observ_trace_ebpf::recvfrom] ERROR: [1:3]
[INFO  observ_trace_ebpf::process] invalid ret: 0
[ERROR observ_trace_ebpf::recvfrom] ERROR: [1:3]
[INFO  observ_trace_ebpf::process] invalid ret: 0
[ERROR observ_trace_ebpf::recvfrom] ERROR: [1:3]
[INFO  observ_trace_ebpf::process] invalid ret: 0
[ERROR observ_trace_ebpf::recvfrom] ERROR: [1:3]
[INFO  observ_trace_ebpf::process] invalid ret: 0
[ERROR observ_trace_ebpf::recvfrom] ERROR: [1:3]
[INFO  observ_trace_ebpf::process] invalid ret: 0
[ERROR observ_trace_ebpf::recvfrom] ERROR: [1:3]
[INFO  observ_trace_ebpf::process] invalid ret: 0
[ERROR observ_trace_ebpf::recvfrom] ERROR: [1:3]
[INFO  observ_trace_ebpf::process] invalid ret: 0
[ERROR observ_trace_ebpf::recvfrom] ERROR: [1:3]
[INFO  observ_trace_ebpf::process] invalid ret: 0
[ERROR observ_trace_ebpf::recvfrom] ERROR: [1:3]
[INFO  observ_trace_ebpf::process] invalid ret: 0
[ERROR observ_trace_ebpf::recvfrom] ERROR: [1:3]
[INFO  observ_trace_ebpf::process] invalid ret: 0
[ERROR observ_trace_ebpf::recvfrom] ERROR: [1:3]
[INFO  observ_trace_ebpf::process] invalid ret: 0
[ERROR observ_trace_ebpf::recvfrom] ERROR: [1:3]
[INFO  observ_trace_ebpf::process] invalid ret: 0
[ERROR observ_trace_ebpf::recvfrom] ERROR: [1:3]
[INFO  observ_trace_ebpf::process] invalid ret: 0
[ERROR observ_trace_ebpf::recvfrom] ERROR: [1:3]
[INFO  observ_trace_ebpf::process] invalid ret: 0
[ERROR observ_trace_ebpf::recvfrom] ERROR: [1:3]
[INFO  observ_trace_ebpf::process] invalid ret: 0
[ERROR observ_trace_ebpf::recvfrom] ERROR: [1:3]
[INFO  observ_trace_ebpf::process] invalid ret: 0
[ERROR observ_trace_ebpf::recvfrom] ERROR: [1:3]
[INFO  observ_trace_ebpf::process] invalid ret: 0
[ERROR observ_trace_ebpf::recvfrom] ERROR: [1:3]
[INFO  observ_trace_ebpf::process] invalid ret: 0
[ERROR observ_trace_ebpf::recvfrom] ERROR: [1:3]
[INFO  observ_trace_ebpf::process] invalid ret: 0
[ERROR observ_trace_ebpf::recvfrom] ERROR: [1:3]
[INFO  observ_trace_ebpf::process] invalid ret: 0
[ERROR observ_trace_ebpf::recvfrom] ERROR: [1:3]
[INFO  observ_trace_ebpf::process] invalid ret: 0
[ERROR observ_trace_ebpf::recvfrom] ERROR: [1:3]
[INFO  observ_trace_ebpf::process] invalid ret: 0
[ERROR observ_trace_ebpf::recvfrom] ERROR: [1:3]
[INFO  observ_trace_ebpf::process] invalid ret: 0
[ERROR observ_trace_ebpf::recvfrom] ERROR: [1:3]
[INFO  observ_trace_ebpf::process] invalid ret: 0
[ERROR observ_trace_ebpf::recvfrom] ERROR: [1:3]
[INFO  observ_trace_ebpf::process] invalid ret: 0
[ERROR observ_trace_ebpf::recvfrom] ERROR: [1:3]
[INFO  observ_trace_ebpf::process] invalid ret: 0
[ERROR observ_trace_ebpf::recvfrom] ERROR: [1:3]
[INFO  observ_trace_ebpf::process] invalid ret: 0
[ERROR observ_trace_ebpf::recvfrom] ERROR: [1:3]
[INFO  observ_trace_ebpf::process] invalid ret: 0
[ERROR observ_trace_ebpf::recvfrom] ERROR: [1:3]
[INFO  observ_trace_ebpf::process] invalid ret: 0
[ERROR observ_trace_ebpf::recvfrom] ERROR: [1:3]
[INFO  observ_trace_ebpf::process] invalid ret: 0
[ERROR observ_trace_ebpf::recvfrom] ERROR: [1:3]
[INFO  observ_trace_ebpf::process] invalid ret: 0
[ERROR observ_trace_ebpf::recvfrom] ERROR: [1:3]
[INFO  observ_trace_ebpf::process] invalid ret: 0
[ERROR observ_trace_ebpf::recvfrom] ERROR: [1:3]
[INFO  observ_trace_ebpf::process] invalid ret: 0
[ERROR observ_trace_ebpf::recvfrom] ERROR: [1:3]
[INFO  observ_trace_ebpf::process] invalid ret: 0
[ERROR observ_trace_ebpf::recvfrom] ERROR: [1:3]
[INFO  observ_trace_ebpf::process] invalid ret: 0
[ERROR observ_trace_ebpf::recvfrom] ERROR: [1:3]
[INFO  observ_trace_ebpf::process] invalid ret: 0
[ERROR observ_trace_ebpf::recvfrom] ERROR: [1:3]
[INFO  observ_trace_ebpf::process] invalid ret: 0
[ERROR observ_trace_ebpf::recvfrom] ERROR: [1:3]
[INFO  observ_trace_ebpf::process] invalid ret: 0
[ERROR observ_trace_ebpf::recvfrom] ERROR: [1:3]
[INFO  observ_trace_ebpf::process] invalid ret: 0
[ERROR observ_trace_ebpf::recvfrom] ERROR: [1:3]
[INFO  observ_trace_ebpf::process] invalid ret: 0
[ERROR observ_trace_ebpf::recvfrom] ERROR: [1:3]
[INFO  observ_trace_ebpf::process] invalid ret: 0
[ERROR observ_trace_ebpf::recvfrom] ERROR: [1:3]
[INFO  observ_trace_ebpf::process] invalid ret: 0
[ERROR observ_trace_ebpf::recvfrom] ERROR: [1:3]
[INFO  observ_trace_ebpf::process] invalid ret: 0
[ERROR observ_trace_ebpf::recvfrom] ERROR: [1:3]
[INFO  observ_trace_ebpf::process] invalid ret: 0
[ERROR observ_trace_ebpf::recvfrom] ERROR: [1:3]
[INFO  observ_trace_ebpf::process] invalid ret: 0
[ERROR observ_trace_ebpf::recvfrom] ERROR: [1:3]
ctrl-c received!
[INFO  deeptrace::agent] Waiting for task to finish...
[INFO  observ_trace] Stopping Trace Collector module...
[INFO  observ_trace::span] Span constructor stopped
[INFO  observ_trace] Trace Collector stopped.
[INFO  observ_sender] Span transport sender stopped.
[INFO  observ_config] observ configurator stopped.
[INFO  deeptrace::agent] Agent finished
[INFO  deeptrace::agent] Agent stopped
