user_usage,cpu,25507.16,{"cpu":"0"},2025-09-27 10:25:33.831
nice_usage,cpu,61.1,{"cpu":"0"},2025-09-27 10:25:33.831
system_usage,cpu,12766.84,{"cpu":"0"},2025-09-27 10:25:33.831
idle_usage,cpu,894250.59,{"cpu":"0"},2025-09-27 10:25:33.831
iowait_usage,cpu,3790.78,{"cpu":"0"},2025-09-27 10:25:33.831
irq_usage,cpu,0.0,{"cpu":"0"},2025-09-27 10:25:33.831
softirq_usage,cpu,1946.22,{"cpu":"0"},2025-09-27 10:25:33.831
steal_usage,cpu,0.0,{"cpu":"0"},2025-09-27 10:25:33.831
guest_usage,cpu,0.0,{"cpu":"0"},2025-09-27 10:25:33.831
guest_nice_usage,cpu,0.0,{"cpu":"0"},2025-09-27 10:25:33.831
user_usage,cpu,25104.38,{"cpu":"1"},2025-09-27 10:25:33.831
nice_usage,cpu,260.41,{"cpu":"1"},2025-09-27 10:25:33.831
system_usage,cpu,10930.05,{"cpu":"1"},2025-09-27 10:25:33.831
idle_usage,cpu,898867.5,{"cpu":"1"},2025-09-27 10:25:33.831
iowait_usage,cpu,3760.56,{"cpu":"1"},2025-09-27 10:25:33.831
irq_usage,cpu,0.0,{"cpu":"1"},2025-09-27 10:25:33.831
softirq_usage,cpu,1427.07,{"cpu":"1"},2025-09-27 10:25:33.831
steal_usage,cpu,0.0,{"cpu":"1"},2025-09-27 10:25:33.831
guest_usage,cpu,0.0,{"cpu":"1"},2025-09-27 10:25:33.831
guest_nice_usage,cpu,0.0,{"cpu":"1"},2025-09-27 10:25:33.831
user_usage,cpu,22684.35,{"cpu":"2"},2025-09-27 10:25:33.831
nice_usage,cpu,5.95,{"cpu":"2"},2025-09-27 10:25:33.831
system_usage,cpu,11875.25,{"cpu":"2"},2025-09-27 10:25:33.831
idle_usage,cpu,899958.77,{"cpu":"2"},2025-09-27 10:25:33.831
iowait_usage,cpu,3944.63,{"cpu":"2"},2025-09-27 10:25:33.831
irq_usage,cpu,0.0,{"cpu":"2"},2025-09-27 10:25:33.831
softirq_usage,cpu,1877.95,{"cpu":"2"},2025-09-27 10:25:33.831
steal_usage,cpu,0.0,{"cpu":"2"},2025-09-27 10:25:33.831
guest_usage,cpu,0.0,{"cpu":"2"},2025-09-27 10:25:33.831
guest_nice_usage,cpu,0.0,{"cpu":"2"},2025-09-27 10:25:33.831
user_usage,cpu,21542.2,{"cpu":"3"},2025-09-27 10:25:33.831
nice_usage,cpu,49.0,{"cpu":"3"},2025-09-27 10:25:33.831
system_usage,cpu,10338.23,{"cpu":"3"},2025-09-27 10:25:33.831
idle_usage,cpu,903905.64,{"cpu":"3"},2025-09-27 10:25:33.831
iowait_usage,cpu,3794.98,{"cpu":"3"},2025-09-27 10:25:33.831
irq_usage,cpu,0.0,{"cpu":"3"},2025-09-27 10:25:33.831
softirq_usage,cpu,1445.28,{"cpu":"3"},2025-09-27 10:25:33.831
steal_usage,cpu,0.0,{"cpu":"3"},2025-09-27 10:25:33.831
guest_usage,cpu,0.0,{"cpu":"3"},2025-09-27 10:25:33.831
guest_nice_usage,cpu,0.0,{"cpu":"3"},2025-09-27 10:25:33.831
user_usage,cpu,21794.14,{"cpu":"4"},2025-09-27 10:25:33.831
nice_usage,cpu,9.69,{"cpu":"4"},2025-09-27 10:25:33.831
system_usage,cpu,11340.25,{"cpu":"4"},2025-09-27 10:25:33.831
idle_usage,cpu,901704.11,{"cpu":"4"},2025-09-27 10:25:33.831
iowait_usage,cpu,3938.78,{"cpu":"4"},2025-09-27 10:25:33.831
irq_usage,cpu,0.0,{"cpu":"4"},2025-09-27 10:25:33.831
softirq_usage,cpu,1881.26,{"cpu":"4"},2025-09-27 10:25:33.831
steal_usage,cpu,0.0,{"cpu":"4"},2025-09-27 10:25:33.831
guest_usage,cpu,0.0,{"cpu":"4"},2025-09-27 10:25:33.831
guest_nice_usage,cpu,0.0,{"cpu":"4"},2025-09-27 10:25:33.831
user_usage,cpu,20775.36,{"cpu":"5"},2025-09-27 10:25:33.831
nice_usage,cpu,71.06,{"cpu":"5"},2025-09-27 10:25:33.831
system_usage,cpu,10170.02,{"cpu":"5"},2025-09-27 10:25:33.831
idle_usage,cpu,904851.37,{"cpu":"5"},2025-09-27 10:25:33.831
iowait_usage,cpu,3846.65,{"cpu":"5"},2025-09-27 10:25:33.831
irq_usage,cpu,0.0,{"cpu":"5"},2025-09-27 10:25:33.831
softirq_usage,cpu,1439.31,{"cpu":"5"},2025-09-27 10:25:33.831
steal_usage,cpu,0.0,{"cpu":"5"},2025-09-27 10:25:33.831
guest_usage,cpu,0.0,{"cpu":"5"},2025-09-27 10:25:33.831
guest_nice_usage,cpu,0.0,{"cpu":"5"},2025-09-27 10:25:33.831
user_usage,cpu,21371.05,{"cpu":"6"},2025-09-27 10:25:33.831
nice_usage,cpu,85.22,{"cpu":"6"},2025-09-27 10:25:33.831
system_usage,cpu,11165.52,{"cpu":"6"},2025-09-27 10:25:33.831
idle_usage,cpu,902256.06,{"cpu":"6"},2025-09-27 10:25:33.831
iowait_usage,cpu,3993.41,{"cpu":"6"},2025-09-27 10:25:33.831
irq_usage,cpu,0.0,{"cpu":"6"},2025-09-27 10:25:33.831
softirq_usage,cpu,1872.79,{"cpu":"6"},2025-09-27 10:25:33.831
steal_usage,cpu,0.0,{"cpu":"6"},2025-09-27 10:25:33.831
guest_usage,cpu,0.0,{"cpu":"6"},2025-09-27 10:25:33.831
guest_nice_usage,cpu,0.0,{"cpu":"6"},2025-09-27 10:25:33.831
user_usage,cpu,20296.58,{"cpu":"7"},2025-09-27 10:25:33.831
nice_usage,cpu,61.12,{"cpu":"7"},2025-09-27 10:25:33.831
system_usage,cpu,10007.7,{"cpu":"7"},2025-09-27 10:25:33.831
idle_usage,cpu,905446.63,{"cpu":"7"},2025-09-27 10:25:33.831
iowait_usage,cpu,3960.68,{"cpu":"7"},2025-09-27 10:25:33.831
irq_usage,cpu,0.0,{"cpu":"7"},2025-09-27 10:25:33.831
softirq_usage,cpu,1433.66,{"cpu":"7"},2025-09-27 10:25:33.831
steal_usage,cpu,0.0,{"cpu":"7"},2025-09-27 10:25:33.831
guest_usage,cpu,0.0,{"cpu":"7"},2025-09-27 10:25:33.831
guest_nice_usage,cpu,0.0,{"cpu":"7"},2025-09-27 10:25:33.831
user_usage,cpu,21004.63,{"cpu":"8"},2025-09-27 10:25:33.831
nice_usage,cpu,1.83,{"cpu":"8"},2025-09-27 10:25:33.831
system_usage,cpu,11006.81,{"cpu":"8"},2025-09-27 10:25:33.831
idle_usage,cpu,902768.42,{"cpu":"8"},2025-09-27 10:25:33.831
iowait_usage,cpu,4039.38,{"cpu":"8"},2025-09-27 10:25:33.831
irq_usage,cpu,0.0,{"cpu":"8"},2025-09-27 10:25:33.831
softirq_usage,cpu,1833.7,{"cpu":"8"},2025-09-27 10:25:33.831
steal_usage,cpu,0.0,{"cpu":"8"},2025-09-27 10:25:33.831
guest_usage,cpu,0.0,{"cpu":"8"},2025-09-27 10:25:33.831
guest_nice_usage,cpu,0.0,{"cpu":"8"},2025-09-27 10:25:33.831
user_usage,cpu,19864.64,{"cpu":"9"},2025-09-27 10:25:33.831
nice_usage,cpu,74.79,{"cpu":"9"},2025-09-27 10:25:33.831
system_usage,cpu,9896.65,{"cpu":"9"},2025-09-27 10:25:33.831
idle_usage,cpu,906058.28,{"cpu":"9"},2025-09-27 10:25:33.831
iowait_usage,cpu,3912.64,{"cpu":"9"},2025-09-27 10:25:33.831
irq_usage,cpu,0.0,{"cpu":"9"},2025-09-27 10:25:33.831
softirq_usage,cpu,1436.38,{"cpu":"9"},2025-09-27 10:25:33.831
steal_usage,cpu,0.0,{"cpu":"9"},2025-09-27 10:25:33.831
guest_usage,cpu,0.0,{"cpu":"9"},2025-09-27 10:25:33.831
guest_nice_usage,cpu,0.0,{"cpu":"9"},2025-09-27 10:25:33.831
user_usage,cpu,20777.47,{"cpu":"10"},2025-09-27 10:25:33.831
nice_usage,cpu,4.1,{"cpu":"10"},2025-09-27 10:25:33.831
system_usage,cpu,10941.0,{"cpu":"10"},2025-09-27 10:25:33.831
idle_usage,cpu,903293.92,{"cpu":"10"},2025-09-27 10:25:33.831
iowait_usage,cpu,3946.46,{"cpu":"10"},2025-09-27 10:25:33.831
irq_usage,cpu,0.0,{"cpu":"10"},2025-09-27 10:25:33.831
softirq_usage,cpu,1848.79,{"cpu":"10"},2025-09-27 10:25:33.831
steal_usage,cpu,0.0,{"cpu":"10"},2025-09-27 10:25:33.831
guest_usage,cpu,0.0,{"cpu":"10"},2025-09-27 10:25:33.831
guest_nice_usage,cpu,0.0,{"cpu":"10"},2025-09-27 10:25:33.831
user_usage,cpu,19525.95,{"cpu":"11"},2025-09-27 10:25:33.831
nice_usage,cpu,38.23,{"cpu":"11"},2025-09-27 10:25:33.831
system_usage,cpu,9696.71,{"cpu":"11"},2025-09-27 10:25:33.831
idle_usage,cpu,906618.43,{"cpu":"11"},2025-09-27 10:25:33.831
iowait_usage,cpu,3966.35,{"cpu":"11"},2025-09-27 10:25:33.831
irq_usage,cpu,0.0,{"cpu":"11"},2025-09-27 10:25:33.831
softirq_usage,cpu,1431.15,{"cpu":"11"},2025-09-27 10:25:33.831
steal_usage,cpu,0.0,{"cpu":"11"},2025-09-27 10:25:33.831
guest_usage,cpu,0.0,{"cpu":"11"},2025-09-27 10:25:33.831
guest_nice_usage,cpu,0.0,{"cpu":"11"},2025-09-27 10:25:33.831
user_usage,cpu,20648.95,{"cpu":"12"},2025-09-27 10:25:33.831
nice_usage,cpu,19.49,{"cpu":"12"},2025-09-27 10:25:33.831
system_usage,cpu,10476.33,{"cpu":"12"},2025-09-27 10:25:33.831
idle_usage,cpu,902135.74,{"cpu":"12"},2025-09-27 10:25:33.831
iowait_usage,cpu,3895.7,{"cpu":"12"},2025-09-27 10:25:33.831
irq_usage,cpu,0.0,{"cpu":"12"},2025-09-27 10:25:33.831
softirq_usage,cpu,3295.45,{"cpu":"12"},2025-09-27 10:25:33.831
steal_usage,cpu,0.0,{"cpu":"12"},2025-09-27 10:25:33.831
guest_usage,cpu,0.0,{"cpu":"12"},2025-09-27 10:25:33.831
guest_nice_usage,cpu,0.0,{"cpu":"12"},2025-09-27 10:25:33.832
user_usage,cpu,19720.52,{"cpu":"13"},2025-09-27 10:25:33.832
nice_usage,cpu,76.43,{"cpu":"13"},2025-09-27 10:25:33.832
system_usage,cpu,9616.12,{"cpu":"13"},2025-09-27 10:25:33.832
idle_usage,cpu,906679.3,{"cpu":"13"},2025-09-27 10:25:33.832
iowait_usage,cpu,3810.66,{"cpu":"13"},2025-09-27 10:25:33.832
irq_usage,cpu,0.0,{"cpu":"13"},2025-09-27 10:25:33.832
softirq_usage,cpu,1414.11,{"cpu":"13"},2025-09-27 10:25:33.832
steal_usage,cpu,0.0,{"cpu":"13"},2025-09-27 10:25:33.832
guest_usage,cpu,0.0,{"cpu":"13"},2025-09-27 10:25:33.832
guest_nice_usage,cpu,0.0,{"cpu":"13"},2025-09-27 10:25:33.832
user_usage,cpu,18277.09,{"cpu":"14"},2025-09-27 10:25:33.832
nice_usage,cpu,1.85,{"cpu":"14"},2025-09-27 10:25:33.832
system_usage,cpu,9557.32,{"cpu":"14"},2025-09-27 10:25:33.832
idle_usage,cpu,899574.21,{"cpu":"14"},2025-09-27 10:25:33.832
iowait_usage,cpu,3898.24,{"cpu":"14"},2025-09-27 10:25:33.832
irq_usage,cpu,0.0,{"cpu":"14"},2025-09-27 10:25:33.832
softirq_usage,cpu,9860.58,{"cpu":"14"},2025-09-27 10:25:33.832
steal_usage,cpu,0.0,{"cpu":"14"},2025-09-27 10:25:33.832
guest_usage,cpu,0.0,{"cpu":"14"},2025-09-27 10:25:33.832
guest_nice_usage,cpu,0.0,{"cpu":"14"},2025-09-27 10:25:33.832
user_usage,cpu,18967.54,{"cpu":"15"},2025-09-27 10:25:33.832
nice_usage,cpu,13.95,{"cpu":"15"},2025-09-27 10:25:33.832
system_usage,cpu,9681.14,{"cpu":"15"},2025-09-27 10:25:33.832
idle_usage,cpu,907383.92,{"cpu":"15"},2025-09-27 10:25:33.832
iowait_usage,cpu,3787.11,{"cpu":"15"},2025-09-27 10:25:33.832
irq_usage,cpu,0.0,{"cpu":"15"},2025-09-27 10:25:33.832
softirq_usage,cpu,1432.75,{"cpu":"15"},2025-09-27 10:25:33.832
steal_usage,cpu,0.0,{"cpu":"15"},2025-09-27 10:25:33.832
guest_usage,cpu,0.0,{"cpu":"15"},2025-09-27 10:25:33.832
guest_nice_usage,cpu,0.0,{"cpu":"15"},2025-09-27 10:25:33.832
user_usage,cpu,20263.51,{"cpu":"16"},2025-09-27 10:25:33.832
nice_usage,cpu,11.32,{"cpu":"16"},2025-09-27 10:25:33.832
system_usage,cpu,10768.78,{"cpu":"16"},2025-09-27 10:25:33.832
idle_usage,cpu,903640.01,{"cpu":"16"},2025-09-27 10:25:33.832
iowait_usage,cpu,3979.58,{"cpu":"16"},2025-09-27 10:25:33.832
irq_usage,cpu,0.0,{"cpu":"16"},2025-09-27 10:25:33.832
softirq_usage,cpu,1966.04,{"cpu":"16"},2025-09-27 10:25:33.832
steal_usage,cpu,0.0,{"cpu":"16"},2025-09-27 10:25:33.832
guest_usage,cpu,0.0,{"cpu":"16"},2025-09-27 10:25:33.832
guest_nice_usage,cpu,0.0,{"cpu":"16"},2025-09-27 10:25:33.832
user_usage,cpu,18863.42,{"cpu":"17"},2025-09-27 10:25:33.832
nice_usage,cpu,75.57,{"cpu":"17"},2025-09-27 10:25:33.832
system_usage,cpu,9684.8,{"cpu":"17"},2025-09-27 10:25:33.832
idle_usage,cpu,907452.91,{"cpu":"17"},2025-09-27 10:25:33.832
iowait_usage,cpu,3793.21,{"cpu":"17"},2025-09-27 10:25:33.832
irq_usage,cpu,0.0,{"cpu":"17"},2025-09-27 10:25:33.832
softirq_usage,cpu,1434.4,{"cpu":"17"},2025-09-27 10:25:33.832
steal_usage,cpu,0.0,{"cpu":"17"},2025-09-27 10:25:33.832
guest_usage,cpu,0.0,{"cpu":"17"},2025-09-27 10:25:33.832
guest_nice_usage,cpu,0.0,{"cpu":"17"},2025-09-27 10:25:33.832
user_usage,cpu,20224.47,{"cpu":"18"},2025-09-27 10:25:33.832
nice_usage,cpu,51.52,{"cpu":"18"},2025-09-27 10:25:33.832
system_usage,cpu,10779.49,{"cpu":"18"},2025-09-27 10:25:33.832
idle_usage,cpu,903749.19,{"cpu":"18"},2025-09-27 10:25:33.832
iowait_usage,cpu,3944.99,{"cpu":"18"},2025-09-27 10:25:33.832
irq_usage,cpu,0.0,{"cpu":"18"},2025-09-27 10:25:33.832
softirq_usage,cpu,1943.57,{"cpu":"18"},2025-09-27 10:25:33.832
steal_usage,cpu,0.0,{"cpu":"18"},2025-09-27 10:25:33.832
guest_usage,cpu,0.0,{"cpu":"18"},2025-09-27 10:25:33.832
guest_nice_usage,cpu,0.0,{"cpu":"18"},2025-09-27 10:25:33.832
user_usage,cpu,18653.89,{"cpu":"19"},2025-09-27 10:25:33.832
nice_usage,cpu,26.94,{"cpu":"19"},2025-09-27 10:25:33.832
system_usage,cpu,9596.12,{"cpu":"19"},2025-09-27 10:25:33.832
idle_usage,cpu,907712.5,{"cpu":"19"},2025-09-27 10:25:33.832
iowait_usage,cpu,3918.04,{"cpu":"19"},2025-09-27 10:25:33.832
irq_usage,cpu,0.0,{"cpu":"19"},2025-09-27 10:25:33.832
softirq_usage,cpu,1434.78,{"cpu":"19"},2025-09-27 10:25:33.832
steal_usage,cpu,0.0,{"cpu":"19"},2025-09-27 10:25:33.832
guest_usage,cpu,0.0,{"cpu":"19"},2025-09-27 10:25:33.832
guest_nice_usage,cpu,0.0,{"cpu":"19"},2025-09-27 10:25:33.832
user_usage,cpu,15486.9,{"cpu":"20"},2025-09-27 10:25:33.832
nice_usage,cpu,2.01,{"cpu":"20"},2025-09-27 10:25:33.832
system_usage,cpu,7998.13,{"cpu":"20"},2025-09-27 10:25:33.832
idle_usage,cpu,897302.77,{"cpu":"20"},2025-09-27 10:25:33.832
iowait_usage,cpu,4044.33,{"cpu":"20"},2025-09-27 10:25:33.832
irq_usage,cpu,0.0,{"cpu":"20"},2025-09-27 10:25:33.832
softirq_usage,cpu,16875.4,{"cpu":"20"},2025-09-27 10:25:33.832
steal_usage,cpu,0.0,{"cpu":"20"},2025-09-27 10:25:33.832
guest_usage,cpu,0.0,{"cpu":"20"},2025-09-27 10:25:33.832
guest_nice_usage,cpu,0.0,{"cpu":"20"},2025-09-27 10:25:33.832
user_usage,cpu,18791.24,{"cpu":"21"},2025-09-27 10:25:33.832
nice_usage,cpu,42.34,{"cpu":"21"},2025-09-27 10:25:33.832
system_usage,cpu,9521.66,{"cpu":"21"},2025-09-27 10:25:33.832
idle_usage,cpu,907684.37,{"cpu":"21"},2025-09-27 10:25:33.832
iowait_usage,cpu,3890.53,{"cpu":"21"},2025-09-27 10:25:33.832
irq_usage,cpu,0.0,{"cpu":"21"},2025-09-27 10:25:33.832
softirq_usage,cpu,1434.25,{"cpu":"21"},2025-09-27 10:25:33.832
steal_usage,cpu,0.0,{"cpu":"21"},2025-09-27 10:25:33.832
guest_usage,cpu,0.0,{"cpu":"21"},2025-09-27 10:25:33.832
guest_nice_usage,cpu,0.0,{"cpu":"21"},2025-09-27 10:25:33.832
user_usage,cpu,20369.55,{"cpu":"22"},2025-09-27 10:25:33.832
nice_usage,cpu,1.27,{"cpu":"22"},2025-09-27 10:25:33.832
system_usage,cpu,10944.28,{"cpu":"22"},2025-09-27 10:25:33.832
idle_usage,cpu,903651.44,{"cpu":"22"},2025-09-27 10:25:33.832
iowait_usage,cpu,3912.42,{"cpu":"22"},2025-09-27 10:25:33.832
irq_usage,cpu,0.0,{"cpu":"22"},2025-09-27 10:25:33.832
softirq_usage,cpu,1965.43,{"cpu":"22"},2025-09-27 10:25:33.832
steal_usage,cpu,0.0,{"cpu":"22"},2025-09-27 10:25:33.832
guest_usage,cpu,0.0,{"cpu":"22"},2025-09-27 10:25:33.832
guest_nice_usage,cpu,0.0,{"cpu":"22"},2025-09-27 10:25:33.832
user_usage,cpu,18767.56,{"cpu":"23"},2025-09-27 10:25:33.832
nice_usage,cpu,15.67,{"cpu":"23"},2025-09-27 10:25:33.832
system_usage,cpu,9500.39,{"cpu":"23"},2025-09-27 10:25:33.832
idle_usage,cpu,907597.86,{"cpu":"23"},2025-09-27 10:25:33.832
iowait_usage,cpu,3988.79,{"cpu":"23"},2025-09-27 10:25:33.832
irq_usage,cpu,0.0,{"cpu":"23"},2025-09-27 10:25:33.832
softirq_usage,cpu,1434.25,{"cpu":"23"},2025-09-27 10:25:33.832
steal_usage,cpu,0.0,{"cpu":"23"},2025-09-27 10:25:33.832
guest_usage,cpu,0.0,{"cpu":"23"},2025-09-27 10:25:33.832
guest_nice_usage,cpu,0.0,{"cpu":"23"},2025-09-27 10:25:33.832
context_switches,cpu,14984753729.0,,2025-09-27 10:25:33.832
boot_time,cpu,1758024813.0,,2025-09-27 10:25:33.832
processes,cpu,12179966.0,,2025-09-27 10:25:33.832
procs_running,cpu,1.0,,2025-09-27 10:25:33.832
procs_blocked,cpu,0.0,,2025-09-27 10:25:33.832
MemTotal,memory,65841220.0,,2025-09-27 10:25:33.832
MemFree,memory,4656868.0,,2025-09-27 10:25:33.832
MemAvailable,memory,18050152.0,,2025-09-27 10:25:33.832
Buffers,memory,374732.0,,2025-09-27 10:25:33.832
Cached,memory,11833960.0,,2025-09-27 10:25:33.832
SwapCached,memory,0.0,,2025-09-27 10:25:33.832
Active,memory,50098832.0,,2025-09-27 10:25:33.832
Inactive,memory,6501772.0,,2025-09-27 10:25:33.832
Active(anon),memory,43999276.0,,2025-09-27 10:25:33.832
Inactive(anon),memory,413772.0,,2025-09-27 10:25:33.832
Active(file),memory,6099556.0,,2025-09-27 10:25:33.832
Inactive(file),memory,6088000.0,,2025-09-27 10:25:33.832
SwapTotal,memory,0.0,,2025-09-27 10:25:33.832
SwapFree,memory,0.0,,2025-09-27 10:25:33.832
Dirty,memory,30268.0,,2025-09-27 10:25:33.832
Writeback,memory,0.0,,2025-09-27 10:25:33.832
AnonPages,memory,44440220.0,,2025-09-27 10:25:33.832
Mapped,memory,647044.0,,2025-09-27 10:25:33.832
Shmem,memory,5760.0,,2025-09-27 10:25:33.832
KReclaimable,memory,2209044.0,,2025-09-27 10:25:33.832
Slab,memory,2886372.0,,2025-09-27 10:25:33.832
SReclaimable,memory,2209044.0,,2025-09-27 10:25:33.832
Sunreclaim,memory,677328.0,,2025-09-27 10:25:33.832
KernelStack,memory,19936.0,,2025-09-27 10:25:33.832
PageTables,memory,204816.0,,2025-09-27 10:25:33.832
NFS_Unstable,memory,0.0,,2025-09-27 10:25:33.832
Bounce,memory,0.0,,2025-09-27 10:25:33.832
WritebackTmp,memory,0.0,,2025-09-27 10:25:33.832
CommitLimit,memory,32920608.0,,2025-09-27 10:25:33.832
Committed_AS,memory,46417068.0,,2025-09-27 10:25:33.832
VmallocTotal,memory,34359738367.0,,2025-09-27 10:25:33.832
VmallocUsed,memory,170152.0,,2025-09-27 10:25:33.832
VmallocChunk,memory,0.0,,2025-09-27 10:25:33.832
nr_free_pages,memory,1164217.0,,2025-09-27 10:25:33.833
nr_inactive_anon,memory,103443.0,,2025-09-27 10:25:33.833
nr_active_anon,memory,10999910.0,,2025-09-27 10:25:33.833
nr_inactive_file,memory,1522000.0,,2025-09-27 10:25:33.833
nr_active_file,memory,1524889.0,,2025-09-27 10:25:33.833
nr_unevictable,memory,11999.0,,2025-09-27 10:25:33.833
nr_mlock,memory,11231.0,,2025-09-27 10:25:33.833
nr_anon_pages,memory,11110146.0,,2025-09-27 10:25:33.833
nr_mapped,memory,161761.0,,2025-09-27 10:25:33.833
nr_file_pages,memory,3052173.0,,2025-09-27 10:25:33.833
nr_dirty,memory,7567.0,,2025-09-27 10:25:33.833
nr_writeback,memory,0.0,,2025-09-27 10:25:33.833
nr_slab_reclaimable,memory,552261.0,,2025-09-27 10:25:33.833
nr_slab_unreclaimable,memory,169332.0,,2025-09-27 10:25:33.833
nr_page_table_pages,memory,51204.0,,2025-09-27 10:25:33.833
nr_kernel_stack,memory,19936.0,,2025-09-27 10:25:33.833
nr_unstable,memory,0.0,,2025-09-27 10:25:33.833
nr_bounce,memory,0.0,,2025-09-27 10:25:33.833
nr_vmscan_write,memory,0.0,,2025-09-27 10:25:33.833
nr_vmscan_immediate_reclaim,memory,1.0,,2025-09-27 10:25:33.833
nr_writeback_temp,memory,0.0,,2025-09-27 10:25:33.833
nr_isolated_anon,memory,0.0,,2025-09-27 10:25:33.833
nr_isolated_file,memory,0.0,,2025-09-27 10:25:33.833
nr_shmem,memory,1440.0,,2025-09-27 10:25:33.833
nr_dirtied,memory,212241215.0,,2025-09-27 10:25:33.833
nr_written,memory,203955798.0,,2025-09-27 10:25:33.833
numa_hit,memory,5590870836.0,,2025-09-27 10:25:33.833
numa_miss,memory,166798689.0,,2025-09-27 10:25:33.833
numa_foreign,memory,166798689.0,,2025-09-27 10:25:33.833
numa_interleave,memory,389.0,,2025-09-27 10:25:33.833
numa_local,memory,5589297472.0,,2025-09-27 10:25:33.833
numa_other,memory,166863049.0,,2025-09-27 10:25:33.833
workingset_nodereclaim,memory,644348.0,,2025-09-27 10:25:33.833
nr_anon_transparent_hugepages,memory,0.0,,2025-09-27 10:25:33.833
nr_free_cma,memory,0.0,,2025-09-27 10:25:33.833
nr_dirty_threshold,memory,824133.0,,2025-09-27 10:25:33.833
nr_dirty_background_threshold,memory,411563.0,,2025-09-27 10:25:33.833
pgpgin,memory,395153089.0,,2025-09-27 10:25:33.833
pgpgout,memory,845021076.0,,2025-09-27 10:25:33.833
pswpin,memory,0.0,,2025-09-27 10:25:33.833
pswpout,memory,0.0,,2025-09-27 10:25:33.833
pgalloc_dma,memory,1024.0,,2025-09-27 10:25:33.833
pgalloc_dma32,memory,27150872.0,,2025-09-27 10:25:33.833
pgalloc_normal,memory,5965515244.0,,2025-09-27 10:25:33.833
pgalloc_movable,memory,0.0,,2025-09-27 10:25:33.833
pgfree,memory,6027815155.0,,2025-09-27 10:25:33.833
pgactivate,memory,634733313.0,,2025-09-27 10:25:33.833
pgdeactivate,memory,0.0,,2025-09-27 10:25:33.833
pgfault,memory,7806498710.0,,2025-09-27 10:25:33.833
pgmajfault,memory,6396018.0,,2025-09-27 10:25:33.833
pgscan_direct_throttle,memory,70306.0,,2025-09-27 10:25:33.833
pginodesteal,memory,6.0,,2025-09-27 10:25:33.833
slabs_scanned,memory,552074652.0,,2025-09-27 10:25:33.833
kswapd_inodesteal,memory,193621.0,,2025-09-27 10:25:33.833
kswapd_low_wmark_hit_quickly,memory,3817.0,,2025-09-27 10:25:33.833
kswapd_high_wmark_hit_quickly,memory,4346647.0,,2025-09-27 10:25:33.833
pageoutrun,memory,4352576.0,,2025-09-27 10:25:33.833
pgrotated,memory,2999.0,,2025-09-27 10:25:33.833
drop_pagecache,memory,0.0,,2025-09-27 10:25:33.833
drop_slab,memory,0.0,,2025-09-27 10:25:33.833
numa_pte_updates,memory,1091463913.0,,2025-09-27 10:25:33.833
numa_huge_pte_updates,memory,338.0,,2025-09-27 10:25:33.833
numa_hint_faults,memory,931942076.0,,2025-09-27 10:25:33.833
numa_hint_faults_local,memory,599638099.0,,2025-09-27 10:25:33.833
numa_pages_migrated,memory,159175198.0,,2025-09-27 10:25:33.833
pgmigrate_success,memory,192981388.0,,2025-09-27 10:25:33.833
pgmigrate_fail,memory,513253.0,,2025-09-27 10:25:33.833
compact_migrate_scanned,memory,397361572.0,,2025-09-27 10:25:33.833
compact_free_scanned,memory,2457815245.0,,2025-09-27 10:25:33.833
compact_isolated,memory,68492704.0,,2025-09-27 10:25:33.833
compact_stall,memory,6.0,,2025-09-27 10:25:33.833
compact_fail,memory,5.0,,2025-09-27 10:25:33.833
compact_success,memory,1.0,,2025-09-27 10:25:33.833
htlb_buddy_alloc_success,memory,0.0,,2025-09-27 10:25:33.833
htlb_buddy_alloc_fail,memory,0.0,,2025-09-27 10:25:33.833
unevictable_pgs_culled,memory,66784.0,,2025-09-27 10:25:33.833
unevictable_pgs_scanned,memory,300.0,,2025-09-27 10:25:33.833
unevictable_pgs_rescued,memory,31373.0,,2025-09-27 10:25:33.833
unevictable_pgs_mlocked,memory,42304.0,,2025-09-27 10:25:33.833
unevictable_pgs_munlocked,memory,12528.0,,2025-09-27 10:25:33.833
unevictable_pgs_cleared,memory,0.0,,2025-09-27 10:25:33.833
unevictable_pgs_stranded,memory,18545.0,,2025-09-27 10:25:33.833
thp_fault_alloc,memory,0.0,,2025-09-27 10:25:33.833
thp_fault_fallback,memory,1.0,,2025-09-27 10:25:33.833
thp_collapse_alloc,memory,108.0,,2025-09-27 10:25:33.833
thp_collapse_alloc_failed,memory,0.0,,2025-09-27 10:25:33.833
thp_zero_page_alloc,memory,3.0,,2025-09-27 10:25:33.833
thp_zero_page_alloc_failed,memory,1.0,,2025-09-27 10:25:33.833
balloon_inflate,memory,0.0,,2025-09-27 10:25:33.833
balloon_deflate,memory,0.0,,2025-09-27 10:25:33.833
balloon_migrate,memory,0.0,,2025-09-27 10:25:33.833
rx_bytes,network,6943983253.0,{"interface":"lo"},2025-09-27 10:25:33.833
rx_packets,network,20028374.0,{"interface":"lo"},2025-09-27 10:25:33.833
rx_errors,network,0.0,{"interface":"lo"},2025-09-27 10:25:33.833
rx_dropped,network,2.0,{"interface":"lo"},2025-09-27 10:25:33.833
rx_fifo,network,0.0,{"interface":"lo"},2025-09-27 10:25:33.833
rx_frame,network,0.0,{"interface":"lo"},2025-09-27 10:25:33.833
rx_compressed,network,0.0,{"interface":"lo"},2025-09-27 10:25:33.833
rx_multicast,network,0.0,{"interface":"lo"},2025-09-27 10:25:33.833
tx_bytes,network,6943983253.0,{"interface":"lo"},2025-09-27 10:25:33.833
tx_packets,network,20028374.0,{"interface":"lo"},2025-09-27 10:25:33.833
tx_errors,network,0.0,{"interface":"lo"},2025-09-27 10:25:33.833
tx_dropped,network,0.0,{"interface":"lo"},2025-09-27 10:25:33.833
tx_fifo,network,0.0,{"interface":"lo"},2025-09-27 10:25:33.833
tx_colls,network,0.0,{"interface":"lo"},2025-09-27 10:25:33.833
tx_carrier,network,0.0,{"interface":"lo"},2025-09-27 10:25:33.833
tx_compressed,network,0.0,{"interface":"lo"},2025-09-27 10:25:33.833
rx_bytes,network,266049849177.0,{"interface":"eno1"},2025-09-27 10:25:33.833
rx_packets,network,958903032.0,{"interface":"eno1"},2025-09-27 10:25:33.833
rx_errors,network,0.0,{"interface":"eno1"},2025-09-27 10:25:33.833
rx_dropped,network,1233.0,{"interface":"eno1"},2025-09-27 10:25:33.833
rx_fifo,network,0.0,{"interface":"eno1"},2025-09-27 10:25:33.833
rx_frame,network,0.0,{"interface":"eno1"},2025-09-27 10:25:33.833
rx_compressed,network,0.0,{"interface":"eno1"},2025-09-27 10:25:33.833
rx_multicast,network,446294.0,{"interface":"eno1"},2025-09-27 10:25:33.833
tx_bytes,network,231717672596.0,{"interface":"eno1"},2025-09-27 10:25:33.833
tx_packets,network,955822333.0,{"interface":"eno1"},2025-09-27 10:25:33.833
tx_errors,network,0.0,{"interface":"eno1"},2025-09-27 10:25:33.833
tx_dropped,network,0.0,{"interface":"eno1"},2025-09-27 10:25:33.833
tx_fifo,network,0.0,{"interface":"eno1"},2025-09-27 10:25:33.833
tx_colls,network,0.0,{"interface":"eno1"},2025-09-27 10:25:33.833
tx_carrier,network,0.0,{"interface":"eno1"},2025-09-27 10:25:33.833
tx_compressed,network,0.0,{"interface":"eno1"},2025-09-27 10:25:33.833
rx_bytes,network,0.0,{"interface":"eno2"},2025-09-27 10:25:33.833
rx_packets,network,0.0,{"interface":"eno2"},2025-09-27 10:25:33.833
rx_errors,network,0.0,{"interface":"eno2"},2025-09-27 10:25:33.833
rx_dropped,network,0.0,{"interface":"eno2"},2025-09-27 10:25:33.833
rx_fifo,network,0.0,{"interface":"eno2"},2025-09-27 10:25:33.833
rx_frame,network,0.0,{"interface":"eno2"},2025-09-27 10:25:33.833
rx_compressed,network,0.0,{"interface":"eno2"},2025-09-27 10:25:33.833
rx_multicast,network,0.0,{"interface":"eno2"},2025-09-27 10:25:33.833
tx_bytes,network,0.0,{"interface":"eno2"},2025-09-27 10:25:33.833
tx_packets,network,0.0,{"interface":"eno2"},2025-09-27 10:25:33.833
tx_errors,network,0.0,{"interface":"eno2"},2025-09-27 10:25:33.833
tx_dropped,network,0.0,{"interface":"eno2"},2025-09-27 10:25:33.833
tx_fifo,network,0.0,{"interface":"eno2"},2025-09-27 10:25:33.833
tx_colls,network,0.0,{"interface":"eno2"},2025-09-27 10:25:33.833
tx_carrier,network,0.0,{"interface":"eno2"},2025-09-27 10:25:33.833
tx_compressed,network,0.0,{"interface":"eno2"},2025-09-27 10:25:33.833
rx_bytes,network,0.0,{"interface":"eno3"},2025-09-27 10:25:33.833
rx_packets,network,0.0,{"interface":"eno3"},2025-09-27 10:25:33.833
rx_errors,network,0.0,{"interface":"eno3"},2025-09-27 10:25:33.833
rx_dropped,network,0.0,{"interface":"eno3"},2025-09-27 10:25:33.833
rx_fifo,network,0.0,{"interface":"eno3"},2025-09-27 10:25:33.833
rx_frame,network,0.0,{"interface":"eno3"},2025-09-27 10:25:33.833
rx_compressed,network,0.0,{"interface":"eno3"},2025-09-27 10:25:33.833
rx_multicast,network,0.0,{"interface":"eno3"},2025-09-27 10:25:33.833
tx_bytes,network,0.0,{"interface":"eno3"},2025-09-27 10:25:33.833
tx_packets,network,0.0,{"interface":"eno3"},2025-09-27 10:25:33.833
tx_errors,network,0.0,{"interface":"eno3"},2025-09-27 10:25:33.833
tx_dropped,network,0.0,{"interface":"eno3"},2025-09-27 10:25:33.833
tx_fifo,network,0.0,{"interface":"eno3"},2025-09-27 10:25:33.833
tx_colls,network,0.0,{"interface":"eno3"},2025-09-27 10:25:33.833
tx_carrier,network,0.0,{"interface":"eno3"},2025-09-27 10:25:33.833
tx_compressed,network,0.0,{"interface":"eno3"},2025-09-27 10:25:33.833
rx_bytes,network,0.0,{"interface":"enp5s0f0"},2025-09-27 10:25:33.833
rx_packets,network,0.0,{"interface":"enp5s0f0"},2025-09-27 10:25:33.833
rx_errors,network,0.0,{"interface":"enp5s0f0"},2025-09-27 10:25:33.833
rx_dropped,network,0.0,{"interface":"enp5s0f0"},2025-09-27 10:25:33.833
rx_fifo,network,0.0,{"interface":"enp5s0f0"},2025-09-27 10:25:33.833
rx_frame,network,0.0,{"interface":"enp5s0f0"},2025-09-27 10:25:33.833
rx_compressed,network,0.0,{"interface":"enp5s0f0"},2025-09-27 10:25:33.833
rx_multicast,network,0.0,{"interface":"enp5s0f0"},2025-09-27 10:25:33.833
tx_bytes,network,0.0,{"interface":"enp5s0f0"},2025-09-27 10:25:33.833
tx_packets,network,0.0,{"interface":"enp5s0f0"},2025-09-27 10:25:33.833
tx_errors,network,0.0,{"interface":"enp5s0f0"},2025-09-27 10:25:33.833
tx_dropped,network,0.0,{"interface":"enp5s0f0"},2025-09-27 10:25:33.833
tx_fifo,network,0.0,{"interface":"enp5s0f0"},2025-09-27 10:25:33.833
tx_colls,network,0.0,{"interface":"enp5s0f0"},2025-09-27 10:25:33.833
tx_carrier,network,0.0,{"interface":"enp5s0f0"},2025-09-27 10:25:33.833
tx_compressed,network,0.0,{"interface":"enp5s0f0"},2025-09-27 10:25:33.833
rx_bytes,network,0.0,{"interface":"eno4"},2025-09-27 10:25:33.833
rx_packets,network,0.0,{"interface":"eno4"},2025-09-27 10:25:33.833
rx_errors,network,0.0,{"interface":"eno4"},2025-09-27 10:25:33.833
rx_dropped,network,0.0,{"interface":"eno4"},2025-09-27 10:25:33.833
rx_fifo,network,0.0,{"interface":"eno4"},2025-09-27 10:25:33.833
rx_frame,network,0.0,{"interface":"eno4"},2025-09-27 10:25:33.833
rx_compressed,network,0.0,{"interface":"eno4"},2025-09-27 10:25:33.833
rx_multicast,network,0.0,{"interface":"eno4"},2025-09-27 10:25:33.833
tx_bytes,network,0.0,{"interface":"eno4"},2025-09-27 10:25:33.833
tx_packets,network,0.0,{"interface":"eno4"},2025-09-27 10:25:33.833
tx_errors,network,0.0,{"interface":"eno4"},2025-09-27 10:25:33.833
tx_dropped,network,0.0,{"interface":"eno4"},2025-09-27 10:25:33.833
tx_fifo,network,0.0,{"interface":"eno4"},2025-09-27 10:25:33.833
tx_colls,network,0.0,{"interface":"eno4"},2025-09-27 10:25:33.833
tx_carrier,network,0.0,{"interface":"eno4"},2025-09-27 10:25:33.833
tx_compressed,network,0.0,{"interface":"eno4"},2025-09-27 10:25:33.833
rx_bytes,network,0.0,{"interface":"enp5s0f1"},2025-09-27 10:25:33.833
rx_packets,network,0.0,{"interface":"enp5s0f1"},2025-09-27 10:25:33.833
rx_errors,network,0.0,{"interface":"enp5s0f1"},2025-09-27 10:25:33.833
rx_dropped,network,0.0,{"interface":"enp5s0f1"},2025-09-27 10:25:33.833
rx_fifo,network,0.0,{"interface":"enp5s0f1"},2025-09-27 10:25:33.833
rx_frame,network,0.0,{"interface":"enp5s0f1"},2025-09-27 10:25:33.833
rx_compressed,network,0.0,{"interface":"enp5s0f1"},2025-09-27 10:25:33.833
rx_multicast,network,0.0,{"interface":"enp5s0f1"},2025-09-27 10:25:33.833
tx_bytes,network,0.0,{"interface":"enp5s0f1"},2025-09-27 10:25:33.833
tx_packets,network,0.0,{"interface":"enp5s0f1"},2025-09-27 10:25:33.833
tx_errors,network,0.0,{"interface":"enp5s0f1"},2025-09-27 10:25:33.833
tx_dropped,network,0.0,{"interface":"enp5s0f1"},2025-09-27 10:25:33.833
tx_fifo,network,0.0,{"interface":"enp5s0f1"},2025-09-27 10:25:33.833
tx_colls,network,0.0,{"interface":"enp5s0f1"},2025-09-27 10:25:33.833
tx_carrier,network,0.0,{"interface":"enp5s0f1"},2025-09-27 10:25:33.833
tx_compressed,network,0.0,{"interface":"enp5s0f1"},2025-09-27 10:25:33.833
rx_bytes,network,0.0,{"interface":"enp6s0f0"},2025-09-27 10:25:33.833
rx_packets,network,0.0,{"interface":"enp6s0f0"},2025-09-27 10:25:33.833
rx_errors,network,0.0,{"interface":"enp6s0f0"},2025-09-27 10:25:33.833
rx_dropped,network,0.0,{"interface":"enp6s0f0"},2025-09-27 10:25:33.833
rx_fifo,network,0.0,{"interface":"enp6s0f0"},2025-09-27 10:25:33.833
rx_frame,network,0.0,{"interface":"enp6s0f0"},2025-09-27 10:25:33.833
rx_compressed,network,0.0,{"interface":"enp6s0f0"},2025-09-27 10:25:33.833
rx_multicast,network,0.0,{"interface":"enp6s0f0"},2025-09-27 10:25:33.833
tx_bytes,network,0.0,{"interface":"enp6s0f0"},2025-09-27 10:25:33.833
tx_packets,network,0.0,{"interface":"enp6s0f0"},2025-09-27 10:25:33.833
tx_errors,network,0.0,{"interface":"enp6s0f0"},2025-09-27 10:25:33.833
tx_dropped,network,0.0,{"interface":"enp6s0f0"},2025-09-27 10:25:33.833
tx_fifo,network,0.0,{"interface":"enp6s0f0"},2025-09-27 10:25:33.833
tx_colls,network,0.0,{"interface":"enp6s0f0"},2025-09-27 10:25:33.833
tx_carrier,network,0.0,{"interface":"enp6s0f0"},2025-09-27 10:25:33.833
tx_compressed,network,0.0,{"interface":"enp6s0f0"},2025-09-27 10:25:33.833
rx_bytes,network,0.0,{"interface":"enp6s0f1"},2025-09-27 10:25:33.833
rx_packets,network,0.0,{"interface":"enp6s0f1"},2025-09-27 10:25:33.833
rx_errors,network,0.0,{"interface":"enp6s0f1"},2025-09-27 10:25:33.833
rx_dropped,network,0.0,{"interface":"enp6s0f1"},2025-09-27 10:25:33.833
rx_fifo,network,0.0,{"interface":"enp6s0f1"},2025-09-27 10:25:33.833
rx_frame,network,0.0,{"interface":"enp6s0f1"},2025-09-27 10:25:33.833
rx_compressed,network,0.0,{"interface":"enp6s0f1"},2025-09-27 10:25:33.833
rx_multicast,network,0.0,{"interface":"enp6s0f1"},2025-09-27 10:25:33.833
tx_bytes,network,0.0,{"interface":"enp6s0f1"},2025-09-27 10:25:33.833
tx_packets,network,0.0,{"interface":"enp6s0f1"},2025-09-27 10:25:33.833
tx_errors,network,0.0,{"interface":"enp6s0f1"},2025-09-27 10:25:33.833
tx_dropped,network,0.0,{"interface":"enp6s0f1"},2025-09-27 10:25:33.833
tx_fifo,network,0.0,{"interface":"enp6s0f1"},2025-09-27 10:25:33.833
tx_colls,network,0.0,{"interface":"enp6s0f1"},2025-09-27 10:25:33.833
tx_carrier,network,0.0,{"interface":"enp6s0f1"},2025-09-27 10:25:33.833
tx_compressed,network,0.0,{"interface":"enp6s0f1"},2025-09-27 10:25:33.833
rx_bytes,network,0.0,{"interface":"enp4s0np0"},2025-09-27 10:25:33.833
rx_packets,network,0.0,{"interface":"enp4s0np0"},2025-09-27 10:25:33.833
rx_errors,network,0.0,{"interface":"enp4s0np0"},2025-09-27 10:25:33.833
rx_dropped,network,0.0,{"interface":"enp4s0np0"},2025-09-27 10:25:33.833
rx_fifo,network,0.0,{"interface":"enp4s0np0"},2025-09-27 10:25:33.833
rx_frame,network,0.0,{"interface":"enp4s0np0"},2025-09-27 10:25:33.833
rx_compressed,network,0.0,{"interface":"enp4s0np0"},2025-09-27 10:25:33.833
rx_multicast,network,0.0,{"interface":"enp4s0np0"},2025-09-27 10:25:33.833
tx_bytes,network,0.0,{"interface":"enp4s0np0"},2025-09-27 10:25:33.833
tx_packets,network,0.0,{"interface":"enp4s0np0"},2025-09-27 10:25:33.833
tx_errors,network,0.0,{"interface":"enp4s0np0"},2025-09-27 10:25:33.833
tx_dropped,network,0.0,{"interface":"enp4s0np0"},2025-09-27 10:25:33.833
tx_fifo,network,0.0,{"interface":"enp4s0np0"},2025-09-27 10:25:33.833
tx_colls,network,0.0,{"interface":"enp4s0np0"},2025-09-27 10:25:33.833
tx_carrier,network,0.0,{"interface":"enp4s0np0"},2025-09-27 10:25:33.833
tx_compressed,network,0.0,{"interface":"enp4s0np0"},2025-09-27 10:25:33.833
rx_bytes,network,0.0,{"interface":"enp132s0f0"},2025-09-27 10:25:33.833
rx_packets,network,0.0,{"interface":"enp132s0f0"},2025-09-27 10:25:33.833
rx_errors,network,0.0,{"interface":"enp132s0f0"},2025-09-27 10:25:33.833
rx_dropped,network,0.0,{"interface":"enp132s0f0"},2025-09-27 10:25:33.833
rx_fifo,network,0.0,{"interface":"enp132s0f0"},2025-09-27 10:25:33.833
rx_frame,network,0.0,{"interface":"enp132s0f0"},2025-09-27 10:25:33.833
rx_compressed,network,0.0,{"interface":"enp132s0f0"},2025-09-27 10:25:33.833
rx_multicast,network,0.0,{"interface":"enp132s0f0"},2025-09-27 10:25:33.833
tx_bytes,network,0.0,{"interface":"enp132s0f0"},2025-09-27 10:25:33.833
tx_packets,network,0.0,{"interface":"enp132s0f0"},2025-09-27 10:25:33.833
tx_errors,network,0.0,{"interface":"enp132s0f0"},2025-09-27 10:25:33.833
tx_dropped,network,0.0,{"interface":"enp132s0f0"},2025-09-27 10:25:33.833
tx_fifo,network,0.0,{"interface":"enp132s0f0"},2025-09-27 10:25:33.833
tx_colls,network,0.0,{"interface":"enp132s0f0"},2025-09-27 10:25:33.833
tx_carrier,network,0.0,{"interface":"enp132s0f0"},2025-09-27 10:25:33.833
tx_compressed,network,0.0,{"interface":"enp132s0f0"},2025-09-27 10:25:33.833
rx_bytes,network,0.0,{"interface":"enp132s0f1"},2025-09-27 10:25:33.833
rx_packets,network,0.0,{"interface":"enp132s0f1"},2025-09-27 10:25:33.833
rx_errors,network,0.0,{"interface":"enp132s0f1"},2025-09-27 10:25:33.833
rx_dropped,network,0.0,{"interface":"enp132s0f1"},2025-09-27 10:25:33.833
rx_fifo,network,0.0,{"interface":"enp132s0f1"},2025-09-27 10:25:33.833
rx_frame,network,0.0,{"interface":"enp132s0f1"},2025-09-27 10:25:33.833
rx_compressed,network,0.0,{"interface":"enp132s0f1"},2025-09-27 10:25:33.833
rx_multicast,network,0.0,{"interface":"enp132s0f1"},2025-09-27 10:25:33.833
tx_bytes,network,0.0,{"interface":"enp132s0f1"},2025-09-27 10:25:33.833
tx_packets,network,0.0,{"interface":"enp132s0f1"},2025-09-27 10:25:33.833
tx_errors,network,0.0,{"interface":"enp132s0f1"},2025-09-27 10:25:33.833
tx_dropped,network,0.0,{"interface":"enp132s0f1"},2025-09-27 10:25:33.833
tx_fifo,network,0.0,{"interface":"enp132s0f1"},2025-09-27 10:25:33.833
tx_colls,network,0.0,{"interface":"enp132s0f1"},2025-09-27 10:25:33.833
tx_carrier,network,0.0,{"interface":"enp132s0f1"},2025-09-27 10:25:33.833
tx_compressed,network,0.0,{"interface":"enp132s0f1"},2025-09-27 10:25:33.833
rx_bytes,network,377950.0,{"interface":"docker0"},2025-09-27 10:25:33.833
rx_packets,network,6867.0,{"interface":"docker0"},2025-09-27 10:25:33.833
rx_errors,network,0.0,{"interface":"docker0"},2025-09-27 10:25:33.833
rx_dropped,network,0.0,{"interface":"docker0"},2025-09-27 10:25:33.833
rx_fifo,network,0.0,{"interface":"docker0"},2025-09-27 10:25:33.833
rx_frame,network,0.0,{"interface":"docker0"},2025-09-27 10:25:33.833
rx_compressed,network,0.0,{"interface":"docker0"},2025-09-27 10:25:33.833
rx_multicast,network,0.0,{"interface":"docker0"},2025-09-27 10:25:33.833
tx_bytes,network,45078825.0,{"interface":"docker0"},2025-09-27 10:25:33.833
tx_packets,network,8447.0,{"interface":"docker0"},2025-09-27 10:25:33.833
tx_errors,network,0.0,{"interface":"docker0"},2025-09-27 10:25:33.833
tx_dropped,network,0.0,{"interface":"docker0"},2025-09-27 10:25:33.833
tx_fifo,network,0.0,{"interface":"docker0"},2025-09-27 10:25:33.833
tx_colls,network,0.0,{"interface":"docker0"},2025-09-27 10:25:33.833
tx_carrier,network,0.0,{"interface":"docker0"},2025-09-27 10:25:33.833
tx_compressed,network,0.0,{"interface":"docker0"},2025-09-27 10:25:33.833
rx_bytes,network,76039026182.0,{"interface":"docker_gwbridge"},2025-09-27 10:25:33.833
rx_packets,network,209911753.0,{"interface":"docker_gwbridge"},2025-09-27 10:25:33.833
rx_errors,network,0.0,{"interface":"docker_gwbridge"},2025-09-27 10:25:33.833
rx_dropped,network,0.0,{"interface":"docker_gwbridge"},2025-09-27 10:25:33.833
rx_fifo,network,0.0,{"interface":"docker_gwbridge"},2025-09-27 10:25:33.833
rx_frame,network,0.0,{"interface":"docker_gwbridge"},2025-09-27 10:25:33.833
rx_compressed,network,0.0,{"interface":"docker_gwbridge"},2025-09-27 10:25:33.833
rx_multicast,network,0.0,{"interface":"docker_gwbridge"},2025-09-27 10:25:33.833
tx_bytes,network,19820480218.0,{"interface":"docker_gwbridge"},2025-09-27 10:25:33.833
tx_packets,network,191068204.0,{"interface":"docker_gwbridge"},2025-09-27 10:25:33.833
tx_errors,network,0.0,{"interface":"docker_gwbridge"},2025-09-27 10:25:33.833
tx_dropped,network,0.0,{"interface":"docker_gwbridge"},2025-09-27 10:25:33.833
tx_fifo,network,0.0,{"interface":"docker_gwbridge"},2025-09-27 10:25:33.833
tx_colls,network,0.0,{"interface":"docker_gwbridge"},2025-09-27 10:25:33.833
tx_carrier,network,0.0,{"interface":"docker_gwbridge"},2025-09-27 10:25:33.833
tx_compressed,network,0.0,{"interface":"docker_gwbridge"},2025-09-27 10:25:33.833
rx_bytes,network,78977628106.0,{"interface":"veth2c42317"},2025-09-27 10:25:33.833
rx_packets,network,209908388.0,{"interface":"veth2c42317"},2025-09-27 10:25:33.833
rx_errors,network,0.0,{"interface":"veth2c42317"},2025-09-27 10:25:33.833
rx_dropped,network,420863.0,{"interface":"veth2c42317"},2025-09-27 10:25:33.833
rx_fifo,network,0.0,{"interface":"veth2c42317"},2025-09-27 10:25:33.833
rx_frame,network,0.0,{"interface":"veth2c42317"},2025-09-27 10:25:33.833
rx_compressed,network,0.0,{"interface":"veth2c42317"},2025-09-27 10:25:33.833
rx_multicast,network,0.0,{"interface":"veth2c42317"},2025-09-27 10:25:33.833
tx_bytes,network,19815201781.0,{"interface":"veth2c42317"},2025-09-27 10:25:33.833
tx_packets,network,190988265.0,{"interface":"veth2c42317"},2025-09-27 10:25:33.833
tx_errors,network,0.0,{"interface":"veth2c42317"},2025-09-27 10:25:33.833
tx_dropped,network,82390.0,{"interface":"veth2c42317"},2025-09-27 10:25:33.833
tx_fifo,network,0.0,{"interface":"veth2c42317"},2025-09-27 10:25:33.833
tx_colls,network,0.0,{"interface":"veth2c42317"},2025-09-27 10:25:33.833
tx_carrier,network,0.0,{"interface":"veth2c42317"},2025-09-27 10:25:33.833
tx_compressed,network,0.0,{"interface":"veth2c42317"},2025-09-27 10:25:33.833
major,disk,7.0,{"device":"loop0"},2025-09-27 10:25:33.834
minor,disk,0.0,{"device":"loop0"},2025-09-27 10:25:33.834
read_completed,disk,274.0,{"device":"loop0"},2025-09-27 10:25:33.834
read_merged,disk,0.0,{"device":"loop0"},2025-09-27 10:25:33.834
sectors_read,disk,2801664.0,{"device":"loop0"},2025-09-27 10:25:33.834
read_time,disk,1663.0,{"device":"loop0"},2025-09-27 10:25:33.834
write_completed,disk,0.0,{"device":"loop0"},2025-09-27 10:25:33.834
write_merged,disk,0.0,{"device":"loop0"},2025-09-27 10:25:33.834
sectors_written,disk,0.0,{"device":"loop0"},2025-09-27 10:25:33.834
writing_time,disk,0.0,{"device":"loop0"},2025-09-27 10:25:33.834
ios_in_progress,disk,0.0,{"device":"loop0"},2025-09-27 10:25:33.834
io_time,disk,1625.0,{"device":"loop0"},2025-09-27 10:25:33.834
weighted_io_time,disk,1663.0,{"device":"loop0"},2025-09-27 10:25:33.834
discard_completed,disk,0.0,{"device":"loop0"},2025-09-27 10:25:33.834
discard_merged,disk,0.0,{"device":"loop0"},2025-09-27 10:25:33.834
sectors_discarded,disk,0.0,{"device":"loop0"},2025-09-27 10:25:33.834
discarding_time,disk,0.0,{"device":"loop0"},2025-09-27 10:25:33.834
flush_completed,disk,0.0,{"device":"loop0"},2025-09-27 10:25:33.834
flushing_time,disk,0.0,{"device":"loop0"},2025-09-27 10:25:33.834
major,disk,7.0,{"device":"loop1"},2025-09-27 10:25:33.834
minor,disk,1.0,{"device":"loop1"},2025-09-27 10:25:33.834
read_completed,disk,101.0,{"device":"loop1"},2025-09-27 10:25:33.834
read_merged,disk,0.0,{"device":"loop1"},2025-09-27 10:25:33.834
sectors_read,disk,881664.0,{"device":"loop1"},2025-09-27 10:25:33.834
read_time,disk,1028.0,{"device":"loop1"},2025-09-27 10:25:33.834
write_completed,disk,0.0,{"device":"loop1"},2025-09-27 10:25:33.834
write_merged,disk,0.0,{"device":"loop1"},2025-09-27 10:25:33.834
sectors_written,disk,0.0,{"device":"loop1"},2025-09-27 10:25:33.834
writing_time,disk,0.0,{"device":"loop1"},2025-09-27 10:25:33.834
ios_in_progress,disk,0.0,{"device":"loop1"},2025-09-27 10:25:33.834
io_time,disk,1029.0,{"device":"loop1"},2025-09-27 10:25:33.834
weighted_io_time,disk,1028.0,{"device":"loop1"},2025-09-27 10:25:33.834
discard_completed,disk,0.0,{"device":"loop1"},2025-09-27 10:25:33.834
discard_merged,disk,0.0,{"device":"loop1"},2025-09-27 10:25:33.834
sectors_discarded,disk,0.0,{"device":"loop1"},2025-09-27 10:25:33.834
discarding_time,disk,0.0,{"device":"loop1"},2025-09-27 10:25:33.834
flush_completed,disk,0.0,{"device":"loop1"},2025-09-27 10:25:33.834
flushing_time,disk,0.0,{"device":"loop1"},2025-09-27 10:25:33.834
major,disk,7.0,{"device":"loop2"},2025-09-27 10:25:33.834
minor,disk,2.0,{"device":"loop2"},2025-09-27 10:25:33.834
read_completed,disk,116.0,{"device":"loop2"},2025-09-27 10:25:33.834
read_merged,disk,0.0,{"device":"loop2"},2025-09-27 10:25:33.834
sectors_read,disk,2338816.0,{"device":"loop2"},2025-09-27 10:25:33.834
read_time,disk,1206.0,{"device":"loop2"},2025-09-27 10:25:33.834
write_completed,disk,0.0,{"device":"loop2"},2025-09-27 10:25:33.834
write_merged,disk,0.0,{"device":"loop2"},2025-09-27 10:25:33.834
sectors_written,disk,0.0,{"device":"loop2"},2025-09-27 10:25:33.834
writing_time,disk,0.0,{"device":"loop2"},2025-09-27 10:25:33.834
ios_in_progress,disk,0.0,{"device":"loop2"},2025-09-27 10:25:33.834
io_time,disk,711.0,{"device":"loop2"},2025-09-27 10:25:33.834
weighted_io_time,disk,1206.0,{"device":"loop2"},2025-09-27 10:25:33.834
discard_completed,disk,0.0,{"device":"loop2"},2025-09-27 10:25:33.834
discard_merged,disk,0.0,{"device":"loop2"},2025-09-27 10:25:33.834
sectors_discarded,disk,0.0,{"device":"loop2"},2025-09-27 10:25:33.834
discarding_time,disk,0.0,{"device":"loop2"},2025-09-27 10:25:33.834
flush_completed,disk,0.0,{"device":"loop2"},2025-09-27 10:25:33.834
flushing_time,disk,0.0,{"device":"loop2"},2025-09-27 10:25:33.834
major,disk,7.0,{"device":"loop3"},2025-09-27 10:25:33.834
minor,disk,3.0,{"device":"loop3"},2025-09-27 10:25:33.834
read_completed,disk,135.0,{"device":"loop3"},2025-09-27 10:25:33.834
read_merged,disk,0.0,{"device":"loop3"},2025-09-27 10:25:33.834
sectors_read,disk,2412544.0,{"device":"loop3"},2025-09-27 10:25:33.834
read_time,disk,1587.0,{"device":"loop3"},2025-09-27 10:25:33.834
write_completed,disk,0.0,{"device":"loop3"},2025-09-27 10:25:33.834
write_merged,disk,0.0,{"device":"loop3"},2025-09-27 10:25:33.834
sectors_written,disk,0.0,{"device":"loop3"},2025-09-27 10:25:33.834
writing_time,disk,0.0,{"device":"loop3"},2025-09-27 10:25:33.834
ios_in_progress,disk,0.0,{"device":"loop3"},2025-09-27 10:25:33.834
io_time,disk,1255.0000000000002,{"device":"loop3"},2025-09-27 10:25:33.834
weighted_io_time,disk,1587.0,{"device":"loop3"},2025-09-27 10:25:33.834
discard_completed,disk,0.0,{"device":"loop3"},2025-09-27 10:25:33.834
discard_merged,disk,0.0,{"device":"loop3"},2025-09-27 10:25:33.834
sectors_discarded,disk,0.0,{"device":"loop3"},2025-09-27 10:25:33.834
discarding_time,disk,0.0,{"device":"loop3"},2025-09-27 10:25:33.834
flush_completed,disk,0.0,{"device":"loop3"},2025-09-27 10:25:33.834
flushing_time,disk,0.0,{"device":"loop3"},2025-09-27 10:25:33.834
major,disk,7.0,{"device":"loop4"},2025-09-27 10:25:33.834
minor,disk,4.0,{"device":"loop4"},2025-09-27 10:25:33.834
read_completed,disk,94.0,{"device":"loop4"},2025-09-27 10:25:33.834
read_merged,disk,0.0,{"device":"loop4"},2025-09-27 10:25:33.834
sectors_read,disk,865280.0,{"device":"loop4"},2025-09-27 10:25:33.834
read_time,disk,1327.0,{"device":"loop4"},2025-09-27 10:25:33.834
write_completed,disk,0.0,{"device":"loop4"},2025-09-27 10:25:33.834
write_merged,disk,0.0,{"device":"loop4"},2025-09-27 10:25:33.834
sectors_written,disk,0.0,{"device":"loop4"},2025-09-27 10:25:33.834
writing_time,disk,0.0,{"device":"loop4"},2025-09-27 10:25:33.834
ios_in_progress,disk,0.0,{"device":"loop4"},2025-09-27 10:25:33.834
io_time,disk,1327.0,{"device":"loop4"},2025-09-27 10:25:33.834
weighted_io_time,disk,1327.0,{"device":"loop4"},2025-09-27 10:25:33.834
discard_completed,disk,0.0,{"device":"loop4"},2025-09-27 10:25:33.834
discard_merged,disk,0.0,{"device":"loop4"},2025-09-27 10:25:33.834
sectors_discarded,disk,0.0,{"device":"loop4"},2025-09-27 10:25:33.834
discarding_time,disk,0.0,{"device":"loop4"},2025-09-27 10:25:33.834
flush_completed,disk,0.0,{"device":"loop4"},2025-09-27 10:25:33.834
flushing_time,disk,0.0,{"device":"loop4"},2025-09-27 10:25:33.834
major,disk,7.0,{"device":"loop5"},2025-09-27 10:25:33.834
minor,disk,5.0,{"device":"loop5"},2025-09-27 10:25:33.834
read_completed,disk,7823.0,{"device":"loop5"},2025-09-27 10:25:33.834
read_merged,disk,0.0,{"device":"loop5"},2025-09-27 10:25:33.834
sectors_read,disk,382456832.0,{"device":"loop5"},2025-09-27 10:25:33.834
read_time,disk,19272724.000000004,{"device":"loop5"},2025-09-27 10:25:33.834
write_completed,disk,0.0,{"device":"loop5"},2025-09-27 10:25:33.834
write_merged,disk,0.0,{"device":"loop5"},2025-09-27 10:25:33.834
sectors_written,disk,0.0,{"device":"loop5"},2025-09-27 10:25:33.834
writing_time,disk,0.0,{"device":"loop5"},2025-09-27 10:25:33.834
ios_in_progress,disk,0.0,{"device":"loop5"},2025-09-27 10:25:33.834
io_time,disk,3229411.0,{"device":"loop5"},2025-09-27 10:25:33.834
weighted_io_time,disk,19272724.000000004,{"device":"loop5"},2025-09-27 10:25:33.834
discard_completed,disk,0.0,{"device":"loop5"},2025-09-27 10:25:33.834
discard_merged,disk,0.0,{"device":"loop5"},2025-09-27 10:25:33.834
sectors_discarded,disk,0.0,{"device":"loop5"},2025-09-27 10:25:33.834
discarding_time,disk,0.0,{"device":"loop5"},2025-09-27 10:25:33.834
flush_completed,disk,0.0,{"device":"loop5"},2025-09-27 10:25:33.834
flushing_time,disk,0.0,{"device":"loop5"},2025-09-27 10:25:33.834
major,disk,7.0,{"device":"loop6"},2025-09-27 10:25:33.834
minor,disk,6.0,{"device":"loop6"},2025-09-27 10:25:33.834
read_completed,disk,91.0,{"device":"loop6"},2025-09-27 10:25:33.834
read_merged,disk,0.0,{"device":"loop6"},2025-09-27 10:25:33.834
sectors_read,disk,414720.0,{"device":"loop6"},2025-09-27 10:25:33.834
read_time,disk,1.0,{"device":"loop6"},2025-09-27 10:25:33.834
write_completed,disk,0.0,{"device":"loop6"},2025-09-27 10:25:33.834
write_merged,disk,0.0,{"device":"loop6"},2025-09-27 10:25:33.834
sectors_written,disk,0.0,{"device":"loop6"},2025-09-27 10:25:33.834
writing_time,disk,0.0,{"device":"loop6"},2025-09-27 10:25:33.834
ios_in_progress,disk,0.0,{"device":"loop6"},2025-09-27 10:25:33.834
io_time,disk,1.0,{"device":"loop6"},2025-09-27 10:25:33.834
weighted_io_time,disk,1.0,{"device":"loop6"},2025-09-27 10:25:33.834
discard_completed,disk,0.0,{"device":"loop6"},2025-09-27 10:25:33.834
discard_merged,disk,0.0,{"device":"loop6"},2025-09-27 10:25:33.834
sectors_discarded,disk,0.0,{"device":"loop6"},2025-09-27 10:25:33.834
discarding_time,disk,0.0,{"device":"loop6"},2025-09-27 10:25:33.834
flush_completed,disk,0.0,{"device":"loop6"},2025-09-27 10:25:33.834
flushing_time,disk,0.0,{"device":"loop6"},2025-09-27 10:25:33.834
major,disk,7.0,{"device":"loop7"},2025-09-27 10:25:33.834
minor,disk,7.0,{"device":"loop7"},2025-09-27 10:25:33.834
read_completed,disk,0.0,{"device":"loop7"},2025-09-27 10:25:33.834
read_merged,disk,0.0,{"device":"loop7"},2025-09-27 10:25:33.834
sectors_read,disk,0.0,{"device":"loop7"},2025-09-27 10:25:33.834
read_time,disk,0.0,{"device":"loop7"},2025-09-27 10:25:33.834
write_completed,disk,0.0,{"device":"loop7"},2025-09-27 10:25:33.834
write_merged,disk,0.0,{"device":"loop7"},2025-09-27 10:25:33.834
sectors_written,disk,0.0,{"device":"loop7"},2025-09-27 10:25:33.834
writing_time,disk,0.0,{"device":"loop7"},2025-09-27 10:25:33.834
ios_in_progress,disk,0.0,{"device":"loop7"},2025-09-27 10:25:33.834
io_time,disk,0.0,{"device":"loop7"},2025-09-27 10:25:33.834
weighted_io_time,disk,0.0,{"device":"loop7"},2025-09-27 10:25:33.834
discard_completed,disk,0.0,{"device":"loop7"},2025-09-27 10:25:33.834
discard_merged,disk,0.0,{"device":"loop7"},2025-09-27 10:25:33.834
sectors_discarded,disk,0.0,{"device":"loop7"},2025-09-27 10:25:33.834
discarding_time,disk,0.0,{"device":"loop7"},2025-09-27 10:25:33.834
flush_completed,disk,0.0,{"device":"loop7"},2025-09-27 10:25:33.834
flushing_time,disk,0.0,{"device":"loop7"},2025-09-27 10:25:33.834
major,disk,8.0,{"device":"sdb"},2025-09-27 10:25:33.834
minor,disk,16.0,{"device":"sdb"},2025-09-27 10:25:33.834
read_completed,disk,501.0,{"device":"sdb"},2025-09-27 10:25:33.834
read_merged,disk,0.0,{"device":"sdb"},2025-09-27 10:25:33.834
sectors_read,disk,11001856.0,{"device":"sdb"},2025-09-27 10:25:33.834
read_time,disk,2161.0,{"device":"sdb"},2025-09-27 10:25:33.834
write_completed,disk,0.0,{"device":"sdb"},2025-09-27 10:25:33.834
write_merged,disk,0.0,{"device":"sdb"},2025-09-27 10:25:33.834
sectors_written,disk,0.0,{"device":"sdb"},2025-09-27 10:25:33.834
writing_time,disk,0.0,{"device":"sdb"},2025-09-27 10:25:33.834
ios_in_progress,disk,0.0,{"device":"sdb"},2025-09-27 10:25:33.834
io_time,disk,1668.0,{"device":"sdb"},2025-09-27 10:25:33.834
weighted_io_time,disk,2161.0,{"device":"sdb"},2025-09-27 10:25:33.834
discard_completed,disk,0.0,{"device":"sdb"},2025-09-27 10:25:33.834
discard_merged,disk,0.0,{"device":"sdb"},2025-09-27 10:25:33.834
sectors_discarded,disk,0.0,{"device":"sdb"},2025-09-27 10:25:33.834
discarding_time,disk,0.0,{"device":"sdb"},2025-09-27 10:25:33.834
flush_completed,disk,0.0,{"device":"sdb"},2025-09-27 10:25:33.834
flushing_time,disk,0.0,{"device":"sdb"},2025-09-27 10:25:33.834
major,disk,8.0,{"device":"sdc"},2025-09-27 10:25:33.834
minor,disk,32.0,{"device":"sdc"},2025-09-27 10:25:33.834
read_completed,disk,437.0,{"device":"sdc"},2025-09-27 10:25:33.834
read_merged,disk,0.0,{"device":"sdc"},2025-09-27 10:25:33.834
sectors_read,disk,13473792.0,{"device":"sdc"},2025-09-27 10:25:33.834
read_time,disk,1868.0,{"device":"sdc"},2025-09-27 10:25:33.834
write_completed,disk,0.0,{"device":"sdc"},2025-09-27 10:25:33.834
write_merged,disk,0.0,{"device":"sdc"},2025-09-27 10:25:33.834
sectors_written,disk,0.0,{"device":"sdc"},2025-09-27 10:25:33.834
writing_time,disk,0.0,{"device":"sdc"},2025-09-27 10:25:33.834
ios_in_progress,disk,0.0,{"device":"sdc"},2025-09-27 10:25:33.834
io_time,disk,1643.0,{"device":"sdc"},2025-09-27 10:25:33.834
weighted_io_time,disk,1868.0,{"device":"sdc"},2025-09-27 10:25:33.834
discard_completed,disk,0.0,{"device":"sdc"},2025-09-27 10:25:33.834
discard_merged,disk,0.0,{"device":"sdc"},2025-09-27 10:25:33.834
sectors_discarded,disk,0.0,{"device":"sdc"},2025-09-27 10:25:33.834
discarding_time,disk,0.0,{"device":"sdc"},2025-09-27 10:25:33.834
flush_completed,disk,0.0,{"device":"sdc"},2025-09-27 10:25:33.834
flushing_time,disk,0.0,{"device":"sdc"},2025-09-27 10:25:33.834
major,disk,8.0,{"device":"sdc1"},2025-09-27 10:25:33.834
minor,disk,33.0,{"device":"sdc1"},2025-09-27 10:25:33.834
read_completed,disk,308.0,{"device":"sdc1"},2025-09-27 10:25:33.834
read_merged,disk,0.0,{"device":"sdc1"},2025-09-27 10:25:33.834
sectors_read,disk,10989568.0,{"device":"sdc1"},2025-09-27 10:25:33.834
read_time,disk,1101.0,{"device":"sdc1"},2025-09-27 10:25:33.834
write_completed,disk,0.0,{"device":"sdc1"},2025-09-27 10:25:33.834
write_merged,disk,0.0,{"device":"sdc1"},2025-09-27 10:25:33.834
sectors_written,disk,0.0,{"device":"sdc1"},2025-09-27 10:25:33.834
writing_time,disk,0.0,{"device":"sdc1"},2025-09-27 10:25:33.834
ios_in_progress,disk,0.0,{"device":"sdc1"},2025-09-27 10:25:33.834
io_time,disk,1056.0,{"device":"sdc1"},2025-09-27 10:25:33.834
weighted_io_time,disk,1101.0,{"device":"sdc1"},2025-09-27 10:25:33.834
discard_completed,disk,0.0,{"device":"sdc1"},2025-09-27 10:25:33.834
discard_merged,disk,0.0,{"device":"sdc1"},2025-09-27 10:25:33.834
sectors_discarded,disk,0.0,{"device":"sdc1"},2025-09-27 10:25:33.834
discarding_time,disk,0.0,{"device":"sdc1"},2025-09-27 10:25:33.834
flush_completed,disk,0.0,{"device":"sdc1"},2025-09-27 10:25:33.834
flushing_time,disk,0.0,{"device":"sdc1"},2025-09-27 10:25:33.834
major,disk,8.0,{"device":"sda"},2025-09-27 10:25:33.834
minor,disk,0.0,{"device":"sda"},2025-09-27 10:25:33.834
read_completed,disk,11566912.0,{"device":"sda"},2025-09-27 10:25:33.834
read_merged,disk,725150.0,{"device":"sda"},2025-09-27 10:25:33.834
sectors_read,disk,404220115968.0,{"device":"sda"},2025-09-27 10:25:33.834
read_time,disk,539972181.0,{"device":"sda"},2025-09-27 10:25:33.834
write_completed,disk,27209913.0,{"device":"sda"},2025-09-27 10:25:33.834
write_merged,disk,9145576.0,{"device":"sda"},2025-09-27 10:25:33.834
sectors_written,disk,865301581824.0,{"device":"sda"},2025-09-27 10:25:33.834
writing_time,disk,233933581.0,{"device":"sda"},2025-09-27 10:25:33.834
ios_in_progress,disk,0.0,{"device":"sda"},2025-09-27 10:25:33.834
io_time,disk,7968073.0,{"device":"sda"},2025-09-27 10:25:33.834
weighted_io_time,disk,773905762.0,{"device":"sda"},2025-09-27 10:25:33.834
discard_completed,disk,0.0,{"device":"sda"},2025-09-27 10:25:33.834
discard_merged,disk,0.0,{"device":"sda"},2025-09-27 10:25:33.834
sectors_discarded,disk,0.0,{"device":"sda"},2025-09-27 10:25:33.834
discarding_time,disk,0.0,{"device":"sda"},2025-09-27 10:25:33.834
flush_completed,disk,0.0,{"device":"sda"},2025-09-27 10:25:33.834
flushing_time,disk,0.0,{"device":"sda"},2025-09-27 10:25:33.834
major,disk,8.0,{"device":"sda1"},2025-09-27 10:25:33.834
minor,disk,1.0,{"device":"sda1"},2025-09-27 10:25:33.834
read_completed,disk,444.0,{"device":"sda1"},2025-09-27 10:25:33.834
read_merged,disk,0.0,{"device":"sda1"},2025-09-27 10:25:33.834
sectors_read,disk,12732416.0,{"device":"sda1"},2025-09-27 10:25:33.834
read_time,disk,626.0,{"device":"sda1"},2025-09-27 10:25:33.834
write_completed,disk,0.0,{"device":"sda1"},2025-09-27 10:25:33.834
write_merged,disk,0.0,{"device":"sda1"},2025-09-27 10:25:33.834
sectors_written,disk,0.0,{"device":"sda1"},2025-09-27 10:25:33.834
writing_time,disk,0.0,{"device":"sda1"},2025-09-27 10:25:33.834
ios_in_progress,disk,0.0,{"device":"sda1"},2025-09-27 10:25:33.834
io_time,disk,625.0,{"device":"sda1"},2025-09-27 10:25:33.834
weighted_io_time,disk,626.0,{"device":"sda1"},2025-09-27 10:25:33.834
discard_completed,disk,0.0,{"device":"sda1"},2025-09-27 10:25:33.834
discard_merged,disk,0.0,{"device":"sda1"},2025-09-27 10:25:33.834
sectors_discarded,disk,0.0,{"device":"sda1"},2025-09-27 10:25:33.834
discarding_time,disk,0.0,{"device":"sda1"},2025-09-27 10:25:33.834
flush_completed,disk,0.0,{"device":"sda1"},2025-09-27 10:25:33.834
flushing_time,disk,0.0,{"device":"sda1"},2025-09-27 10:25:33.834
major,disk,8.0,{"device":"sda2"},2025-09-27 10:25:33.834
minor,disk,2.0,{"device":"sda2"},2025-09-27 10:25:33.834
read_completed,disk,1075.0,{"device":"sda2"},2025-09-27 10:25:33.834
read_merged,disk,246.0,{"device":"sda2"},2025-09-27 10:25:33.834
sectors_read,disk,59923456.0,{"device":"sda2"},2025-09-27 10:25:33.834
read_time,disk,2492.0,{"device":"sda2"},2025-09-27 10:25:33.834
write_completed,disk,1172.0,{"device":"sda2"},2025-09-27 10:25:33.834
write_merged,disk,267.0,{"device":"sda2"},2025-09-27 10:25:33.834
sectors_written,disk,196554752.0,{"device":"sda2"},2025-09-27 10:25:33.834
writing_time,disk,1326.0,{"device":"sda2"},2025-09-27 10:25:33.834
ios_in_progress,disk,0.0,{"device":"sda2"},2025-09-27 10:25:33.834
io_time,disk,2556.0,{"device":"sda2"},2025-09-27 10:25:33.834
weighted_io_time,disk,3819.0,{"device":"sda2"},2025-09-27 10:25:33.834
discard_completed,disk,0.0,{"device":"sda2"},2025-09-27 10:25:33.834
discard_merged,disk,0.0,{"device":"sda2"},2025-09-27 10:25:33.834
sectors_discarded,disk,0.0,{"device":"sda2"},2025-09-27 10:25:33.834
discarding_time,disk,0.0,{"device":"sda2"},2025-09-27 10:25:33.834
flush_completed,disk,0.0,{"device":"sda2"},2025-09-27 10:25:33.834
flushing_time,disk,0.0,{"device":"sda2"},2025-09-27 10:25:33.834
major,disk,8.0,{"device":"sda3"},2025-09-27 10:25:33.834
minor,disk,3.0,{"device":"sda3"},2025-09-27 10:25:33.834
read_completed,disk,11563868.0,{"device":"sda3"},2025-09-27 10:25:33.834
read_merged,disk,724904.0,{"device":"sda3"},2025-09-27 10:25:33.834
sectors_read,disk,404097174528.0,{"device":"sda3"},2025-09-27 10:25:33.834
read_time,disk,539967055.0,{"device":"sda3"},2025-09-27 10:25:33.834
write_completed,disk,27208741.0,{"device":"sda3"},2025-09-27 10:25:33.834
write_merged,disk,9145309.0,{"device":"sda3"},2025-09-27 10:25:33.834
sectors_written,disk,865105027072.0,{"device":"sda3"},2025-09-27 10:25:33.834
writing_time,disk,233932254.00000003,{"device":"sda3"},2025-09-27 10:25:33.834
ios_in_progress,disk,0.0,{"device":"sda3"},2025-09-27 10:25:33.834
io_time,disk,10838764.000000002,{"device":"sda3"},2025-09-27 10:25:33.834
weighted_io_time,disk,773899309.0,{"device":"sda3"},2025-09-27 10:25:33.834
discard_completed,disk,0.0,{"device":"sda3"},2025-09-27 10:25:33.834
discard_merged,disk,0.0,{"device":"sda3"},2025-09-27 10:25:33.834
sectors_discarded,disk,0.0,{"device":"sda3"},2025-09-27 10:25:33.834
discarding_time,disk,0.0,{"device":"sda3"},2025-09-27 10:25:33.834
flush_completed,disk,0.0,{"device":"sda3"},2025-09-27 10:25:33.834
flushing_time,disk,0.0,{"device":"sda3"},2025-09-27 10:25:33.834
major,disk,11.0,{"device":"sr0"},2025-09-27 10:25:33.834
minor,disk,0.0,{"device":"sr0"},2025-09-27 10:25:33.834
read_completed,disk,0.0,{"device":"sr0"},2025-09-27 10:25:33.834
read_merged,disk,0.0,{"device":"sr0"},2025-09-27 10:25:33.834
sectors_read,disk,0.0,{"device":"sr0"},2025-09-27 10:25:33.834
read_time,disk,0.0,{"device":"sr0"},2025-09-27 10:25:33.834
write_completed,disk,0.0,{"device":"sr0"},2025-09-27 10:25:33.834
write_merged,disk,0.0,{"device":"sr0"},2025-09-27 10:25:33.834
sectors_written,disk,0.0,{"device":"sr0"},2025-09-27 10:25:33.834
writing_time,disk,0.0,{"device":"sr0"},2025-09-27 10:25:33.834
ios_in_progress,disk,0.0,{"device":"sr0"},2025-09-27 10:25:33.834
io_time,disk,0.0,{"device":"sr0"},2025-09-27 10:25:33.834
weighted_io_time,disk,0.0,{"device":"sr0"},2025-09-27 10:25:33.834
discard_completed,disk,0.0,{"device":"sr0"},2025-09-27 10:25:33.834
discard_merged,disk,0.0,{"device":"sr0"},2025-09-27 10:25:33.834
sectors_discarded,disk,0.0,{"device":"sr0"},2025-09-27 10:25:33.834
discarding_time,disk,0.0,{"device":"sr0"},2025-09-27 10:25:33.834
flush_completed,disk,0.0,{"device":"sr0"},2025-09-27 10:25:33.834
flushing_time,disk,0.0,{"device":"sr0"},2025-09-27 10:25:33.834
major,disk,8.0,{"device":"sdd"},2025-09-27 10:25:33.834
minor,disk,48.0,{"device":"sdd"},2025-09-27 10:25:33.834
read_completed,disk,0.0,{"device":"sdd"},2025-09-27 10:25:33.834
read_merged,disk,0.0,{"device":"sdd"},2025-09-27 10:25:33.834
sectors_read,disk,0.0,{"device":"sdd"},2025-09-27 10:25:33.834
read_time,disk,0.0,{"device":"sdd"},2025-09-27 10:25:33.834
write_completed,disk,0.0,{"device":"sdd"},2025-09-27 10:25:33.834
write_merged,disk,0.0,{"device":"sdd"},2025-09-27 10:25:33.834
sectors_written,disk,0.0,{"device":"sdd"},2025-09-27 10:25:33.834
writing_time,disk,0.0,{"device":"sdd"},2025-09-27 10:25:33.834
ios_in_progress,disk,0.0,{"device":"sdd"},2025-09-27 10:25:33.834
io_time,disk,0.0,{"device":"sdd"},2025-09-27 10:25:33.834
weighted_io_time,disk,0.0,{"device":"sdd"},2025-09-27 10:25:33.834
discard_completed,disk,0.0,{"device":"sdd"},2025-09-27 10:25:33.834
discard_merged,disk,0.0,{"device":"sdd"},2025-09-27 10:25:33.834
sectors_discarded,disk,0.0,{"device":"sdd"},2025-09-27 10:25:33.834
discarding_time,disk,0.0,{"device":"sdd"},2025-09-27 10:25:33.834
flush_completed,disk,0.0,{"device":"sdd"},2025-09-27 10:25:33.834
flushing_time,disk,0.0,{"device":"sdd"},2025-09-27 10:25:33.834
major,disk,11.0,{"device":"sr1"},2025-09-27 10:25:33.834
minor,disk,1.0,{"device":"sr1"},2025-09-27 10:25:33.834
read_completed,disk,0.0,{"device":"sr1"},2025-09-27 10:25:33.834
read_merged,disk,0.0,{"device":"sr1"},2025-09-27 10:25:33.834
sectors_read,disk,0.0,{"device":"sr1"},2025-09-27 10:25:33.834
read_time,disk,0.0,{"device":"sr1"},2025-09-27 10:25:33.834
write_completed,disk,0.0,{"device":"sr1"},2025-09-27 10:25:33.834
write_merged,disk,0.0,{"device":"sr1"},2025-09-27 10:25:33.834
sectors_written,disk,0.0,{"device":"sr1"},2025-09-27 10:25:33.834
writing_time,disk,0.0,{"device":"sr1"},2025-09-27 10:25:33.834
ios_in_progress,disk,0.0,{"device":"sr1"},2025-09-27 10:25:33.834
io_time,disk,0.0,{"device":"sr1"},2025-09-27 10:25:33.834
weighted_io_time,disk,0.0,{"device":"sr1"},2025-09-27 10:25:33.834
discard_completed,disk,0.0,{"device":"sr1"},2025-09-27 10:25:33.834
discard_merged,disk,0.0,{"device":"sr1"},2025-09-27 10:25:33.834
sectors_discarded,disk,0.0,{"device":"sr1"},2025-09-27 10:25:33.834
discarding_time,disk,0.0,{"device":"sr1"},2025-09-27 10:25:33.834
flush_completed,disk,0.0,{"device":"sr1"},2025-09-27 10:25:33.834
flushing_time,disk,0.0,{"device":"sr1"},2025-09-27 10:25:33.834
major,disk,252.0,{"device":"dm-0"},2025-09-27 10:25:33.834
minor,disk,0.0,{"device":"dm-0"},2025-09-27 10:25:33.834
read_completed,disk,12287631.0,{"device":"dm-0"},2025-09-27 10:25:33.834
read_merged,disk,0.0,{"device":"dm-0"},2025-09-27 10:25:33.834
sectors_read,disk,403921998848.0,{"device":"dm-0"},2025-09-27 10:25:33.834
read_time,disk,570926062.0,{"device":"dm-0"},2025-09-27 10:25:33.834
write_completed,disk,34194187.0,{"device":"dm-0"},2025-09-27 10:25:33.834
write_merged,disk,0.0,{"device":"dm-0"},2025-09-27 10:25:33.834
sectors_written,disk,865105027072.0,{"device":"dm-0"},2025-09-27 10:25:33.834
writing_time,disk,167833848.0,{"device":"dm-0"},2025-09-27 10:25:33.834
ios_in_progress,disk,0.0,{"device":"dm-0"},2025-09-27 10:25:33.834
io_time,disk,25079406.0,{"device":"dm-0"},2025-09-27 10:25:33.834
weighted_io_time,disk,738759910.0,{"device":"dm-0"},2025-09-27 10:25:33.834
discard_completed,disk,0.0,{"device":"dm-0"},2025-09-27 10:25:33.834
discard_merged,disk,0.0,{"device":"dm-0"},2025-09-27 10:25:33.834
sectors_discarded,disk,0.0,{"device":"dm-0"},2025-09-27 10:25:33.834
discarding_time,disk,0.0,{"device":"dm-0"},2025-09-27 10:25:33.834
flush_completed,disk,0.0,{"device":"dm-0"},2025-09-27 10:25:33.834
flushing_time,disk,0.0,{"device":"dm-0"},2025-09-27 10:25:33.834
user_usage,cpu,25507.17,{"cpu":"0"},2025-09-27 10:25:34.830
nice_usage,cpu,61.1,{"cpu":"0"},2025-09-27 10:25:34.831
system_usage,cpu,12766.85,{"cpu":"0"},2025-09-27 10:25:34.831
idle_usage,cpu,894251.57,{"cpu":"0"},2025-09-27 10:25:34.831
iowait_usage,cpu,3790.78,{"cpu":"0"},2025-09-27 10:25:34.831
irq_usage,cpu,0.0,{"cpu":"0"},2025-09-27 10:25:34.831
softirq_usage,cpu,1946.22,{"cpu":"0"},2025-09-27 10:25:34.831
steal_usage,cpu,0.0,{"cpu":"0"},2025-09-27 10:25:34.831
guest_usage,cpu,0.0,{"cpu":"0"},2025-09-27 10:25:34.831
guest_nice_usage,cpu,0.0,{"cpu":"0"},2025-09-27 10:25:34.831
user_usage,cpu,25104.67,{"cpu":"1"},2025-09-27 10:25:34.831
nice_usage,cpu,260.41,{"cpu":"1"},2025-09-27 10:25:34.831
system_usage,cpu,10930.06,{"cpu":"1"},2025-09-27 10:25:34.831
idle_usage,cpu,898868.19,{"cpu":"1"},2025-09-27 10:25:34.831
iowait_usage,cpu,3760.56,{"cpu":"1"},2025-09-27 10:25:34.831
irq_usage,cpu,0.0,{"cpu":"1"},2025-09-27 10:25:34.831
softirq_usage,cpu,1427.07,{"cpu":"1"},2025-09-27 10:25:34.831
steal_usage,cpu,0.0,{"cpu":"1"},2025-09-27 10:25:34.831
guest_usage,cpu,0.0,{"cpu":"1"},2025-09-27 10:25:34.831
guest_nice_usage,cpu,0.0,{"cpu":"1"},2025-09-27 10:25:34.831
user_usage,cpu,22684.36,{"cpu":"2"},2025-09-27 10:25:34.831
nice_usage,cpu,5.95,{"cpu":"2"},2025-09-27 10:25:34.831
system_usage,cpu,11875.25,{"cpu":"2"},2025-09-27 10:25:34.831
idle_usage,cpu,899959.75,{"cpu":"2"},2025-09-27 10:25:34.831
iowait_usage,cpu,3944.63,{"cpu":"2"},2025-09-27 10:25:34.831
irq_usage,cpu,0.0,{"cpu":"2"},2025-09-27 10:25:34.831
softirq_usage,cpu,1877.95,{"cpu":"2"},2025-09-27 10:25:34.831
steal_usage,cpu,0.0,{"cpu":"2"},2025-09-27 10:25:34.831
guest_usage,cpu,0.0,{"cpu":"2"},2025-09-27 10:25:34.831
guest_nice_usage,cpu,0.0,{"cpu":"2"},2025-09-27 10:25:34.831
user_usage,cpu,21542.2,{"cpu":"3"},2025-09-27 10:25:34.831
nice_usage,cpu,49.0,{"cpu":"3"},2025-09-27 10:25:34.831
system_usage,cpu,10338.24,{"cpu":"3"},2025-09-27 10:25:34.831
idle_usage,cpu,903906.62,{"cpu":"3"},2025-09-27 10:25:34.831
iowait_usage,cpu,3794.98,{"cpu":"3"},2025-09-27 10:25:34.831
irq_usage,cpu,0.0,{"cpu":"3"},2025-09-27 10:25:34.831
softirq_usage,cpu,1445.28,{"cpu":"3"},2025-09-27 10:25:34.831
steal_usage,cpu,0.0,{"cpu":"3"},2025-09-27 10:25:34.831
guest_usage,cpu,0.0,{"cpu":"3"},2025-09-27 10:25:34.831
guest_nice_usage,cpu,0.0,{"cpu":"3"},2025-09-27 10:25:34.831
user_usage,cpu,21794.19,{"cpu":"4"},2025-09-27 10:25:34.831
nice_usage,cpu,9.69,{"cpu":"4"},2025-09-27 10:25:34.831
system_usage,cpu,11340.28,{"cpu":"4"},2025-09-27 10:25:34.831
idle_usage,cpu,901705.04,{"cpu":"4"},2025-09-27 10:25:34.831
iowait_usage,cpu,3938.78,{"cpu":"4"},2025-09-27 10:25:34.831
irq_usage,cpu,0.0,{"cpu":"4"},2025-09-27 10:25:34.831
softirq_usage,cpu,1881.26,{"cpu":"4"},2025-09-27 10:25:34.831
steal_usage,cpu,0.0,{"cpu":"4"},2025-09-27 10:25:34.831
guest_usage,cpu,0.0,{"cpu":"4"},2025-09-27 10:25:34.831
guest_nice_usage,cpu,0.0,{"cpu":"4"},2025-09-27 10:25:34.831
user_usage,cpu,20775.36,{"cpu":"5"},2025-09-27 10:25:34.831
nice_usage,cpu,71.06,{"cpu":"5"},2025-09-27 10:25:34.831
system_usage,cpu,10170.03,{"cpu":"5"},2025-09-27 10:25:34.831
idle_usage,cpu,904852.36,{"cpu":"5"},2025-09-27 10:25:34.831
iowait_usage,cpu,3846.65,{"cpu":"5"},2025-09-27 10:25:34.831
irq_usage,cpu,0.0,{"cpu":"5"},2025-09-27 10:25:34.831
softirq_usage,cpu,1439.31,{"cpu":"5"},2025-09-27 10:25:34.831
steal_usage,cpu,0.0,{"cpu":"5"},2025-09-27 10:25:34.831
guest_usage,cpu,0.0,{"cpu":"5"},2025-09-27 10:25:34.831
guest_nice_usage,cpu,0.0,{"cpu":"5"},2025-09-27 10:25:34.831
user_usage,cpu,21371.06,{"cpu":"6"},2025-09-27 10:25:34.831
nice_usage,cpu,85.22,{"cpu":"6"},2025-09-27 10:25:34.831
system_usage,cpu,11165.53,{"cpu":"6"},2025-09-27 10:25:34.831
idle_usage,cpu,902257.05,{"cpu":"6"},2025-09-27 10:25:34.831
iowait_usage,cpu,3993.41,{"cpu":"6"},2025-09-27 10:25:34.831
irq_usage,cpu,0.0,{"cpu":"6"},2025-09-27 10:25:34.831
softirq_usage,cpu,1872.79,{"cpu":"6"},2025-09-27 10:25:34.831
steal_usage,cpu,0.0,{"cpu":"6"},2025-09-27 10:25:34.831
guest_usage,cpu,0.0,{"cpu":"6"},2025-09-27 10:25:34.831
guest_nice_usage,cpu,0.0,{"cpu":"6"},2025-09-27 10:25:34.831
user_usage,cpu,20296.59,{"cpu":"7"},2025-09-27 10:25:34.831
nice_usage,cpu,61.12,{"cpu":"7"},2025-09-27 10:25:34.831
system_usage,cpu,10007.7,{"cpu":"7"},2025-09-27 10:25:34.831
idle_usage,cpu,905447.62,{"cpu":"7"},2025-09-27 10:25:34.831
iowait_usage,cpu,3960.68,{"cpu":"7"},2025-09-27 10:25:34.831
irq_usage,cpu,0.0,{"cpu":"7"},2025-09-27 10:25:34.831
softirq_usage,cpu,1433.66,{"cpu":"7"},2025-09-27 10:25:34.831
steal_usage,cpu,0.0,{"cpu":"7"},2025-09-27 10:25:34.831
guest_usage,cpu,0.0,{"cpu":"7"},2025-09-27 10:25:34.831
guest_nice_usage,cpu,0.0,{"cpu":"7"},2025-09-27 10:25:34.831
user_usage,cpu,21004.71,{"cpu":"8"},2025-09-27 10:25:34.831
nice_usage,cpu,1.83,{"cpu":"8"},2025-09-27 10:25:34.831
system_usage,cpu,11006.81,{"cpu":"8"},2025-09-27 10:25:34.831
idle_usage,cpu,902769.33,{"cpu":"8"},2025-09-27 10:25:34.831
iowait_usage,cpu,4039.38,{"cpu":"8"},2025-09-27 10:25:34.831
irq_usage,cpu,0.0,{"cpu":"8"},2025-09-27 10:25:34.831
softirq_usage,cpu,1833.7,{"cpu":"8"},2025-09-27 10:25:34.831
steal_usage,cpu,0.0,{"cpu":"8"},2025-09-27 10:25:34.831
guest_usage,cpu,0.0,{"cpu":"8"},2025-09-27 10:25:34.831
guest_nice_usage,cpu,0.0,{"cpu":"8"},2025-09-27 10:25:34.831
user_usage,cpu,19864.66,{"cpu":"9"},2025-09-27 10:25:34.831
nice_usage,cpu,74.79,{"cpu":"9"},2025-09-27 10:25:34.831
system_usage,cpu,9896.66,{"cpu":"9"},2025-09-27 10:25:34.831
idle_usage,cpu,906059.24,{"cpu":"9"},2025-09-27 10:25:34.831
iowait_usage,cpu,3912.64,{"cpu":"9"},2025-09-27 10:25:34.831
irq_usage,cpu,0.0,{"cpu":"9"},2025-09-27 10:25:34.831
softirq_usage,cpu,1436.38,{"cpu":"9"},2025-09-27 10:25:34.831
steal_usage,cpu,0.0,{"cpu":"9"},2025-09-27 10:25:34.831
guest_usage,cpu,0.0,{"cpu":"9"},2025-09-27 10:25:34.831
guest_nice_usage,cpu,0.0,{"cpu":"9"},2025-09-27 10:25:34.831
user_usage,cpu,20777.47,{"cpu":"10"},2025-09-27 10:25:34.831
nice_usage,cpu,4.1,{"cpu":"10"},2025-09-27 10:25:34.831
system_usage,cpu,10941.0,{"cpu":"10"},2025-09-27 10:25:34.831
idle_usage,cpu,903294.92,{"cpu":"10"},2025-09-27 10:25:34.831
iowait_usage,cpu,3946.46,{"cpu":"10"},2025-09-27 10:25:34.831
irq_usage,cpu,0.0,{"cpu":"10"},2025-09-27 10:25:34.831
softirq_usage,cpu,1848.79,{"cpu":"10"},2025-09-27 10:25:34.831
steal_usage,cpu,0.0,{"cpu":"10"},2025-09-27 10:25:34.831
guest_usage,cpu,0.0,{"cpu":"10"},2025-09-27 10:25:34.831
guest_nice_usage,cpu,0.0,{"cpu":"10"},2025-09-27 10:25:34.831
user_usage,cpu,19526.0,{"cpu":"11"},2025-09-27 10:25:34.831
nice_usage,cpu,38.23,{"cpu":"11"},2025-09-27 10:25:34.831
system_usage,cpu,9696.73,{"cpu":"11"},2025-09-27 10:25:34.831
idle_usage,cpu,906619.37,{"cpu":"11"},2025-09-27 10:25:34.831
iowait_usage,cpu,3966.35,{"cpu":"11"},2025-09-27 10:25:34.831
irq_usage,cpu,0.0,{"cpu":"11"},2025-09-27 10:25:34.831
softirq_usage,cpu,1431.15,{"cpu":"11"},2025-09-27 10:25:34.831
steal_usage,cpu,0.0,{"cpu":"11"},2025-09-27 10:25:34.831
guest_usage,cpu,0.0,{"cpu":"11"},2025-09-27 10:25:34.831
guest_nice_usage,cpu,0.0,{"cpu":"11"},2025-09-27 10:25:34.831
user_usage,cpu,20648.95,{"cpu":"12"},2025-09-27 10:25:34.831
nice_usage,cpu,19.49,{"cpu":"12"},2025-09-27 10:25:34.831
system_usage,cpu,10476.33,{"cpu":"12"},2025-09-27 10:25:34.831
idle_usage,cpu,902136.74,{"cpu":"12"},2025-09-27 10:25:34.831
iowait_usage,cpu,3895.7,{"cpu":"12"},2025-09-27 10:25:34.831
irq_usage,cpu,0.0,{"cpu":"12"},2025-09-27 10:25:34.831
softirq_usage,cpu,3295.45,{"cpu":"12"},2025-09-27 10:25:34.831
steal_usage,cpu,0.0,{"cpu":"12"},2025-09-27 10:25:34.831
guest_usage,cpu,0.0,{"cpu":"12"},2025-09-27 10:25:34.831
guest_nice_usage,cpu,0.0,{"cpu":"12"},2025-09-27 10:25:34.831
user_usage,cpu,19720.54,{"cpu":"13"},2025-09-27 10:25:34.831
nice_usage,cpu,76.43,{"cpu":"13"},2025-09-27 10:25:34.831
system_usage,cpu,9616.13,{"cpu":"13"},2025-09-27 10:25:34.831
idle_usage,cpu,906680.27,{"cpu":"13"},2025-09-27 10:25:34.831
iowait_usage,cpu,3810.66,{"cpu":"13"},2025-09-27 10:25:34.831
irq_usage,cpu,0.0,{"cpu":"13"},2025-09-27 10:25:34.831
softirq_usage,cpu,1414.11,{"cpu":"13"},2025-09-27 10:25:34.831
steal_usage,cpu,0.0,{"cpu":"13"},2025-09-27 10:25:34.831
guest_usage,cpu,0.0,{"cpu":"13"},2025-09-27 10:25:34.831
guest_nice_usage,cpu,0.0,{"cpu":"13"},2025-09-27 10:25:34.831
user_usage,cpu,18277.12,{"cpu":"14"},2025-09-27 10:25:34.831
nice_usage,cpu,1.85,{"cpu":"14"},2025-09-27 10:25:34.831
system_usage,cpu,9557.33,{"cpu":"14"},2025-09-27 10:25:34.831
idle_usage,cpu,899575.18,{"cpu":"14"},2025-09-27 10:25:34.831
iowait_usage,cpu,3898.24,{"cpu":"14"},2025-09-27 10:25:34.831
irq_usage,cpu,0.0,{"cpu":"14"},2025-09-27 10:25:34.831
softirq_usage,cpu,9860.58,{"cpu":"14"},2025-09-27 10:25:34.831
steal_usage,cpu,0.0,{"cpu":"14"},2025-09-27 10:25:34.831
guest_usage,cpu,0.0,{"cpu":"14"},2025-09-27 10:25:34.831
guest_nice_usage,cpu,0.0,{"cpu":"14"},2025-09-27 10:25:34.831
user_usage,cpu,18967.54,{"cpu":"15"},2025-09-27 10:25:34.831
nice_usage,cpu,13.95,{"cpu":"15"},2025-09-27 10:25:34.831
system_usage,cpu,9681.14,{"cpu":"15"},2025-09-27 10:25:34.831
idle_usage,cpu,907384.91,{"cpu":"15"},2025-09-27 10:25:34.831
iowait_usage,cpu,3787.11,{"cpu":"15"},2025-09-27 10:25:34.831
irq_usage,cpu,0.0,{"cpu":"15"},2025-09-27 10:25:34.831
softirq_usage,cpu,1432.75,{"cpu":"15"},2025-09-27 10:25:34.831
steal_usage,cpu,0.0,{"cpu":"15"},2025-09-27 10:25:34.831
guest_usage,cpu,0.0,{"cpu":"15"},2025-09-27 10:25:34.831
guest_nice_usage,cpu,0.0,{"cpu":"15"},2025-09-27 10:25:34.831
user_usage,cpu,20263.52,{"cpu":"16"},2025-09-27 10:25:34.831
nice_usage,cpu,11.32,{"cpu":"16"},2025-09-27 10:25:34.831
system_usage,cpu,10768.78,{"cpu":"16"},2025-09-27 10:25:34.831
idle_usage,cpu,903641.0,{"cpu":"16"},2025-09-27 10:25:34.831
iowait_usage,cpu,3979.58,{"cpu":"16"},2025-09-27 10:25:34.831
irq_usage,cpu,0.0,{"cpu":"16"},2025-09-27 10:25:34.831
softirq_usage,cpu,1966.04,{"cpu":"16"},2025-09-27 10:25:34.831
steal_usage,cpu,0.0,{"cpu":"16"},2025-09-27 10:25:34.831
guest_usage,cpu,0.0,{"cpu":"16"},2025-09-27 10:25:34.831
guest_nice_usage,cpu,0.0,{"cpu":"16"},2025-09-27 10:25:34.831
user_usage,cpu,18863.44,{"cpu":"17"},2025-09-27 10:25:34.831
nice_usage,cpu,75.57,{"cpu":"17"},2025-09-27 10:25:34.831
system_usage,cpu,9684.81,{"cpu":"17"},2025-09-27 10:25:34.831
idle_usage,cpu,907453.88,{"cpu":"17"},2025-09-27 10:25:34.831
iowait_usage,cpu,3793.21,{"cpu":"17"},2025-09-27 10:25:34.831
irq_usage,cpu,0.0,{"cpu":"17"},2025-09-27 10:25:34.831
softirq_usage,cpu,1434.4,{"cpu":"17"},2025-09-27 10:25:34.831
steal_usage,cpu,0.0,{"cpu":"17"},2025-09-27 10:25:34.831
guest_usage,cpu,0.0,{"cpu":"17"},2025-09-27 10:25:34.831
guest_nice_usage,cpu,0.0,{"cpu":"17"},2025-09-27 10:25:34.831
user_usage,cpu,20224.48,{"cpu":"18"},2025-09-27 10:25:34.831
nice_usage,cpu,51.52,{"cpu":"18"},2025-09-27 10:25:34.831
system_usage,cpu,10779.49,{"cpu":"18"},2025-09-27 10:25:34.831
idle_usage,cpu,903750.19,{"cpu":"18"},2025-09-27 10:25:34.831
iowait_usage,cpu,3944.99,{"cpu":"18"},2025-09-27 10:25:34.831
irq_usage,cpu,0.0,{"cpu":"18"},2025-09-27 10:25:34.831
softirq_usage,cpu,1943.57,{"cpu":"18"},2025-09-27 10:25:34.831
steal_usage,cpu,0.0,{"cpu":"18"},2025-09-27 10:25:34.831
guest_usage,cpu,0.0,{"cpu":"18"},2025-09-27 10:25:34.831
guest_nice_usage,cpu,0.0,{"cpu":"18"},2025-09-27 10:25:34.831
user_usage,cpu,18653.94,{"cpu":"19"},2025-09-27 10:25:34.831
nice_usage,cpu,26.94,{"cpu":"19"},2025-09-27 10:25:34.831
system_usage,cpu,9596.14,{"cpu":"19"},2025-09-27 10:25:34.831
idle_usage,cpu,907713.44,{"cpu":"19"},2025-09-27 10:25:34.831
iowait_usage,cpu,3918.04,{"cpu":"19"},2025-09-27 10:25:34.831
irq_usage,cpu,0.0,{"cpu":"19"},2025-09-27 10:25:34.831
softirq_usage,cpu,1434.78,{"cpu":"19"},2025-09-27 10:25:34.831
steal_usage,cpu,0.0,{"cpu":"19"},2025-09-27 10:25:34.831
guest_usage,cpu,0.0,{"cpu":"19"},2025-09-27 10:25:34.831
guest_nice_usage,cpu,0.0,{"cpu":"19"},2025-09-27 10:25:34.831
user_usage,cpu,15486.92,{"cpu":"20"},2025-09-27 10:25:34.831
nice_usage,cpu,2.01,{"cpu":"20"},2025-09-27 10:25:34.831
system_usage,cpu,7998.14,{"cpu":"20"},2025-09-27 10:25:34.831
idle_usage,cpu,897303.74,{"cpu":"20"},2025-09-27 10:25:34.831
iowait_usage,cpu,4044.33,{"cpu":"20"},2025-09-27 10:25:34.831
irq_usage,cpu,0.0,{"cpu":"20"},2025-09-27 10:25:34.831
softirq_usage,cpu,16875.4,{"cpu":"20"},2025-09-27 10:25:34.831
steal_usage,cpu,0.0,{"cpu":"20"},2025-09-27 10:25:34.831
guest_usage,cpu,0.0,{"cpu":"20"},2025-09-27 10:25:34.831
guest_nice_usage,cpu,0.0,{"cpu":"20"},2025-09-27 10:25:34.831
user_usage,cpu,18791.27,{"cpu":"21"},2025-09-27 10:25:34.831
nice_usage,cpu,42.34,{"cpu":"21"},2025-09-27 10:25:34.831
system_usage,cpu,9521.66,{"cpu":"21"},2025-09-27 10:25:34.831
idle_usage,cpu,907685.34,{"cpu":"21"},2025-09-27 10:25:34.831
iowait_usage,cpu,3890.53,{"cpu":"21"},2025-09-27 10:25:34.831
irq_usage,cpu,0.0,{"cpu":"21"},2025-09-27 10:25:34.831
softirq_usage,cpu,1434.25,{"cpu":"21"},2025-09-27 10:25:34.831
steal_usage,cpu,0.0,{"cpu":"21"},2025-09-27 10:25:34.831
guest_usage,cpu,0.0,{"cpu":"21"},2025-09-27 10:25:34.831
guest_nice_usage,cpu,0.0,{"cpu":"21"},2025-09-27 10:25:34.831
user_usage,cpu,20369.56,{"cpu":"22"},2025-09-27 10:25:34.831
nice_usage,cpu,1.27,{"cpu":"22"},2025-09-27 10:25:34.831
system_usage,cpu,10944.29,{"cpu":"22"},2025-09-27 10:25:34.831
idle_usage,cpu,903652.42,{"cpu":"22"},2025-09-27 10:25:34.831
iowait_usage,cpu,3912.42,{"cpu":"22"},2025-09-27 10:25:34.831
irq_usage,cpu,0.0,{"cpu":"22"},2025-09-27 10:25:34.831
softirq_usage,cpu,1965.43,{"cpu":"22"},2025-09-27 10:25:34.831
steal_usage,cpu,0.0,{"cpu":"22"},2025-09-27 10:25:34.831
guest_usage,cpu,0.0,{"cpu":"22"},2025-09-27 10:25:34.831
guest_nice_usage,cpu,0.0,{"cpu":"22"},2025-09-27 10:25:34.831
user_usage,cpu,18767.58,{"cpu":"23"},2025-09-27 10:25:34.831
nice_usage,cpu,15.67,{"cpu":"23"},2025-09-27 10:25:34.831
system_usage,cpu,9500.39,{"cpu":"23"},2025-09-27 10:25:34.831
idle_usage,cpu,907598.84,{"cpu":"23"},2025-09-27 10:25:34.831
iowait_usage,cpu,3988.79,{"cpu":"23"},2025-09-27 10:25:34.831
irq_usage,cpu,0.0,{"cpu":"23"},2025-09-27 10:25:34.831
softirq_usage,cpu,1434.25,{"cpu":"23"},2025-09-27 10:25:34.831
steal_usage,cpu,0.0,{"cpu":"23"},2025-09-27 10:25:34.831
guest_usage,cpu,0.0,{"cpu":"23"},2025-09-27 10:25:34.831
guest_nice_usage,cpu,0.0,{"cpu":"23"},2025-09-27 10:25:34.831
context_switches,cpu,14984764248.0,,2025-09-27 10:25:34.831
boot_time,cpu,1758024813.0,,2025-09-27 10:25:34.831
processes,cpu,12180010.0,,2025-09-27 10:25:34.831
procs_running,cpu,1.0,,2025-09-27 10:25:34.831
procs_blocked,cpu,0.0,,2025-09-27 10:25:34.831
MemTotal,memory,65841220.0,,2025-09-27 10:25:34.831
MemFree,memory,4789140.0,,2025-09-27 10:25:34.831
MemAvailable,memory,18184384.0,,2025-09-27 10:25:34.831
Buffers,memory,374736.0,,2025-09-27 10:25:34.831
Cached,memory,11835812.0,,2025-09-27 10:25:34.831
SwapCached,memory,0.0,,2025-09-27 10:25:34.831
Active,memory,50025928.0,,2025-09-27 10:25:34.831
Inactive,memory,6503364.0,,2025-09-27 10:25:34.831
Active(anon),memory,43926004.0,,2025-09-27 10:25:34.831
Inactive(anon),memory,413772.0,,2025-09-27 10:25:34.831
Active(file),memory,6099924.0,,2025-09-27 10:25:34.831
Inactive(file),memory,6089592.0,,2025-09-27 10:25:34.831
SwapTotal,memory,0.0,,2025-09-27 10:25:34.831
SwapFree,memory,0.0,,2025-09-27 10:25:34.831
Dirty,memory,34076.0,,2025-09-27 10:25:34.831
Writeback,memory,0.0,,2025-09-27 10:25:34.831
AnonPages,memory,44366732.0,,2025-09-27 10:25:34.831
Mapped,memory,647676.0,,2025-09-27 10:25:34.831
Shmem,memory,5760.0,,2025-09-27 10:25:34.831
KReclaimable,memory,2209044.0,,2025-09-27 10:25:34.831
Slab,memory,2886708.0,,2025-09-27 10:25:34.831
SReclaimable,memory,2209044.0,,2025-09-27 10:25:34.831
Sunreclaim,memory,677664.0,,2025-09-27 10:25:34.831
KernelStack,memory,20000.0,,2025-09-27 10:25:34.831
PageTables,memory,202828.0,,2025-09-27 10:25:34.831
NFS_Unstable,memory,0.0,,2025-09-27 10:25:34.831
Bounce,memory,0.0,,2025-09-27 10:25:34.831
WritebackTmp,memory,0.0,,2025-09-27 10:25:34.831
CommitLimit,memory,32920608.0,,2025-09-27 10:25:34.831
Committed_AS,memory,46425820.0,,2025-09-27 10:25:34.831
VmallocTotal,memory,34359738367.0,,2025-09-27 10:25:34.831
VmallocUsed,memory,170200.0,,2025-09-27 10:25:34.831
VmallocChunk,memory,0.0,,2025-09-27 10:25:34.831
nr_free_pages,memory,1197285.0,,2025-09-27 10:25:34.832
nr_inactive_anon,memory,103443.0,,2025-09-27 10:25:34.832
nr_active_anon,memory,10981501.0,,2025-09-27 10:25:34.832
nr_inactive_file,memory,1522398.0,,2025-09-27 10:25:34.832
nr_active_file,memory,1524981.0,,2025-09-27 10:25:34.832
nr_unevictable,memory,11999.0,,2025-09-27 10:25:34.832
nr_mlock,memory,11231.0,,2025-09-27 10:25:34.832
nr_anon_pages,memory,11091683.0,,2025-09-27 10:25:34.832
nr_mapped,memory,161919.0,,2025-09-27 10:25:34.832
nr_file_pages,memory,3052637.0,,2025-09-27 10:25:34.832
nr_dirty,memory,8519.0,,2025-09-27 10:25:34.832
nr_writeback,memory,0.0,,2025-09-27 10:25:34.832
nr_slab_reclaimable,memory,552261.0,,2025-09-27 10:25:34.832
nr_slab_unreclaimable,memory,169416.0,,2025-09-27 10:25:34.832
nr_page_table_pages,memory,50707.0,,2025-09-27 10:25:34.832
nr_kernel_stack,memory,20092.0,,2025-09-27 10:25:34.832
nr_unstable,memory,0.0,,2025-09-27 10:25:34.832
nr_bounce,memory,0.0,,2025-09-27 10:25:34.832
nr_vmscan_write,memory,0.0,,2025-09-27 10:25:34.832
nr_vmscan_immediate_reclaim,memory,1.0,,2025-09-27 10:25:34.832
nr_writeback_temp,memory,0.0,,2025-09-27 10:25:34.832
nr_isolated_anon,memory,0.0,,2025-09-27 10:25:34.832
nr_isolated_file,memory,0.0,,2025-09-27 10:25:34.832
nr_shmem,memory,1440.0,,2025-09-27 10:25:34.832
nr_dirtied,memory,212242167.0,,2025-09-27 10:25:34.832
nr_written,memory,203955798.0,,2025-09-27 10:25:34.832
numa_hit,memory,5590880813.0,,2025-09-27 10:25:34.832
numa_miss,memory,166798689.0,,2025-09-27 10:25:34.832
numa_foreign,memory,166798689.0,,2025-09-27 10:25:34.832
numa_interleave,memory,389.0,,2025-09-27 10:25:34.832
numa_local,memory,5589307449.0,,2025-09-27 10:25:34.832
numa_other,memory,166863049.0,,2025-09-27 10:25:34.832
workingset_nodereclaim,memory,644348.0,,2025-09-27 10:25:34.832
nr_anon_transparent_hugepages,memory,0.0,,2025-09-27 10:25:34.832
nr_free_cma,memory,0.0,,2025-09-27 10:25:34.832
nr_dirty_threshold,memory,830843.0,,2025-09-27 10:25:34.832
nr_dirty_background_threshold,memory,414914.0,,2025-09-27 10:25:34.832
pgpgin,memory,395153089.0,,2025-09-27 10:25:34.832
pgpgout,memory,845021536.0,,2025-09-27 10:25:34.832
pswpin,memory,0.0,,2025-09-27 10:25:34.832
pswpout,memory,0.0,,2025-09-27 10:25:34.832
pgalloc_dma,memory,1024.0,,2025-09-27 10:25:34.832
pgalloc_dma32,memory,27150872.0,,2025-09-27 10:25:34.832
pgalloc_normal,memory,5965525308.0,,2025-09-27 10:25:34.832
pgalloc_movable,memory,0.0,,2025-09-27 10:25:34.832
pgfree,memory,6027843719.0,,2025-09-27 10:25:34.832
pgactivate,memory,634733313.0,,2025-09-27 10:25:34.832
pgdeactivate,memory,0.0,,2025-09-27 10:25:34.832
pgfault,memory,7806514350.0,,2025-09-27 10:25:34.832
pgmajfault,memory,6396018.0,,2025-09-27 10:25:34.832
pgscan_direct_throttle,memory,70306.0,,2025-09-27 10:25:34.832
pginodesteal,memory,6.0,,2025-09-27 10:25:34.832
slabs_scanned,memory,552074652.0,,2025-09-27 10:25:34.832
kswapd_inodesteal,memory,193621.0,,2025-09-27 10:25:34.832
kswapd_low_wmark_hit_quickly,memory,3817.0,,2025-09-27 10:25:34.832
kswapd_high_wmark_hit_quickly,memory,4346647.0,,2025-09-27 10:25:34.832
pageoutrun,memory,4352576.0,,2025-09-27 10:25:34.832
pgrotated,memory,2999.0,,2025-09-27 10:25:34.832
drop_pagecache,memory,0.0,,2025-09-27 10:25:34.832
drop_slab,memory,0.0,,2025-09-27 10:25:34.832
numa_pte_updates,memory,1091468454.0,,2025-09-27 10:25:34.832
numa_huge_pte_updates,memory,338.0,,2025-09-27 10:25:34.832
numa_hint_faults,memory,931943552.0,,2025-09-27 10:25:34.832
numa_hint_faults_local,memory,599638929.0,,2025-09-27 10:25:34.832
numa_pages_migrated,memory,159175326.0,,2025-09-27 10:25:34.832
pgmigrate_success,memory,192981516.0,,2025-09-27 10:25:34.832
pgmigrate_fail,memory,513253.0,,2025-09-27 10:25:34.832
compact_migrate_scanned,memory,397361572.0,,2025-09-27 10:25:34.832
compact_free_scanned,memory,2457815245.0,,2025-09-27 10:25:34.832
compact_isolated,memory,68492704.0,,2025-09-27 10:25:34.832
compact_stall,memory,6.0,,2025-09-27 10:25:34.832
compact_fail,memory,5.0,,2025-09-27 10:25:34.832
compact_success,memory,1.0,,2025-09-27 10:25:34.832
htlb_buddy_alloc_success,memory,0.0,,2025-09-27 10:25:34.832
htlb_buddy_alloc_fail,memory,0.0,,2025-09-27 10:25:34.832
unevictable_pgs_culled,memory,66784.0,,2025-09-27 10:25:34.832
unevictable_pgs_scanned,memory,300.0,,2025-09-27 10:25:34.832
unevictable_pgs_rescued,memory,31373.0,,2025-09-27 10:25:34.832
unevictable_pgs_mlocked,memory,42304.0,,2025-09-27 10:25:34.832
unevictable_pgs_munlocked,memory,12528.0,,2025-09-27 10:25:34.832
unevictable_pgs_cleared,memory,0.0,,2025-09-27 10:25:34.832
unevictable_pgs_stranded,memory,18545.0,,2025-09-27 10:25:34.832
thp_fault_alloc,memory,0.0,,2025-09-27 10:25:34.832
thp_fault_fallback,memory,1.0,,2025-09-27 10:25:34.832
thp_collapse_alloc,memory,108.0,,2025-09-27 10:25:34.832
thp_collapse_alloc_failed,memory,0.0,,2025-09-27 10:25:34.832
thp_zero_page_alloc,memory,3.0,,2025-09-27 10:25:34.832
thp_zero_page_alloc_failed,memory,1.0,,2025-09-27 10:25:34.832
balloon_inflate,memory,0.0,,2025-09-27 10:25:34.832
balloon_deflate,memory,0.0,,2025-09-27 10:25:34.832
balloon_migrate,memory,0.0,,2025-09-27 10:25:34.832
rx_bytes,network,6944029219.0,{"interface":"lo"},2025-09-27 10:25:34.832
rx_packets,network,20028452.0,{"interface":"lo"},2025-09-27 10:25:34.832
rx_errors,network,0.0,{"interface":"lo"},2025-09-27 10:25:34.832
rx_dropped,network,2.0,{"interface":"lo"},2025-09-27 10:25:34.832
rx_fifo,network,0.0,{"interface":"lo"},2025-09-27 10:25:34.832
rx_frame,network,0.0,{"interface":"lo"},2025-09-27 10:25:34.832
rx_compressed,network,0.0,{"interface":"lo"},2025-09-27 10:25:34.832
rx_multicast,network,0.0,{"interface":"lo"},2025-09-27 10:25:34.832
tx_bytes,network,6944029219.0,{"interface":"lo"},2025-09-27 10:25:34.832
tx_packets,network,20028452.0,{"interface":"lo"},2025-09-27 10:25:34.832
tx_errors,network,0.0,{"interface":"lo"},2025-09-27 10:25:34.832
tx_dropped,network,0.0,{"interface":"lo"},2025-09-27 10:25:34.832
tx_fifo,network,0.0,{"interface":"lo"},2025-09-27 10:25:34.832
tx_colls,network,0.0,{"interface":"lo"},2025-09-27 10:25:34.832
tx_carrier,network,0.0,{"interface":"lo"},2025-09-27 10:25:34.832
tx_compressed,network,0.0,{"interface":"lo"},2025-09-27 10:25:34.832
rx_bytes,network,266049870457.0,{"interface":"eno1"},2025-09-27 10:25:34.832
rx_packets,network,958903128.0,{"interface":"eno1"},2025-09-27 10:25:34.832
rx_errors,network,0.0,{"interface":"eno1"},2025-09-27 10:25:34.832
rx_dropped,network,1233.0,{"interface":"eno1"},2025-09-27 10:25:34.832
rx_fifo,network,0.0,{"interface":"eno1"},2025-09-27 10:25:34.832
rx_frame,network,0.0,{"interface":"eno1"},2025-09-27 10:25:34.832
rx_compressed,network,0.0,{"interface":"eno1"},2025-09-27 10:25:34.832
rx_multicast,network,446294.0,{"interface":"eno1"},2025-09-27 10:25:34.832
tx_bytes,network,231717692773.0,{"interface":"eno1"},2025-09-27 10:25:34.832
tx_packets,network,955822419.0,{"interface":"eno1"},2025-09-27 10:25:34.832
tx_errors,network,0.0,{"interface":"eno1"},2025-09-27 10:25:34.832
tx_dropped,network,0.0,{"interface":"eno1"},2025-09-27 10:25:34.832
tx_fifo,network,0.0,{"interface":"eno1"},2025-09-27 10:25:34.832
tx_colls,network,0.0,{"interface":"eno1"},2025-09-27 10:25:34.832
tx_carrier,network,0.0,{"interface":"eno1"},2025-09-27 10:25:34.832
tx_compressed,network,0.0,{"interface":"eno1"},2025-09-27 10:25:34.832
rx_bytes,network,0.0,{"interface":"eno2"},2025-09-27 10:25:34.832
rx_packets,network,0.0,{"interface":"eno2"},2025-09-27 10:25:34.832
rx_errors,network,0.0,{"interface":"eno2"},2025-09-27 10:25:34.832
rx_dropped,network,0.0,{"interface":"eno2"},2025-09-27 10:25:34.832
rx_fifo,network,0.0,{"interface":"eno2"},2025-09-27 10:25:34.832
rx_frame,network,0.0,{"interface":"eno2"},2025-09-27 10:25:34.832
rx_compressed,network,0.0,{"interface":"eno2"},2025-09-27 10:25:34.832
rx_multicast,network,0.0,{"interface":"eno2"},2025-09-27 10:25:34.832
tx_bytes,network,0.0,{"interface":"eno2"},2025-09-27 10:25:34.832
tx_packets,network,0.0,{"interface":"eno2"},2025-09-27 10:25:34.832
tx_errors,network,0.0,{"interface":"eno2"},2025-09-27 10:25:34.832
tx_dropped,network,0.0,{"interface":"eno2"},2025-09-27 10:25:34.832
tx_fifo,network,0.0,{"interface":"eno2"},2025-09-27 10:25:34.832
tx_colls,network,0.0,{"interface":"eno2"},2025-09-27 10:25:34.832
tx_carrier,network,0.0,{"interface":"eno2"},2025-09-27 10:25:34.832
tx_compressed,network,0.0,{"interface":"eno2"},2025-09-27 10:25:34.832
rx_bytes,network,0.0,{"interface":"eno3"},2025-09-27 10:25:34.832
rx_packets,network,0.0,{"interface":"eno3"},2025-09-27 10:25:34.832
rx_errors,network,0.0,{"interface":"eno3"},2025-09-27 10:25:34.832
rx_dropped,network,0.0,{"interface":"eno3"},2025-09-27 10:25:34.832
rx_fifo,network,0.0,{"interface":"eno3"},2025-09-27 10:25:34.832
rx_frame,network,0.0,{"interface":"eno3"},2025-09-27 10:25:34.832
rx_compressed,network,0.0,{"interface":"eno3"},2025-09-27 10:25:34.832
rx_multicast,network,0.0,{"interface":"eno3"},2025-09-27 10:25:34.832
tx_bytes,network,0.0,{"interface":"eno3"},2025-09-27 10:25:34.832
tx_packets,network,0.0,{"interface":"eno3"},2025-09-27 10:25:34.832
tx_errors,network,0.0,{"interface":"eno3"},2025-09-27 10:25:34.832
tx_dropped,network,0.0,{"interface":"eno3"},2025-09-27 10:25:34.832
tx_fifo,network,0.0,{"interface":"eno3"},2025-09-27 10:25:34.832
tx_colls,network,0.0,{"interface":"eno3"},2025-09-27 10:25:34.832
tx_carrier,network,0.0,{"interface":"eno3"},2025-09-27 10:25:34.832
tx_compressed,network,0.0,{"interface":"eno3"},2025-09-27 10:25:34.832
rx_bytes,network,0.0,{"interface":"enp5s0f0"},2025-09-27 10:25:34.832
rx_packets,network,0.0,{"interface":"enp5s0f0"},2025-09-27 10:25:34.832
rx_errors,network,0.0,{"interface":"enp5s0f0"},2025-09-27 10:25:34.832
rx_dropped,network,0.0,{"interface":"enp5s0f0"},2025-09-27 10:25:34.832
rx_fifo,network,0.0,{"interface":"enp5s0f0"},2025-09-27 10:25:34.832
rx_frame,network,0.0,{"interface":"enp5s0f0"},2025-09-27 10:25:34.832
rx_compressed,network,0.0,{"interface":"enp5s0f0"},2025-09-27 10:25:34.832
rx_multicast,network,0.0,{"interface":"enp5s0f0"},2025-09-27 10:25:34.832
tx_bytes,network,0.0,{"interface":"enp5s0f0"},2025-09-27 10:25:34.832
tx_packets,network,0.0,{"interface":"enp5s0f0"},2025-09-27 10:25:34.832
tx_errors,network,0.0,{"interface":"enp5s0f0"},2025-09-27 10:25:34.832
tx_dropped,network,0.0,{"interface":"enp5s0f0"},2025-09-27 10:25:34.832
tx_fifo,network,0.0,{"interface":"enp5s0f0"},2025-09-27 10:25:34.832
tx_colls,network,0.0,{"interface":"enp5s0f0"},2025-09-27 10:25:34.832
tx_carrier,network,0.0,{"interface":"enp5s0f0"},2025-09-27 10:25:34.832
tx_compressed,network,0.0,{"interface":"enp5s0f0"},2025-09-27 10:25:34.832
rx_bytes,network,0.0,{"interface":"eno4"},2025-09-27 10:25:34.832
rx_packets,network,0.0,{"interface":"eno4"},2025-09-27 10:25:34.832
rx_errors,network,0.0,{"interface":"eno4"},2025-09-27 10:25:34.832
rx_dropped,network,0.0,{"interface":"eno4"},2025-09-27 10:25:34.832
rx_fifo,network,0.0,{"interface":"eno4"},2025-09-27 10:25:34.832
rx_frame,network,0.0,{"interface":"eno4"},2025-09-27 10:25:34.832
rx_compressed,network,0.0,{"interface":"eno4"},2025-09-27 10:25:34.832
rx_multicast,network,0.0,{"interface":"eno4"},2025-09-27 10:25:34.832
tx_bytes,network,0.0,{"interface":"eno4"},2025-09-27 10:25:34.832
tx_packets,network,0.0,{"interface":"eno4"},2025-09-27 10:25:34.832
tx_errors,network,0.0,{"interface":"eno4"},2025-09-27 10:25:34.832
tx_dropped,network,0.0,{"interface":"eno4"},2025-09-27 10:25:34.832
tx_fifo,network,0.0,{"interface":"eno4"},2025-09-27 10:25:34.832
tx_colls,network,0.0,{"interface":"eno4"},2025-09-27 10:25:34.832
tx_carrier,network,0.0,{"interface":"eno4"},2025-09-27 10:25:34.832
tx_compressed,network,0.0,{"interface":"eno4"},2025-09-27 10:25:34.832
rx_bytes,network,0.0,{"interface":"enp5s0f1"},2025-09-27 10:25:34.832
rx_packets,network,0.0,{"interface":"enp5s0f1"},2025-09-27 10:25:34.832
rx_errors,network,0.0,{"interface":"enp5s0f1"},2025-09-27 10:25:34.832
rx_dropped,network,0.0,{"interface":"enp5s0f1"},2025-09-27 10:25:34.832
rx_fifo,network,0.0,{"interface":"enp5s0f1"},2025-09-27 10:25:34.832
rx_frame,network,0.0,{"interface":"enp5s0f1"},2025-09-27 10:25:34.832
rx_compressed,network,0.0,{"interface":"enp5s0f1"},2025-09-27 10:25:34.832
rx_multicast,network,0.0,{"interface":"enp5s0f1"},2025-09-27 10:25:34.832
tx_bytes,network,0.0,{"interface":"enp5s0f1"},2025-09-27 10:25:34.832
tx_packets,network,0.0,{"interface":"enp5s0f1"},2025-09-27 10:25:34.832
tx_errors,network,0.0,{"interface":"enp5s0f1"},2025-09-27 10:25:34.832
tx_dropped,network,0.0,{"interface":"enp5s0f1"},2025-09-27 10:25:34.832
tx_fifo,network,0.0,{"interface":"enp5s0f1"},2025-09-27 10:25:34.832
tx_colls,network,0.0,{"interface":"enp5s0f1"},2025-09-27 10:25:34.832
tx_carrier,network,0.0,{"interface":"enp5s0f1"},2025-09-27 10:25:34.832
tx_compressed,network,0.0,{"interface":"enp5s0f1"},2025-09-27 10:25:34.832
rx_bytes,network,0.0,{"interface":"enp6s0f0"},2025-09-27 10:25:34.832
rx_packets,network,0.0,{"interface":"enp6s0f0"},2025-09-27 10:25:34.832
rx_errors,network,0.0,{"interface":"enp6s0f0"},2025-09-27 10:25:34.832
rx_dropped,network,0.0,{"interface":"enp6s0f0"},2025-09-27 10:25:34.832
rx_fifo,network,0.0,{"interface":"enp6s0f0"},2025-09-27 10:25:34.832
rx_frame,network,0.0,{"interface":"enp6s0f0"},2025-09-27 10:25:34.832
rx_compressed,network,0.0,{"interface":"enp6s0f0"},2025-09-27 10:25:34.832
rx_multicast,network,0.0,{"interface":"enp6s0f0"},2025-09-27 10:25:34.832
tx_bytes,network,0.0,{"interface":"enp6s0f0"},2025-09-27 10:25:34.832
tx_packets,network,0.0,{"interface":"enp6s0f0"},2025-09-27 10:25:34.832
tx_errors,network,0.0,{"interface":"enp6s0f0"},2025-09-27 10:25:34.832
tx_dropped,network,0.0,{"interface":"enp6s0f0"},2025-09-27 10:25:34.832
tx_fifo,network,0.0,{"interface":"enp6s0f0"},2025-09-27 10:25:34.832
tx_colls,network,0.0,{"interface":"enp6s0f0"},2025-09-27 10:25:34.832
tx_carrier,network,0.0,{"interface":"enp6s0f0"},2025-09-27 10:25:34.832
tx_compressed,network,0.0,{"interface":"enp6s0f0"},2025-09-27 10:25:34.832
rx_bytes,network,0.0,{"interface":"enp6s0f1"},2025-09-27 10:25:34.832
rx_packets,network,0.0,{"interface":"enp6s0f1"},2025-09-27 10:25:34.832
rx_errors,network,0.0,{"interface":"enp6s0f1"},2025-09-27 10:25:34.832
rx_dropped,network,0.0,{"interface":"enp6s0f1"},2025-09-27 10:25:34.832
rx_fifo,network,0.0,{"interface":"enp6s0f1"},2025-09-27 10:25:34.832
rx_frame,network,0.0,{"interface":"enp6s0f1"},2025-09-27 10:25:34.832
rx_compressed,network,0.0,{"interface":"enp6s0f1"},2025-09-27 10:25:34.832
rx_multicast,network,0.0,{"interface":"enp6s0f1"},2025-09-27 10:25:34.832
tx_bytes,network,0.0,{"interface":"enp6s0f1"},2025-09-27 10:25:34.832
tx_packets,network,0.0,{"interface":"enp6s0f1"},2025-09-27 10:25:34.832
tx_errors,network,0.0,{"interface":"enp6s0f1"},2025-09-27 10:25:34.832
tx_dropped,network,0.0,{"interface":"enp6s0f1"},2025-09-27 10:25:34.832
tx_fifo,network,0.0,{"interface":"enp6s0f1"},2025-09-27 10:25:34.832
tx_colls,network,0.0,{"interface":"enp6s0f1"},2025-09-27 10:25:34.832
tx_carrier,network,0.0,{"interface":"enp6s0f1"},2025-09-27 10:25:34.832
tx_compressed,network,0.0,{"interface":"enp6s0f1"},2025-09-27 10:25:34.832
rx_bytes,network,0.0,{"interface":"enp4s0np0"},2025-09-27 10:25:34.832
rx_packets,network,0.0,{"interface":"enp4s0np0"},2025-09-27 10:25:34.832
rx_errors,network,0.0,{"interface":"enp4s0np0"},2025-09-27 10:25:34.832
rx_dropped,network,0.0,{"interface":"enp4s0np0"},2025-09-27 10:25:34.832
rx_fifo,network,0.0,{"interface":"enp4s0np0"},2025-09-27 10:25:34.832
rx_frame,network,0.0,{"interface":"enp4s0np0"},2025-09-27 10:25:34.832
rx_compressed,network,0.0,{"interface":"enp4s0np0"},2025-09-27 10:25:34.832
rx_multicast,network,0.0,{"interface":"enp4s0np0"},2025-09-27 10:25:34.832
tx_bytes,network,0.0,{"interface":"enp4s0np0"},2025-09-27 10:25:34.832
tx_packets,network,0.0,{"interface":"enp4s0np0"},2025-09-27 10:25:34.832
tx_errors,network,0.0,{"interface":"enp4s0np0"},2025-09-27 10:25:34.832
tx_dropped,network,0.0,{"interface":"enp4s0np0"},2025-09-27 10:25:34.832
tx_fifo,network,0.0,{"interface":"enp4s0np0"},2025-09-27 10:25:34.832
tx_colls,network,0.0,{"interface":"enp4s0np0"},2025-09-27 10:25:34.832
tx_carrier,network,0.0,{"interface":"enp4s0np0"},2025-09-27 10:25:34.832
tx_compressed,network,0.0,{"interface":"enp4s0np0"},2025-09-27 10:25:34.832
rx_bytes,network,0.0,{"interface":"enp132s0f0"},2025-09-27 10:25:34.832
rx_packets,network,0.0,{"interface":"enp132s0f0"},2025-09-27 10:25:34.832
rx_errors,network,0.0,{"interface":"enp132s0f0"},2025-09-27 10:25:34.832
rx_dropped,network,0.0,{"interface":"enp132s0f0"},2025-09-27 10:25:34.832
rx_fifo,network,0.0,{"interface":"enp132s0f0"},2025-09-27 10:25:34.832
rx_frame,network,0.0,{"interface":"enp132s0f0"},2025-09-27 10:25:34.832
rx_compressed,network,0.0,{"interface":"enp132s0f0"},2025-09-27 10:25:34.832
rx_multicast,network,0.0,{"interface":"enp132s0f0"},2025-09-27 10:25:34.832
tx_bytes,network,0.0,{"interface":"enp132s0f0"},2025-09-27 10:25:34.832
tx_packets,network,0.0,{"interface":"enp132s0f0"},2025-09-27 10:25:34.832
tx_errors,network,0.0,{"interface":"enp132s0f0"},2025-09-27 10:25:34.832
tx_dropped,network,0.0,{"interface":"enp132s0f0"},2025-09-27 10:25:34.832
tx_fifo,network,0.0,{"interface":"enp132s0f0"},2025-09-27 10:25:34.832
tx_colls,network,0.0,{"interface":"enp132s0f0"},2025-09-27 10:25:34.832
tx_carrier,network,0.0,{"interface":"enp132s0f0"},2025-09-27 10:25:34.832
tx_compressed,network,0.0,{"interface":"enp132s0f0"},2025-09-27 10:25:34.832
rx_bytes,network,0.0,{"interface":"enp132s0f1"},2025-09-27 10:25:34.832
rx_packets,network,0.0,{"interface":"enp132s0f1"},2025-09-27 10:25:34.832
rx_errors,network,0.0,{"interface":"enp132s0f1"},2025-09-27 10:25:34.832
rx_dropped,network,0.0,{"interface":"enp132s0f1"},2025-09-27 10:25:34.832
rx_fifo,network,0.0,{"interface":"enp132s0f1"},2025-09-27 10:25:34.832
rx_frame,network,0.0,{"interface":"enp132s0f1"},2025-09-27 10:25:34.832
rx_compressed,network,0.0,{"interface":"enp132s0f1"},2025-09-27 10:25:34.832
rx_multicast,network,0.0,{"interface":"enp132s0f1"},2025-09-27 10:25:34.832
tx_bytes,network,0.0,{"interface":"enp132s0f1"},2025-09-27 10:25:34.832
tx_packets,network,0.0,{"interface":"enp132s0f1"},2025-09-27 10:25:34.832
tx_errors,network,0.0,{"interface":"enp132s0f1"},2025-09-27 10:25:34.832
tx_dropped,network,0.0,{"interface":"enp132s0f1"},2025-09-27 10:25:34.832
tx_fifo,network,0.0,{"interface":"enp132s0f1"},2025-09-27 10:25:34.832
tx_colls,network,0.0,{"interface":"enp132s0f1"},2025-09-27 10:25:34.832
tx_carrier,network,0.0,{"interface":"enp132s0f1"},2025-09-27 10:25:34.832
tx_compressed,network,0.0,{"interface":"enp132s0f1"},2025-09-27 10:25:34.832
rx_bytes,network,377950.0,{"interface":"docker0"},2025-09-27 10:25:34.832
rx_packets,network,6867.0,{"interface":"docker0"},2025-09-27 10:25:34.832
rx_errors,network,0.0,{"interface":"docker0"},2025-09-27 10:25:34.832
rx_dropped,network,0.0,{"interface":"docker0"},2025-09-27 10:25:34.832
rx_fifo,network,0.0,{"interface":"docker0"},2025-09-27 10:25:34.832
rx_frame,network,0.0,{"interface":"docker0"},2025-09-27 10:25:34.832
rx_compressed,network,0.0,{"interface":"docker0"},2025-09-27 10:25:34.832
rx_multicast,network,0.0,{"interface":"docker0"},2025-09-27 10:25:34.832
tx_bytes,network,45078825.0,{"interface":"docker0"},2025-09-27 10:25:34.832
tx_packets,network,8447.0,{"interface":"docker0"},2025-09-27 10:25:34.832
tx_errors,network,0.0,{"interface":"docker0"},2025-09-27 10:25:34.832
tx_dropped,network,0.0,{"interface":"docker0"},2025-09-27 10:25:34.832
tx_fifo,network,0.0,{"interface":"docker0"},2025-09-27 10:25:34.832
tx_colls,network,0.0,{"interface":"docker0"},2025-09-27 10:25:34.832
tx_carrier,network,0.0,{"interface":"docker0"},2025-09-27 10:25:34.832
tx_compressed,network,0.0,{"interface":"docker0"},2025-09-27 10:25:34.832
rx_bytes,network,76039026182.0,{"interface":"docker_gwbridge"},2025-09-27 10:25:34.832
rx_packets,network,209911753.0,{"interface":"docker_gwbridge"},2025-09-27 10:25:34.832
rx_errors,network,0.0,{"interface":"docker_gwbridge"},2025-09-27 10:25:34.832
rx_dropped,network,0.0,{"interface":"docker_gwbridge"},2025-09-27 10:25:34.832
rx_fifo,network,0.0,{"interface":"docker_gwbridge"},2025-09-27 10:25:34.832
rx_frame,network,0.0,{"interface":"docker_gwbridge"},2025-09-27 10:25:34.832
rx_compressed,network,0.0,{"interface":"docker_gwbridge"},2025-09-27 10:25:34.832
rx_multicast,network,0.0,{"interface":"docker_gwbridge"},2025-09-27 10:25:34.832
tx_bytes,network,19820480218.0,{"interface":"docker_gwbridge"},2025-09-27 10:25:34.832
tx_packets,network,191068204.0,{"interface":"docker_gwbridge"},2025-09-27 10:25:34.832
tx_errors,network,0.0,{"interface":"docker_gwbridge"},2025-09-27 10:25:34.832
tx_dropped,network,0.0,{"interface":"docker_gwbridge"},2025-09-27 10:25:34.832
tx_fifo,network,0.0,{"interface":"docker_gwbridge"},2025-09-27 10:25:34.832
tx_colls,network,0.0,{"interface":"docker_gwbridge"},2025-09-27 10:25:34.832
tx_carrier,network,0.0,{"interface":"docker_gwbridge"},2025-09-27 10:25:34.832
tx_compressed,network,0.0,{"interface":"docker_gwbridge"},2025-09-27 10:25:34.832
rx_bytes,network,78977628106.0,{"interface":"veth2c42317"},2025-09-27 10:25:34.832
rx_packets,network,209908388.0,{"interface":"veth2c42317"},2025-09-27 10:25:34.832
rx_errors,network,0.0,{"interface":"veth2c42317"},2025-09-27 10:25:34.832
rx_dropped,network,420863.0,{"interface":"veth2c42317"},2025-09-27 10:25:34.832
rx_fifo,network,0.0,{"interface":"veth2c42317"},2025-09-27 10:25:34.832
rx_frame,network,0.0,{"interface":"veth2c42317"},2025-09-27 10:25:34.832
rx_compressed,network,0.0,{"interface":"veth2c42317"},2025-09-27 10:25:34.832
rx_multicast,network,0.0,{"interface":"veth2c42317"},2025-09-27 10:25:34.832
tx_bytes,network,19815201781.0,{"interface":"veth2c42317"},2025-09-27 10:25:34.832
tx_packets,network,190988265.0,{"interface":"veth2c42317"},2025-09-27 10:25:34.832
tx_errors,network,0.0,{"interface":"veth2c42317"},2025-09-27 10:25:34.832
tx_dropped,network,82390.0,{"interface":"veth2c42317"},2025-09-27 10:25:34.832
tx_fifo,network,0.0,{"interface":"veth2c42317"},2025-09-27 10:25:34.832
tx_colls,network,0.0,{"interface":"veth2c42317"},2025-09-27 10:25:34.832
tx_carrier,network,0.0,{"interface":"veth2c42317"},2025-09-27 10:25:34.832
tx_compressed,network,0.0,{"interface":"veth2c42317"},2025-09-27 10:25:34.832
major,disk,7.0,{"device":"loop0"},2025-09-27 10:25:34.832
minor,disk,0.0,{"device":"loop0"},2025-09-27 10:25:34.832
read_completed,disk,274.0,{"device":"loop0"},2025-09-27 10:25:34.832
read_merged,disk,0.0,{"device":"loop0"},2025-09-27 10:25:34.832
sectors_read,disk,2801664.0,{"device":"loop0"},2025-09-27 10:25:34.832
read_time,disk,1663.0,{"device":"loop0"},2025-09-27 10:25:34.832
write_completed,disk,0.0,{"device":"loop0"},2025-09-27 10:25:34.832
write_merged,disk,0.0,{"device":"loop0"},2025-09-27 10:25:34.832
sectors_written,disk,0.0,{"device":"loop0"},2025-09-27 10:25:34.832
writing_time,disk,0.0,{"device":"loop0"},2025-09-27 10:25:34.832
ios_in_progress,disk,0.0,{"device":"loop0"},2025-09-27 10:25:34.832
io_time,disk,1625.0,{"device":"loop0"},2025-09-27 10:25:34.832
weighted_io_time,disk,1663.0,{"device":"loop0"},2025-09-27 10:25:34.832
discard_completed,disk,0.0,{"device":"loop0"},2025-09-27 10:25:34.832
discard_merged,disk,0.0,{"device":"loop0"},2025-09-27 10:25:34.832
sectors_discarded,disk,0.0,{"device":"loop0"},2025-09-27 10:25:34.832
discarding_time,disk,0.0,{"device":"loop0"},2025-09-27 10:25:34.832
flush_completed,disk,0.0,{"device":"loop0"},2025-09-27 10:25:34.832
flushing_time,disk,0.0,{"device":"loop0"},2025-09-27 10:25:34.832
major,disk,7.0,{"device":"loop1"},2025-09-27 10:25:34.832
minor,disk,1.0,{"device":"loop1"},2025-09-27 10:25:34.832
read_completed,disk,101.0,{"device":"loop1"},2025-09-27 10:25:34.832
read_merged,disk,0.0,{"device":"loop1"},2025-09-27 10:25:34.832
sectors_read,disk,881664.0,{"device":"loop1"},2025-09-27 10:25:34.832
read_time,disk,1028.0,{"device":"loop1"},2025-09-27 10:25:34.832
write_completed,disk,0.0,{"device":"loop1"},2025-09-27 10:25:34.832
write_merged,disk,0.0,{"device":"loop1"},2025-09-27 10:25:34.832
sectors_written,disk,0.0,{"device":"loop1"},2025-09-27 10:25:34.832
writing_time,disk,0.0,{"device":"loop1"},2025-09-27 10:25:34.832
ios_in_progress,disk,0.0,{"device":"loop1"},2025-09-27 10:25:34.832
io_time,disk,1029.0,{"device":"loop1"},2025-09-27 10:25:34.832
weighted_io_time,disk,1028.0,{"device":"loop1"},2025-09-27 10:25:34.832
discard_completed,disk,0.0,{"device":"loop1"},2025-09-27 10:25:34.832
discard_merged,disk,0.0,{"device":"loop1"},2025-09-27 10:25:34.832
sectors_discarded,disk,0.0,{"device":"loop1"},2025-09-27 10:25:34.832
discarding_time,disk,0.0,{"device":"loop1"},2025-09-27 10:25:34.832
flush_completed,disk,0.0,{"device":"loop1"},2025-09-27 10:25:34.832
flushing_time,disk,0.0,{"device":"loop1"},2025-09-27 10:25:34.832
major,disk,7.0,{"device":"loop2"},2025-09-27 10:25:34.832
minor,disk,2.0,{"device":"loop2"},2025-09-27 10:25:34.832
read_completed,disk,116.0,{"device":"loop2"},2025-09-27 10:25:34.832
read_merged,disk,0.0,{"device":"loop2"},2025-09-27 10:25:34.832
sectors_read,disk,2338816.0,{"device":"loop2"},2025-09-27 10:25:34.832
read_time,disk,1206.0,{"device":"loop2"},2025-09-27 10:25:34.832
write_completed,disk,0.0,{"device":"loop2"},2025-09-27 10:25:34.832
write_merged,disk,0.0,{"device":"loop2"},2025-09-27 10:25:34.832
sectors_written,disk,0.0,{"device":"loop2"},2025-09-27 10:25:34.832
writing_time,disk,0.0,{"device":"loop2"},2025-09-27 10:25:34.832
ios_in_progress,disk,0.0,{"device":"loop2"},2025-09-27 10:25:34.832
io_time,disk,711.0,{"device":"loop2"},2025-09-27 10:25:34.832
weighted_io_time,disk,1206.0,{"device":"loop2"},2025-09-27 10:25:34.832
discard_completed,disk,0.0,{"device":"loop2"},2025-09-27 10:25:34.832
discard_merged,disk,0.0,{"device":"loop2"},2025-09-27 10:25:34.832
sectors_discarded,disk,0.0,{"device":"loop2"},2025-09-27 10:25:34.832
discarding_time,disk,0.0,{"device":"loop2"},2025-09-27 10:25:34.832
flush_completed,disk,0.0,{"device":"loop2"},2025-09-27 10:25:34.832
flushing_time,disk,0.0,{"device":"loop2"},2025-09-27 10:25:34.832
major,disk,7.0,{"device":"loop3"},2025-09-27 10:25:34.832
minor,disk,3.0,{"device":"loop3"},2025-09-27 10:25:34.832
read_completed,disk,135.0,{"device":"loop3"},2025-09-27 10:25:34.832
read_merged,disk,0.0,{"device":"loop3"},2025-09-27 10:25:34.832
sectors_read,disk,2412544.0,{"device":"loop3"},2025-09-27 10:25:34.832
read_time,disk,1587.0,{"device":"loop3"},2025-09-27 10:25:34.832
write_completed,disk,0.0,{"device":"loop3"},2025-09-27 10:25:34.832
write_merged,disk,0.0,{"device":"loop3"},2025-09-27 10:25:34.832
sectors_written,disk,0.0,{"device":"loop3"},2025-09-27 10:25:34.832
writing_time,disk,0.0,{"device":"loop3"},2025-09-27 10:25:34.832
ios_in_progress,disk,0.0,{"device":"loop3"},2025-09-27 10:25:34.832
io_time,disk,1255.0000000000002,{"device":"loop3"},2025-09-27 10:25:34.832
weighted_io_time,disk,1587.0,{"device":"loop3"},2025-09-27 10:25:34.832
discard_completed,disk,0.0,{"device":"loop3"},2025-09-27 10:25:34.832
discard_merged,disk,0.0,{"device":"loop3"},2025-09-27 10:25:34.832
sectors_discarded,disk,0.0,{"device":"loop3"},2025-09-27 10:25:34.832
discarding_time,disk,0.0,{"device":"loop3"},2025-09-27 10:25:34.832
flush_completed,disk,0.0,{"device":"loop3"},2025-09-27 10:25:34.832
flushing_time,disk,0.0,{"device":"loop3"},2025-09-27 10:25:34.832
major,disk,7.0,{"device":"loop4"},2025-09-27 10:25:34.832
minor,disk,4.0,{"device":"loop4"},2025-09-27 10:25:34.832
read_completed,disk,94.0,{"device":"loop4"},2025-09-27 10:25:34.832
read_merged,disk,0.0,{"device":"loop4"},2025-09-27 10:25:34.832
sectors_read,disk,865280.0,{"device":"loop4"},2025-09-27 10:25:34.832
read_time,disk,1327.0,{"device":"loop4"},2025-09-27 10:25:34.832
write_completed,disk,0.0,{"device":"loop4"},2025-09-27 10:25:34.832
write_merged,disk,0.0,{"device":"loop4"},2025-09-27 10:25:34.832
sectors_written,disk,0.0,{"device":"loop4"},2025-09-27 10:25:34.832
writing_time,disk,0.0,{"device":"loop4"},2025-09-27 10:25:34.832
ios_in_progress,disk,0.0,{"device":"loop4"},2025-09-27 10:25:34.832
io_time,disk,1327.0,{"device":"loop4"},2025-09-27 10:25:34.832
weighted_io_time,disk,1327.0,{"device":"loop4"},2025-09-27 10:25:34.832
discard_completed,disk,0.0,{"device":"loop4"},2025-09-27 10:25:34.832
discard_merged,disk,0.0,{"device":"loop4"},2025-09-27 10:25:34.832
sectors_discarded,disk,0.0,{"device":"loop4"},2025-09-27 10:25:34.832
discarding_time,disk,0.0,{"device":"loop4"},2025-09-27 10:25:34.832
flush_completed,disk,0.0,{"device":"loop4"},2025-09-27 10:25:34.832
flushing_time,disk,0.0,{"device":"loop4"},2025-09-27 10:25:34.832
major,disk,7.0,{"device":"loop5"},2025-09-27 10:25:34.832
minor,disk,5.0,{"device":"loop5"},2025-09-27 10:25:34.832
read_completed,disk,7823.0,{"device":"loop5"},2025-09-27 10:25:34.832
read_merged,disk,0.0,{"device":"loop5"},2025-09-27 10:25:34.832
sectors_read,disk,382456832.0,{"device":"loop5"},2025-09-27 10:25:34.832
read_time,disk,19272724.000000004,{"device":"loop5"},2025-09-27 10:25:34.832
write_completed,disk,0.0,{"device":"loop5"},2025-09-27 10:25:34.832
write_merged,disk,0.0,{"device":"loop5"},2025-09-27 10:25:34.832
sectors_written,disk,0.0,{"device":"loop5"},2025-09-27 10:25:34.832
writing_time,disk,0.0,{"device":"loop5"},2025-09-27 10:25:34.832
ios_in_progress,disk,0.0,{"device":"loop5"},2025-09-27 10:25:34.832
io_time,disk,3229411.0,{"device":"loop5"},2025-09-27 10:25:34.832
weighted_io_time,disk,19272724.000000004,{"device":"loop5"},2025-09-27 10:25:34.832
discard_completed,disk,0.0,{"device":"loop5"},2025-09-27 10:25:34.832
discard_merged,disk,0.0,{"device":"loop5"},2025-09-27 10:25:34.832
sectors_discarded,disk,0.0,{"device":"loop5"},2025-09-27 10:25:34.832
discarding_time,disk,0.0,{"device":"loop5"},2025-09-27 10:25:34.832
flush_completed,disk,0.0,{"device":"loop5"},2025-09-27 10:25:34.832
flushing_time,disk,0.0,{"device":"loop5"},2025-09-27 10:25:34.832
major,disk,7.0,{"device":"loop6"},2025-09-27 10:25:34.832
minor,disk,6.0,{"device":"loop6"},2025-09-27 10:25:34.832
read_completed,disk,91.0,{"device":"loop6"},2025-09-27 10:25:34.832
read_merged,disk,0.0,{"device":"loop6"},2025-09-27 10:25:34.832
sectors_read,disk,414720.0,{"device":"loop6"},2025-09-27 10:25:34.832
read_time,disk,1.0,{"device":"loop6"},2025-09-27 10:25:34.832
write_completed,disk,0.0,{"device":"loop6"},2025-09-27 10:25:34.832
write_merged,disk,0.0,{"device":"loop6"},2025-09-27 10:25:34.832
sectors_written,disk,0.0,{"device":"loop6"},2025-09-27 10:25:34.832
writing_time,disk,0.0,{"device":"loop6"},2025-09-27 10:25:34.832
ios_in_progress,disk,0.0,{"device":"loop6"},2025-09-27 10:25:34.832
io_time,disk,1.0,{"device":"loop6"},2025-09-27 10:25:34.832
weighted_io_time,disk,1.0,{"device":"loop6"},2025-09-27 10:25:34.832
discard_completed,disk,0.0,{"device":"loop6"},2025-09-27 10:25:34.832
discard_merged,disk,0.0,{"device":"loop6"},2025-09-27 10:25:34.832
sectors_discarded,disk,0.0,{"device":"loop6"},2025-09-27 10:25:34.832
discarding_time,disk,0.0,{"device":"loop6"},2025-09-27 10:25:34.832
flush_completed,disk,0.0,{"device":"loop6"},2025-09-27 10:25:34.832
flushing_time,disk,0.0,{"device":"loop6"},2025-09-27 10:25:34.832
major,disk,7.0,{"device":"loop7"},2025-09-27 10:25:34.832
minor,disk,7.0,{"device":"loop7"},2025-09-27 10:25:34.832
read_completed,disk,0.0,{"device":"loop7"},2025-09-27 10:25:34.832
read_merged,disk,0.0,{"device":"loop7"},2025-09-27 10:25:34.832
sectors_read,disk,0.0,{"device":"loop7"},2025-09-27 10:25:34.832
read_time,disk,0.0,{"device":"loop7"},2025-09-27 10:25:34.832
write_completed,disk,0.0,{"device":"loop7"},2025-09-27 10:25:34.832
write_merged,disk,0.0,{"device":"loop7"},2025-09-27 10:25:34.832
sectors_written,disk,0.0,{"device":"loop7"},2025-09-27 10:25:34.832
writing_time,disk,0.0,{"device":"loop7"},2025-09-27 10:25:34.832
ios_in_progress,disk,0.0,{"device":"loop7"},2025-09-27 10:25:34.832
io_time,disk,0.0,{"device":"loop7"},2025-09-27 10:25:34.832
weighted_io_time,disk,0.0,{"device":"loop7"},2025-09-27 10:25:34.832
discard_completed,disk,0.0,{"device":"loop7"},2025-09-27 10:25:34.832
discard_merged,disk,0.0,{"device":"loop7"},2025-09-27 10:25:34.832
sectors_discarded,disk,0.0,{"device":"loop7"},2025-09-27 10:25:34.832
discarding_time,disk,0.0,{"device":"loop7"},2025-09-27 10:25:34.832
flush_completed,disk,0.0,{"device":"loop7"},2025-09-27 10:25:34.832
flushing_time,disk,0.0,{"device":"loop7"},2025-09-27 10:25:34.832
major,disk,8.0,{"device":"sdb"},2025-09-27 10:25:34.832
minor,disk,16.0,{"device":"sdb"},2025-09-27 10:25:34.832
read_completed,disk,501.0,{"device":"sdb"},2025-09-27 10:25:34.832
read_merged,disk,0.0,{"device":"sdb"},2025-09-27 10:25:34.832
sectors_read,disk,11001856.0,{"device":"sdb"},2025-09-27 10:25:34.832
read_time,disk,2161.0,{"device":"sdb"},2025-09-27 10:25:34.832
write_completed,disk,0.0,{"device":"sdb"},2025-09-27 10:25:34.832
write_merged,disk,0.0,{"device":"sdb"},2025-09-27 10:25:34.832
sectors_written,disk,0.0,{"device":"sdb"},2025-09-27 10:25:34.832
writing_time,disk,0.0,{"device":"sdb"},2025-09-27 10:25:34.832
ios_in_progress,disk,0.0,{"device":"sdb"},2025-09-27 10:25:34.832
io_time,disk,1668.0,{"device":"sdb"},2025-09-27 10:25:34.832
weighted_io_time,disk,2161.0,{"device":"sdb"},2025-09-27 10:25:34.832
discard_completed,disk,0.0,{"device":"sdb"},2025-09-27 10:25:34.832
discard_merged,disk,0.0,{"device":"sdb"},2025-09-27 10:25:34.832
sectors_discarded,disk,0.0,{"device":"sdb"},2025-09-27 10:25:34.832
discarding_time,disk,0.0,{"device":"sdb"},2025-09-27 10:25:34.832
flush_completed,disk,0.0,{"device":"sdb"},2025-09-27 10:25:34.832
flushing_time,disk,0.0,{"device":"sdb"},2025-09-27 10:25:34.832
major,disk,8.0,{"device":"sdc"},2025-09-27 10:25:34.832
minor,disk,32.0,{"device":"sdc"},2025-09-27 10:25:34.832
read_completed,disk,437.0,{"device":"sdc"},2025-09-27 10:25:34.832
read_merged,disk,0.0,{"device":"sdc"},2025-09-27 10:25:34.832
sectors_read,disk,13473792.0,{"device":"sdc"},2025-09-27 10:25:34.832
read_time,disk,1868.0,{"device":"sdc"},2025-09-27 10:25:34.832
write_completed,disk,0.0,{"device":"sdc"},2025-09-27 10:25:34.832
write_merged,disk,0.0,{"device":"sdc"},2025-09-27 10:25:34.832
sectors_written,disk,0.0,{"device":"sdc"},2025-09-27 10:25:34.832
writing_time,disk,0.0,{"device":"sdc"},2025-09-27 10:25:34.832
ios_in_progress,disk,0.0,{"device":"sdc"},2025-09-27 10:25:34.832
io_time,disk,1643.0,{"device":"sdc"},2025-09-27 10:25:34.832
weighted_io_time,disk,1868.0,{"device":"sdc"},2025-09-27 10:25:34.832
discard_completed,disk,0.0,{"device":"sdc"},2025-09-27 10:25:34.832
discard_merged,disk,0.0,{"device":"sdc"},2025-09-27 10:25:34.832
sectors_discarded,disk,0.0,{"device":"sdc"},2025-09-27 10:25:34.832
discarding_time,disk,0.0,{"device":"sdc"},2025-09-27 10:25:34.832
flush_completed,disk,0.0,{"device":"sdc"},2025-09-27 10:25:34.832
flushing_time,disk,0.0,{"device":"sdc"},2025-09-27 10:25:34.832
major,disk,8.0,{"device":"sdc1"},2025-09-27 10:25:34.832
minor,disk,33.0,{"device":"sdc1"},2025-09-27 10:25:34.832
read_completed,disk,308.0,{"device":"sdc1"},2025-09-27 10:25:34.832
read_merged,disk,0.0,{"device":"sdc1"},2025-09-27 10:25:34.832
sectors_read,disk,10989568.0,{"device":"sdc1"},2025-09-27 10:25:34.832
read_time,disk,1101.0,{"device":"sdc1"},2025-09-27 10:25:34.832
write_completed,disk,0.0,{"device":"sdc1"},2025-09-27 10:25:34.832
write_merged,disk,0.0,{"device":"sdc1"},2025-09-27 10:25:34.832
sectors_written,disk,0.0,{"device":"sdc1"},2025-09-27 10:25:34.832
writing_time,disk,0.0,{"device":"sdc1"},2025-09-27 10:25:34.832
ios_in_progress,disk,0.0,{"device":"sdc1"},2025-09-27 10:25:34.832
io_time,disk,1056.0,{"device":"sdc1"},2025-09-27 10:25:34.832
weighted_io_time,disk,1101.0,{"device":"sdc1"},2025-09-27 10:25:34.832
discard_completed,disk,0.0,{"device":"sdc1"},2025-09-27 10:25:34.832
discard_merged,disk,0.0,{"device":"sdc1"},2025-09-27 10:25:34.832
sectors_discarded,disk,0.0,{"device":"sdc1"},2025-09-27 10:25:34.832
discarding_time,disk,0.0,{"device":"sdc1"},2025-09-27 10:25:34.832
flush_completed,disk,0.0,{"device":"sdc1"},2025-09-27 10:25:34.832
flushing_time,disk,0.0,{"device":"sdc1"},2025-09-27 10:25:34.832
major,disk,8.0,{"device":"sda"},2025-09-27 10:25:34.832
minor,disk,0.0,{"device":"sda"},2025-09-27 10:25:34.832
read_completed,disk,11566912.0,{"device":"sda"},2025-09-27 10:25:34.832
read_merged,disk,725150.0,{"device":"sda"},2025-09-27 10:25:34.832
sectors_read,disk,404220115968.0,{"device":"sda"},2025-09-27 10:25:34.832
read_time,disk,539972181.0,{"device":"sda"},2025-09-27 10:25:34.832
write_completed,disk,27209916.0,{"device":"sda"},2025-09-27 10:25:34.832
write_merged,disk,9145688.0,{"device":"sda"},2025-09-27 10:25:34.832
sectors_written,disk,865302052864.0,{"device":"sda"},2025-09-27 10:25:34.832
writing_time,disk,233933581.0,{"device":"sda"},2025-09-27 10:25:34.832
ios_in_progress,disk,0.0,{"device":"sda"},2025-09-27 10:25:34.832
io_time,disk,7968073.0,{"device":"sda"},2025-09-27 10:25:34.832
weighted_io_time,disk,773905763.0,{"device":"sda"},2025-09-27 10:25:34.832
discard_completed,disk,0.0,{"device":"sda"},2025-09-27 10:25:34.832
discard_merged,disk,0.0,{"device":"sda"},2025-09-27 10:25:34.832
sectors_discarded,disk,0.0,{"device":"sda"},2025-09-27 10:25:34.832
discarding_time,disk,0.0,{"device":"sda"},2025-09-27 10:25:34.832
flush_completed,disk,0.0,{"device":"sda"},2025-09-27 10:25:34.832
flushing_time,disk,0.0,{"device":"sda"},2025-09-27 10:25:34.832
major,disk,8.0,{"device":"sda1"},2025-09-27 10:25:34.832
minor,disk,1.0,{"device":"sda1"},2025-09-27 10:25:34.832
read_completed,disk,444.0,{"device":"sda1"},2025-09-27 10:25:34.832
read_merged,disk,0.0,{"device":"sda1"},2025-09-27 10:25:34.832
sectors_read,disk,12732416.0,{"device":"sda1"},2025-09-27 10:25:34.832
read_time,disk,626.0,{"device":"sda1"},2025-09-27 10:25:34.832
write_completed,disk,0.0,{"device":"sda1"},2025-09-27 10:25:34.832
write_merged,disk,0.0,{"device":"sda1"},2025-09-27 10:25:34.832
sectors_written,disk,0.0,{"device":"sda1"},2025-09-27 10:25:34.832
writing_time,disk,0.0,{"device":"sda1"},2025-09-27 10:25:34.832
ios_in_progress,disk,0.0,{"device":"sda1"},2025-09-27 10:25:34.832
io_time,disk,625.0,{"device":"sda1"},2025-09-27 10:25:34.832
weighted_io_time,disk,626.0,{"device":"sda1"},2025-09-27 10:25:34.832
discard_completed,disk,0.0,{"device":"sda1"},2025-09-27 10:25:34.832
discard_merged,disk,0.0,{"device":"sda1"},2025-09-27 10:25:34.832
sectors_discarded,disk,0.0,{"device":"sda1"},2025-09-27 10:25:34.832
discarding_time,disk,0.0,{"device":"sda1"},2025-09-27 10:25:34.832
flush_completed,disk,0.0,{"device":"sda1"},2025-09-27 10:25:34.832
flushing_time,disk,0.0,{"device":"sda1"},2025-09-27 10:25:34.832
major,disk,8.0,{"device":"sda2"},2025-09-27 10:25:34.832
minor,disk,2.0,{"device":"sda2"},2025-09-27 10:25:34.832
read_completed,disk,1075.0,{"device":"sda2"},2025-09-27 10:25:34.832
read_merged,disk,246.0,{"device":"sda2"},2025-09-27 10:25:34.832
sectors_read,disk,59923456.0,{"device":"sda2"},2025-09-27 10:25:34.832
read_time,disk,2492.0,{"device":"sda2"},2025-09-27 10:25:34.832
write_completed,disk,1172.0,{"device":"sda2"},2025-09-27 10:25:34.832
write_merged,disk,267.0,{"device":"sda2"},2025-09-27 10:25:34.832
sectors_written,disk,196554752.0,{"device":"sda2"},2025-09-27 10:25:34.832
writing_time,disk,1326.0,{"device":"sda2"},2025-09-27 10:25:34.832
ios_in_progress,disk,0.0,{"device":"sda2"},2025-09-27 10:25:34.832
io_time,disk,2556.0,{"device":"sda2"},2025-09-27 10:25:34.832
weighted_io_time,disk,3819.0,{"device":"sda2"},2025-09-27 10:25:34.832
discard_completed,disk,0.0,{"device":"sda2"},2025-09-27 10:25:34.832
discard_merged,disk,0.0,{"device":"sda2"},2025-09-27 10:25:34.832
sectors_discarded,disk,0.0,{"device":"sda2"},2025-09-27 10:25:34.832
discarding_time,disk,0.0,{"device":"sda2"},2025-09-27 10:25:34.832
flush_completed,disk,0.0,{"device":"sda2"},2025-09-27 10:25:34.832
flushing_time,disk,0.0,{"device":"sda2"},2025-09-27 10:25:34.832
major,disk,8.0,{"device":"sda3"},2025-09-27 10:25:34.832
minor,disk,3.0,{"device":"sda3"},2025-09-27 10:25:34.832
read_completed,disk,11563868.0,{"device":"sda3"},2025-09-27 10:25:34.832
read_merged,disk,724904.0,{"device":"sda3"},2025-09-27 10:25:34.832
sectors_read,disk,404097174528.0,{"device":"sda3"},2025-09-27 10:25:34.832
read_time,disk,539967055.0,{"device":"sda3"},2025-09-27 10:25:34.832
write_completed,disk,27208744.0,{"device":"sda3"},2025-09-27 10:25:34.832
write_merged,disk,9145421.0,{"device":"sda3"},2025-09-27 10:25:34.832
sectors_written,disk,865105498112.0,{"device":"sda3"},2025-09-27 10:25:34.832
writing_time,disk,233932254.00000003,{"device":"sda3"},2025-09-27 10:25:34.832
ios_in_progress,disk,0.0,{"device":"sda3"},2025-09-27 10:25:34.832
io_time,disk,10838765.0,{"device":"sda3"},2025-09-27 10:25:34.832
weighted_io_time,disk,773899310.0,{"device":"sda3"},2025-09-27 10:25:34.832
discard_completed,disk,0.0,{"device":"sda3"},2025-09-27 10:25:34.832
discard_merged,disk,0.0,{"device":"sda3"},2025-09-27 10:25:34.832
sectors_discarded,disk,0.0,{"device":"sda3"},2025-09-27 10:25:34.832
discarding_time,disk,0.0,{"device":"sda3"},2025-09-27 10:25:34.832
flush_completed,disk,0.0,{"device":"sda3"},2025-09-27 10:25:34.832
flushing_time,disk,0.0,{"device":"sda3"},2025-09-27 10:25:34.832
major,disk,11.0,{"device":"sr0"},2025-09-27 10:25:34.832
minor,disk,0.0,{"device":"sr0"},2025-09-27 10:25:34.832
read_completed,disk,0.0,{"device":"sr0"},2025-09-27 10:25:34.832
read_merged,disk,0.0,{"device":"sr0"},2025-09-27 10:25:34.832
sectors_read,disk,0.0,{"device":"sr0"},2025-09-27 10:25:34.832
read_time,disk,0.0,{"device":"sr0"},2025-09-27 10:25:34.832
write_completed,disk,0.0,{"device":"sr0"},2025-09-27 10:25:34.832
write_merged,disk,0.0,{"device":"sr0"},2025-09-27 10:25:34.832
sectors_written,disk,0.0,{"device":"sr0"},2025-09-27 10:25:34.832
writing_time,disk,0.0,{"device":"sr0"},2025-09-27 10:25:34.832
ios_in_progress,disk,0.0,{"device":"sr0"},2025-09-27 10:25:34.832
io_time,disk,0.0,{"device":"sr0"},2025-09-27 10:25:34.832
weighted_io_time,disk,0.0,{"device":"sr0"},2025-09-27 10:25:34.832
discard_completed,disk,0.0,{"device":"sr0"},2025-09-27 10:25:34.832
discard_merged,disk,0.0,{"device":"sr0"},2025-09-27 10:25:34.832
sectors_discarded,disk,0.0,{"device":"sr0"},2025-09-27 10:25:34.832
discarding_time,disk,0.0,{"device":"sr0"},2025-09-27 10:25:34.832
flush_completed,disk,0.0,{"device":"sr0"},2025-09-27 10:25:34.832
flushing_time,disk,0.0,{"device":"sr0"},2025-09-27 10:25:34.832
major,disk,8.0,{"device":"sdd"},2025-09-27 10:25:34.832
minor,disk,48.0,{"device":"sdd"},2025-09-27 10:25:34.832
read_completed,disk,0.0,{"device":"sdd"},2025-09-27 10:25:34.832
read_merged,disk,0.0,{"device":"sdd"},2025-09-27 10:25:34.832
sectors_read,disk,0.0,{"device":"sdd"},2025-09-27 10:25:34.832
read_time,disk,0.0,{"device":"sdd"},2025-09-27 10:25:34.832
write_completed,disk,0.0,{"device":"sdd"},2025-09-27 10:25:34.832
write_merged,disk,0.0,{"device":"sdd"},2025-09-27 10:25:34.832
sectors_written,disk,0.0,{"device":"sdd"},2025-09-27 10:25:34.832
writing_time,disk,0.0,{"device":"sdd"},2025-09-27 10:25:34.832
ios_in_progress,disk,0.0,{"device":"sdd"},2025-09-27 10:25:34.832
io_time,disk,0.0,{"device":"sdd"},2025-09-27 10:25:34.832
weighted_io_time,disk,0.0,{"device":"sdd"},2025-09-27 10:25:34.832
discard_completed,disk,0.0,{"device":"sdd"},2025-09-27 10:25:34.832
discard_merged,disk,0.0,{"device":"sdd"},2025-09-27 10:25:34.832
sectors_discarded,disk,0.0,{"device":"sdd"},2025-09-27 10:25:34.832
discarding_time,disk,0.0,{"device":"sdd"},2025-09-27 10:25:34.832
flush_completed,disk,0.0,{"device":"sdd"},2025-09-27 10:25:34.832
flushing_time,disk,0.0,{"device":"sdd"},2025-09-27 10:25:34.832
major,disk,11.0,{"device":"sr1"},2025-09-27 10:25:34.832
minor,disk,1.0,{"device":"sr1"},2025-09-27 10:25:34.832
read_completed,disk,0.0,{"device":"sr1"},2025-09-27 10:25:34.832
read_merged,disk,0.0,{"device":"sr1"},2025-09-27 10:25:34.832
sectors_read,disk,0.0,{"device":"sr1"},2025-09-27 10:25:34.832
read_time,disk,0.0,{"device":"sr1"},2025-09-27 10:25:34.832
write_completed,disk,0.0,{"device":"sr1"},2025-09-27 10:25:34.832
write_merged,disk,0.0,{"device":"sr1"},2025-09-27 10:25:34.832
sectors_written,disk,0.0,{"device":"sr1"},2025-09-27 10:25:34.832
writing_time,disk,0.0,{"device":"sr1"},2025-09-27 10:25:34.832
ios_in_progress,disk,0.0,{"device":"sr1"},2025-09-27 10:25:34.832
io_time,disk,0.0,{"device":"sr1"},2025-09-27 10:25:34.832
weighted_io_time,disk,0.0,{"device":"sr1"},2025-09-27 10:25:34.832
discard_completed,disk,0.0,{"device":"sr1"},2025-09-27 10:25:34.832
discard_merged,disk,0.0,{"device":"sr1"},2025-09-27 10:25:34.832
sectors_discarded,disk,0.0,{"device":"sr1"},2025-09-27 10:25:34.832
discarding_time,disk,0.0,{"device":"sr1"},2025-09-27 10:25:34.832
flush_completed,disk,0.0,{"device":"sr1"},2025-09-27 10:25:34.832
flushing_time,disk,0.0,{"device":"sr1"},2025-09-27 10:25:34.832
major,disk,252.0,{"device":"dm-0"},2025-09-27 10:25:34.832
minor,disk,0.0,{"device":"dm-0"},2025-09-27 10:25:34.832
read_completed,disk,12287631.0,{"device":"dm-0"},2025-09-27 10:25:34.832
read_merged,disk,0.0,{"device":"dm-0"},2025-09-27 10:25:34.832
sectors_read,disk,403921998848.0,{"device":"dm-0"},2025-09-27 10:25:34.832
read_time,disk,570926062.0,{"device":"dm-0"},2025-09-27 10:25:34.832
write_completed,disk,34194302.0,{"device":"dm-0"},2025-09-27 10:25:34.832
write_merged,disk,0.0,{"device":"dm-0"},2025-09-27 10:25:34.832
sectors_written,disk,865105498112.0,{"device":"dm-0"},2025-09-27 10:25:34.832
writing_time,disk,167833849.00000003,{"device":"dm-0"},2025-09-27 10:25:34.832
ios_in_progress,disk,0.0,{"device":"dm-0"},2025-09-27 10:25:34.832
io_time,disk,25079407.0,{"device":"dm-0"},2025-09-27 10:25:34.832
weighted_io_time,disk,738759911.0,{"device":"dm-0"},2025-09-27 10:25:34.832
discard_completed,disk,0.0,{"device":"dm-0"},2025-09-27 10:25:34.832
discard_merged,disk,0.0,{"device":"dm-0"},2025-09-27 10:25:34.832
sectors_discarded,disk,0.0,{"device":"dm-0"},2025-09-27 10:25:34.832
discarding_time,disk,0.0,{"device":"dm-0"},2025-09-27 10:25:34.832
flush_completed,disk,0.0,{"device":"dm-0"},2025-09-27 10:25:34.832
flushing_time,disk,0.0,{"device":"dm-0"},2025-09-27 10:25:34.832
user_usage,cpu,25507.17,{"cpu":"0"},2025-09-27 10:25:35.831
nice_usage,cpu,61.1,{"cpu":"0"},2025-09-27 10:25:35.831
system_usage,cpu,12766.85,{"cpu":"0"},2025-09-27 10:25:35.831
idle_usage,cpu,894252.56,{"cpu":"0"},2025-09-27 10:25:35.831
iowait_usage,cpu,3790.78,{"cpu":"0"},2025-09-27 10:25:35.831
irq_usage,cpu,0.0,{"cpu":"0"},2025-09-27 10:25:35.831
softirq_usage,cpu,1946.22,{"cpu":"0"},2025-09-27 10:25:35.831
steal_usage,cpu,0.0,{"cpu":"0"},2025-09-27 10:25:35.831
guest_usage,cpu,0.0,{"cpu":"0"},2025-09-27 10:25:35.831
guest_nice_usage,cpu,0.0,{"cpu":"0"},2025-09-27 10:25:35.831
user_usage,cpu,25104.68,{"cpu":"1"},2025-09-27 10:25:35.831
nice_usage,cpu,260.41,{"cpu":"1"},2025-09-27 10:25:35.831
system_usage,cpu,10930.07,{"cpu":"1"},2025-09-27 10:25:35.831
idle_usage,cpu,898869.18,{"cpu":"1"},2025-09-27 10:25:35.831
iowait_usage,cpu,3760.56,{"cpu":"1"},2025-09-27 10:25:35.831
irq_usage,cpu,0.0,{"cpu":"1"},2025-09-27 10:25:35.831
softirq_usage,cpu,1427.07,{"cpu":"1"},2025-09-27 10:25:35.831
steal_usage,cpu,0.0,{"cpu":"1"},2025-09-27 10:25:35.832
guest_usage,cpu,0.0,{"cpu":"1"},2025-09-27 10:25:35.832
guest_nice_usage,cpu,0.0,{"cpu":"1"},2025-09-27 10:25:35.832
user_usage,cpu,22684.36,{"cpu":"2"},2025-09-27 10:25:35.832
nice_usage,cpu,5.95,{"cpu":"2"},2025-09-27 10:25:35.832
system_usage,cpu,11875.25,{"cpu":"2"},2025-09-27 10:25:35.832
idle_usage,cpu,899960.75,{"cpu":"2"},2025-09-27 10:25:35.832
iowait_usage,cpu,3944.63,{"cpu":"2"},2025-09-27 10:25:35.832
irq_usage,cpu,0.0,{"cpu":"2"},2025-09-27 10:25:35.832
softirq_usage,cpu,1877.95,{"cpu":"2"},2025-09-27 10:25:35.832
steal_usage,cpu,0.0,{"cpu":"2"},2025-09-27 10:25:35.832
guest_usage,cpu,0.0,{"cpu":"2"},2025-09-27 10:25:35.832
guest_nice_usage,cpu,0.0,{"cpu":"2"},2025-09-27 10:25:35.832
user_usage,cpu,21542.2,{"cpu":"3"},2025-09-27 10:25:35.832
nice_usage,cpu,49.0,{"cpu":"3"},2025-09-27 10:25:35.832
system_usage,cpu,10338.24,{"cpu":"3"},2025-09-27 10:25:35.832
idle_usage,cpu,903907.61,{"cpu":"3"},2025-09-27 10:25:35.832
iowait_usage,cpu,3794.98,{"cpu":"3"},2025-09-27 10:25:35.832
irq_usage,cpu,0.0,{"cpu":"3"},2025-09-27 10:25:35.832
softirq_usage,cpu,1445.28,{"cpu":"3"},2025-09-27 10:25:35.832
steal_usage,cpu,0.0,{"cpu":"3"},2025-09-27 10:25:35.832
guest_usage,cpu,0.0,{"cpu":"3"},2025-09-27 10:25:35.832
guest_nice_usage,cpu,0.0,{"cpu":"3"},2025-09-27 10:25:35.832
user_usage,cpu,21794.2,{"cpu":"4"},2025-09-27 10:25:35.832
nice_usage,cpu,9.69,{"cpu":"4"},2025-09-27 10:25:35.832
system_usage,cpu,11340.28,{"cpu":"4"},2025-09-27 10:25:35.832
idle_usage,cpu,901706.03,{"cpu":"4"},2025-09-27 10:25:35.832
iowait_usage,cpu,3938.78,{"cpu":"4"},2025-09-27 10:25:35.832
irq_usage,cpu,0.0,{"cpu":"4"},2025-09-27 10:25:35.832
softirq_usage,cpu,1881.26,{"cpu":"4"},2025-09-27 10:25:35.832
steal_usage,cpu,0.0,{"cpu":"4"},2025-09-27 10:25:35.832
guest_usage,cpu,0.0,{"cpu":"4"},2025-09-27 10:25:35.832
guest_nice_usage,cpu,0.0,{"cpu":"4"},2025-09-27 10:25:35.832
user_usage,cpu,20775.37,{"cpu":"5"},2025-09-27 10:25:35.832
nice_usage,cpu,71.06,{"cpu":"5"},2025-09-27 10:25:35.832
system_usage,cpu,10170.03,{"cpu":"5"},2025-09-27 10:25:35.832
idle_usage,cpu,904853.35,{"cpu":"5"},2025-09-27 10:25:35.832
iowait_usage,cpu,3846.65,{"cpu":"5"},2025-09-27 10:25:35.832
irq_usage,cpu,0.0,{"cpu":"5"},2025-09-27 10:25:35.832
softirq_usage,cpu,1439.31,{"cpu":"5"},2025-09-27 10:25:35.832
steal_usage,cpu,0.0,{"cpu":"5"},2025-09-27 10:25:35.832
guest_usage,cpu,0.0,{"cpu":"5"},2025-09-27 10:25:35.832
guest_nice_usage,cpu,0.0,{"cpu":"5"},2025-09-27 10:25:35.832
user_usage,cpu,21371.07,{"cpu":"6"},2025-09-27 10:25:35.832
nice_usage,cpu,85.22,{"cpu":"6"},2025-09-27 10:25:35.832
system_usage,cpu,11165.53,{"cpu":"6"},2025-09-27 10:25:35.832
idle_usage,cpu,902258.03,{"cpu":"6"},2025-09-27 10:25:35.832
iowait_usage,cpu,3993.41,{"cpu":"6"},2025-09-27 10:25:35.832
irq_usage,cpu,0.0,{"cpu":"6"},2025-09-27 10:25:35.832
softirq_usage,cpu,1872.79,{"cpu":"6"},2025-09-27 10:25:35.832
steal_usage,cpu,0.0,{"cpu":"6"},2025-09-27 10:25:35.832
guest_usage,cpu,0.0,{"cpu":"6"},2025-09-27 10:25:35.832
guest_nice_usage,cpu,0.0,{"cpu":"6"},2025-09-27 10:25:35.832
user_usage,cpu,20296.59,{"cpu":"7"},2025-09-27 10:25:35.832
nice_usage,cpu,61.12,{"cpu":"7"},2025-09-27 10:25:35.832
system_usage,cpu,10007.7,{"cpu":"7"},2025-09-27 10:25:35.832
idle_usage,cpu,905448.61,{"cpu":"7"},2025-09-27 10:25:35.832
iowait_usage,cpu,3960.68,{"cpu":"7"},2025-09-27 10:25:35.832
irq_usage,cpu,0.0,{"cpu":"7"},2025-09-27 10:25:35.832
softirq_usage,cpu,1433.66,{"cpu":"7"},2025-09-27 10:25:35.832
steal_usage,cpu,0.0,{"cpu":"7"},2025-09-27 10:25:35.832
guest_usage,cpu,0.0,{"cpu":"7"},2025-09-27 10:25:35.832
guest_nice_usage,cpu,0.0,{"cpu":"7"},2025-09-27 10:25:35.832
user_usage,cpu,21004.73,{"cpu":"8"},2025-09-27 10:25:35.832
nice_usage,cpu,1.83,{"cpu":"8"},2025-09-27 10:25:35.832
system_usage,cpu,11006.83,{"cpu":"8"},2025-09-27 10:25:35.832
idle_usage,cpu,902770.29,{"cpu":"8"},2025-09-27 10:25:35.832
iowait_usage,cpu,4039.38,{"cpu":"8"},2025-09-27 10:25:35.832
irq_usage,cpu,0.0,{"cpu":"8"},2025-09-27 10:25:35.832
softirq_usage,cpu,1833.7,{"cpu":"8"},2025-09-27 10:25:35.832
steal_usage,cpu,0.0,{"cpu":"8"},2025-09-27 10:25:35.832
guest_usage,cpu,0.0,{"cpu":"8"},2025-09-27 10:25:35.832
guest_nice_usage,cpu,0.0,{"cpu":"8"},2025-09-27 10:25:35.832
user_usage,cpu,19864.66,{"cpu":"9"},2025-09-27 10:25:35.832
nice_usage,cpu,74.79,{"cpu":"9"},2025-09-27 10:25:35.832
system_usage,cpu,9896.66,{"cpu":"9"},2025-09-27 10:25:35.832
idle_usage,cpu,906060.24,{"cpu":"9"},2025-09-27 10:25:35.832
iowait_usage,cpu,3912.64,{"cpu":"9"},2025-09-27 10:25:35.832
irq_usage,cpu,0.0,{"cpu":"9"},2025-09-27 10:25:35.832
softirq_usage,cpu,1436.38,{"cpu":"9"},2025-09-27 10:25:35.832
steal_usage,cpu,0.0,{"cpu":"9"},2025-09-27 10:25:35.832
guest_usage,cpu,0.0,{"cpu":"9"},2025-09-27 10:25:35.832
guest_nice_usage,cpu,0.0,{"cpu":"9"},2025-09-27 10:25:35.832
user_usage,cpu,20777.47,{"cpu":"10"},2025-09-27 10:25:35.832
nice_usage,cpu,4.1,{"cpu":"10"},2025-09-27 10:25:35.832
system_usage,cpu,10941.01,{"cpu":"10"},2025-09-27 10:25:35.832
idle_usage,cpu,903295.89,{"cpu":"10"},2025-09-27 10:25:35.832
iowait_usage,cpu,3946.46,{"cpu":"10"},2025-09-27 10:25:35.832
irq_usage,cpu,0.0,{"cpu":"10"},2025-09-27 10:25:35.832
softirq_usage,cpu,1848.79,{"cpu":"10"},2025-09-27 10:25:35.832
steal_usage,cpu,0.0,{"cpu":"10"},2025-09-27 10:25:35.832
guest_usage,cpu,0.0,{"cpu":"10"},2025-09-27 10:25:35.832
guest_nice_usage,cpu,0.0,{"cpu":"10"},2025-09-27 10:25:35.832
user_usage,cpu,19526.0,{"cpu":"11"},2025-09-27 10:25:35.832
nice_usage,cpu,38.23,{"cpu":"11"},2025-09-27 10:25:35.832
system_usage,cpu,9696.74,{"cpu":"11"},2025-09-27 10:25:35.832
idle_usage,cpu,906620.35,{"cpu":"11"},2025-09-27 10:25:35.832
iowait_usage,cpu,3966.35,{"cpu":"11"},2025-09-27 10:25:35.832
irq_usage,cpu,0.0,{"cpu":"11"},2025-09-27 10:25:35.832
softirq_usage,cpu,1431.15,{"cpu":"11"},2025-09-27 10:25:35.832
steal_usage,cpu,0.0,{"cpu":"11"},2025-09-27 10:25:35.832
guest_usage,cpu,0.0,{"cpu":"11"},2025-09-27 10:25:35.832
guest_nice_usage,cpu,0.0,{"cpu":"11"},2025-09-27 10:25:35.832
user_usage,cpu,20648.96,{"cpu":"12"},2025-09-27 10:25:35.832
nice_usage,cpu,19.49,{"cpu":"12"},2025-09-27 10:25:35.832
system_usage,cpu,10476.34,{"cpu":"12"},2025-09-27 10:25:35.832
idle_usage,cpu,902137.73,{"cpu":"12"},2025-09-27 10:25:35.832
iowait_usage,cpu,3895.7,{"cpu":"12"},2025-09-27 10:25:35.832
irq_usage,cpu,0.0,{"cpu":"12"},2025-09-27 10:25:35.832
softirq_usage,cpu,3295.45,{"cpu":"12"},2025-09-27 10:25:35.832
steal_usage,cpu,0.0,{"cpu":"12"},2025-09-27 10:25:35.832
guest_usage,cpu,0.0,{"cpu":"12"},2025-09-27 10:25:35.832
guest_nice_usage,cpu,0.0,{"cpu":"12"},2025-09-27 10:25:35.832
user_usage,cpu,19720.55,{"cpu":"13"},2025-09-27 10:25:35.832
nice_usage,cpu,76.43,{"cpu":"13"},2025-09-27 10:25:35.832
system_usage,cpu,9616.13,{"cpu":"13"},2025-09-27 10:25:35.832
idle_usage,cpu,906681.26,{"cpu":"13"},2025-09-27 10:25:35.832
iowait_usage,cpu,3810.66,{"cpu":"13"},2025-09-27 10:25:35.832
irq_usage,cpu,0.0,{"cpu":"13"},2025-09-27 10:25:35.832
softirq_usage,cpu,1414.11,{"cpu":"13"},2025-09-27 10:25:35.832
steal_usage,cpu,0.0,{"cpu":"13"},2025-09-27 10:25:35.832
guest_usage,cpu,0.0,{"cpu":"13"},2025-09-27 10:25:35.832
guest_nice_usage,cpu,0.0,{"cpu":"13"},2025-09-27 10:25:35.832
user_usage,cpu,18277.13,{"cpu":"14"},2025-09-27 10:25:35.832
nice_usage,cpu,1.85,{"cpu":"14"},2025-09-27 10:25:35.832
system_usage,cpu,9557.33,{"cpu":"14"},2025-09-27 10:25:35.832
idle_usage,cpu,899576.17,{"cpu":"14"},2025-09-27 10:25:35.832
iowait_usage,cpu,3898.24,{"cpu":"14"},2025-09-27 10:25:35.832
irq_usage,cpu,0.0,{"cpu":"14"},2025-09-27 10:25:35.832
softirq_usage,cpu,9860.58,{"cpu":"14"},2025-09-27 10:25:35.832
steal_usage,cpu,0.0,{"cpu":"14"},2025-09-27 10:25:35.832
guest_usage,cpu,0.0,{"cpu":"14"},2025-09-27 10:25:35.832
guest_nice_usage,cpu,0.0,{"cpu":"14"},2025-09-27 10:25:35.832
user_usage,cpu,18967.54,{"cpu":"15"},2025-09-27 10:25:35.832
nice_usage,cpu,13.95,{"cpu":"15"},2025-09-27 10:25:35.832
system_usage,cpu,9681.14,{"cpu":"15"},2025-09-27 10:25:35.832
idle_usage,cpu,907385.9,{"cpu":"15"},2025-09-27 10:25:35.832
iowait_usage,cpu,3787.11,{"cpu":"15"},2025-09-27 10:25:35.832
irq_usage,cpu,0.0,{"cpu":"15"},2025-09-27 10:25:35.832
softirq_usage,cpu,1432.75,{"cpu":"15"},2025-09-27 10:25:35.832
steal_usage,cpu,0.0,{"cpu":"15"},2025-09-27 10:25:35.832
guest_usage,cpu,0.0,{"cpu":"15"},2025-09-27 10:25:35.832
guest_nice_usage,cpu,0.0,{"cpu":"15"},2025-09-27 10:25:35.832
user_usage,cpu,20263.52,{"cpu":"16"},2025-09-27 10:25:35.832
nice_usage,cpu,11.32,{"cpu":"16"},2025-09-27 10:25:35.832
system_usage,cpu,10768.78,{"cpu":"16"},2025-09-27 10:25:35.832
idle_usage,cpu,903642.0,{"cpu":"16"},2025-09-27 10:25:35.832
iowait_usage,cpu,3979.58,{"cpu":"16"},2025-09-27 10:25:35.832
irq_usage,cpu,0.0,{"cpu":"16"},2025-09-27 10:25:35.832
softirq_usage,cpu,1966.04,{"cpu":"16"},2025-09-27 10:25:35.832
steal_usage,cpu,0.0,{"cpu":"16"},2025-09-27 10:25:35.832
guest_usage,cpu,0.0,{"cpu":"16"},2025-09-27 10:25:35.832
guest_nice_usage,cpu,0.0,{"cpu":"16"},2025-09-27 10:25:35.832
user_usage,cpu,18863.44,{"cpu":"17"},2025-09-27 10:25:35.832
nice_usage,cpu,75.57,{"cpu":"17"},2025-09-27 10:25:35.832
system_usage,cpu,9684.81,{"cpu":"17"},2025-09-27 10:25:35.832
idle_usage,cpu,907454.88,{"cpu":"17"},2025-09-27 10:25:35.832
iowait_usage,cpu,3793.21,{"cpu":"17"},2025-09-27 10:25:35.832
irq_usage,cpu,0.0,{"cpu":"17"},2025-09-27 10:25:35.832
softirq_usage,cpu,1434.4,{"cpu":"17"},2025-09-27 10:25:35.832
steal_usage,cpu,0.0,{"cpu":"17"},2025-09-27 10:25:35.832
guest_usage,cpu,0.0,{"cpu":"17"},2025-09-27 10:25:35.832
guest_nice_usage,cpu,0.0,{"cpu":"17"},2025-09-27 10:25:35.832
user_usage,cpu,20224.55,{"cpu":"18"},2025-09-27 10:25:35.832
nice_usage,cpu,51.52,{"cpu":"18"},2025-09-27 10:25:35.832
system_usage,cpu,10779.53,{"cpu":"18"},2025-09-27 10:25:35.832
idle_usage,cpu,903751.07,{"cpu":"18"},2025-09-27 10:25:35.832
iowait_usage,cpu,3944.99,{"cpu":"18"},2025-09-27 10:25:35.832
irq_usage,cpu,0.0,{"cpu":"18"},2025-09-27 10:25:35.832
softirq_usage,cpu,1943.57,{"cpu":"18"},2025-09-27 10:25:35.832
steal_usage,cpu,0.0,{"cpu":"18"},2025-09-27 10:25:35.832
guest_usage,cpu,0.0,{"cpu":"18"},2025-09-27 10:25:35.832
guest_nice_usage,cpu,0.0,{"cpu":"18"},2025-09-27 10:25:35.832
user_usage,cpu,18653.94,{"cpu":"19"},2025-09-27 10:25:35.832
nice_usage,cpu,26.94,{"cpu":"19"},2025-09-27 10:25:35.832
system_usage,cpu,9596.14,{"cpu":"19"},2025-09-27 10:25:35.832
idle_usage,cpu,907714.44,{"cpu":"19"},2025-09-27 10:25:35.832
iowait_usage,cpu,3918.04,{"cpu":"19"},2025-09-27 10:25:35.832
irq_usage,cpu,0.0,{"cpu":"19"},2025-09-27 10:25:35.832
softirq_usage,cpu,1434.78,{"cpu":"19"},2025-09-27 10:25:35.832
steal_usage,cpu,0.0,{"cpu":"19"},2025-09-27 10:25:35.832
guest_usage,cpu,0.0,{"cpu":"19"},2025-09-27 10:25:35.832
guest_nice_usage,cpu,0.0,{"cpu":"19"},2025-09-27 10:25:35.832
user_usage,cpu,15486.93,{"cpu":"20"},2025-09-27 10:25:35.832
nice_usage,cpu,2.01,{"cpu":"20"},2025-09-27 10:25:35.832
system_usage,cpu,7998.14,{"cpu":"20"},2025-09-27 10:25:35.832
idle_usage,cpu,897304.73,{"cpu":"20"},2025-09-27 10:25:35.832
iowait_usage,cpu,4044.33,{"cpu":"20"},2025-09-27 10:25:35.832
irq_usage,cpu,0.0,{"cpu":"20"},2025-09-27 10:25:35.832
softirq_usage,cpu,16875.4,{"cpu":"20"},2025-09-27 10:25:35.832
steal_usage,cpu,0.0,{"cpu":"20"},2025-09-27 10:25:35.832
guest_usage,cpu,0.0,{"cpu":"20"},2025-09-27 10:25:35.832
guest_nice_usage,cpu,0.0,{"cpu":"20"},2025-09-27 10:25:35.832
user_usage,cpu,18791.27,{"cpu":"21"},2025-09-27 10:25:35.832
nice_usage,cpu,42.34,{"cpu":"21"},2025-09-27 10:25:35.832
system_usage,cpu,9521.66,{"cpu":"21"},2025-09-27 10:25:35.832
idle_usage,cpu,907686.34,{"cpu":"21"},2025-09-27 10:25:35.832
iowait_usage,cpu,3890.53,{"cpu":"21"},2025-09-27 10:25:35.832
irq_usage,cpu,0.0,{"cpu":"21"},2025-09-27 10:25:35.832
softirq_usage,cpu,1434.25,{"cpu":"21"},2025-09-27 10:25:35.832
steal_usage,cpu,0.0,{"cpu":"21"},2025-09-27 10:25:35.832
guest_usage,cpu,0.0,{"cpu":"21"},2025-09-27 10:25:35.832
guest_nice_usage,cpu,0.0,{"cpu":"21"},2025-09-27 10:25:35.832
user_usage,cpu,20369.56,{"cpu":"22"},2025-09-27 10:25:35.832
nice_usage,cpu,1.27,{"cpu":"22"},2025-09-27 10:25:35.832
system_usage,cpu,10944.31,{"cpu":"22"},2025-09-27 10:25:35.832
idle_usage,cpu,903653.4,{"cpu":"22"},2025-09-27 10:25:35.832
iowait_usage,cpu,3912.42,{"cpu":"22"},2025-09-27 10:25:35.832
irq_usage,cpu,0.0,{"cpu":"22"},2025-09-27 10:25:35.832
softirq_usage,cpu,1965.43,{"cpu":"22"},2025-09-27 10:25:35.832
steal_usage,cpu,0.0,{"cpu":"22"},2025-09-27 10:25:35.832
guest_usage,cpu,0.0,{"cpu":"22"},2025-09-27 10:25:35.832
guest_nice_usage,cpu,0.0,{"cpu":"22"},2025-09-27 10:25:35.832
user_usage,cpu,18767.58,{"cpu":"23"},2025-09-27 10:25:35.832
nice_usage,cpu,15.67,{"cpu":"23"},2025-09-27 10:25:35.832
system_usage,cpu,9500.39,{"cpu":"23"},2025-09-27 10:25:35.832
idle_usage,cpu,907599.84,{"cpu":"23"},2025-09-27 10:25:35.832
iowait_usage,cpu,3988.79,{"cpu":"23"},2025-09-27 10:25:35.832
irq_usage,cpu,0.0,{"cpu":"23"},2025-09-27 10:25:35.832
softirq_usage,cpu,1434.25,{"cpu":"23"},2025-09-27 10:25:35.832
steal_usage,cpu,0.0,{"cpu":"23"},2025-09-27 10:25:35.832
guest_usage,cpu,0.0,{"cpu":"23"},2025-09-27 10:25:35.832
guest_nice_usage,cpu,0.0,{"cpu":"23"},2025-09-27 10:25:35.832
context_switches,cpu,14984773234.0,,2025-09-27 10:25:35.832
boot_time,cpu,1758024813.0,,2025-09-27 10:25:35.832
processes,cpu,12180018.0,,2025-09-27 10:25:35.832
procs_running,cpu,1.0,,2025-09-27 10:25:35.832
procs_blocked,cpu,0.0,,2025-09-27 10:25:35.832
MemTotal,memory,65841220.0,,2025-09-27 10:25:35.832
MemFree,memory,4821600.0,,2025-09-27 10:25:35.832
MemAvailable,memory,18216896.0,,2025-09-27 10:25:35.832
Buffers,memory,374736.0,,2025-09-27 10:25:35.832
Cached,memory,11835872.0,,2025-09-27 10:25:35.832
SwapCached,memory,0.0,,2025-09-27 10:25:35.832
Active,memory,50024708.0,,2025-09-27 10:25:35.832
Inactive,memory,6503416.0,,2025-09-27 10:25:35.832
Active(anon),memory,43924784.0,,2025-09-27 10:25:35.832
Inactive(anon),memory,413772.0,,2025-09-27 10:25:35.832
Active(file),memory,6099924.0,,2025-09-27 10:25:35.832
Inactive(file),memory,6089644.0,,2025-09-27 10:25:35.832
SwapTotal,memory,0.0,,2025-09-27 10:25:35.832
SwapFree,memory,0.0,,2025-09-27 10:25:35.832
Dirty,memory,32396.0,,2025-09-27 10:25:35.832
Writeback,memory,0.0,,2025-09-27 10:25:35.832
AnonPages,memory,44365716.0,,2025-09-27 10:25:35.832
Mapped,memory,647820.0,,2025-09-27 10:25:35.832
Shmem,memory,5760.0,,2025-09-27 10:25:35.832
KReclaimable,memory,2209044.0,,2025-09-27 10:25:35.832
Slab,memory,2886708.0,,2025-09-27 10:25:35.832
SReclaimable,memory,2209044.0,,2025-09-27 10:25:35.832
Sunreclaim,memory,677664.0,,2025-09-27 10:25:35.832
KernelStack,memory,20064.0,,2025-09-27 10:25:35.832
PageTables,memory,202988.0,,2025-09-27 10:25:35.832
NFS_Unstable,memory,0.0,,2025-09-27 10:25:35.832
Bounce,memory,0.0,,2025-09-27 10:25:35.832
WritebackTmp,memory,0.0,,2025-09-27 10:25:35.832
CommitLimit,memory,32920608.0,,2025-09-27 10:25:35.832
Committed_AS,memory,46427012.0,,2025-09-27 10:25:35.832
VmallocTotal,memory,34359738367.0,,2025-09-27 10:25:35.832
VmallocUsed,memory,170228.0,,2025-09-27 10:25:35.832
VmallocChunk,memory,0.0,,2025-09-27 10:25:35.832
nr_free_pages,memory,1205400.0,,2025-09-27 10:25:35.832
nr_inactive_anon,memory,103443.0,,2025-09-27 10:25:35.832
nr_active_anon,memory,10981196.0,,2025-09-27 10:25:35.832
nr_inactive_file,memory,1522411.0,,2025-09-27 10:25:35.832
nr_active_file,memory,1524981.0,,2025-09-27 10:25:35.832
nr_unevictable,memory,11999.0,,2025-09-27 10:25:35.832
nr_mlock,memory,11231.0,,2025-09-27 10:25:35.832
nr_anon_pages,memory,11091429.0,,2025-09-27 10:25:35.832
nr_mapped,memory,161955.0,,2025-09-27 10:25:35.832
nr_file_pages,memory,3052652.0,,2025-09-27 10:25:35.832
nr_dirty,memory,8099.0,,2025-09-27 10:25:35.832
nr_writeback,memory,0.0,,2025-09-27 10:25:35.832
nr_slab_reclaimable,memory,552261.0,,2025-09-27 10:25:35.832
nr_slab_unreclaimable,memory,169416.0,,2025-09-27 10:25:35.832
nr_page_table_pages,memory,50747.0,,2025-09-27 10:25:35.832
nr_kernel_stack,memory,20064.0,,2025-09-27 10:25:35.832
nr_unstable,memory,0.0,,2025-09-27 10:25:35.832
nr_bounce,memory,0.0,,2025-09-27 10:25:35.832
nr_vmscan_write,memory,0.0,,2025-09-27 10:25:35.832
nr_vmscan_immediate_reclaim,memory,1.0,,2025-09-27 10:25:35.832
nr_writeback_temp,memory,0.0,,2025-09-27 10:25:35.832
nr_isolated_anon,memory,0.0,,2025-09-27 10:25:35.832
nr_isolated_file,memory,0.0,,2025-09-27 10:25:35.832
nr_shmem,memory,1440.0,,2025-09-27 10:25:35.832
nr_dirtied,memory,212242195.0,,2025-09-27 10:25:35.832
nr_written,memory,203956246.0,,2025-09-27 10:25:35.832
numa_hit,memory,5590882524.0,,2025-09-27 10:25:35.832
numa_miss,memory,166798689.0,,2025-09-27 10:25:35.832
numa_foreign,memory,166798689.0,,2025-09-27 10:25:35.832
numa_interleave,memory,389.0,,2025-09-27 10:25:35.832
numa_local,memory,5589309160.0,,2025-09-27 10:25:35.832
numa_other,memory,166863049.0,,2025-09-27 10:25:35.832
workingset_nodereclaim,memory,644348.0,,2025-09-27 10:25:35.832
nr_anon_transparent_hugepages,memory,0.0,,2025-09-27 10:25:35.832
nr_free_cma,memory,0.0,,2025-09-27 10:25:35.832
nr_dirty_threshold,memory,832468.0,,2025-09-27 10:25:35.832
nr_dirty_background_threshold,memory,415725.0,,2025-09-27 10:25:35.832
pgpgin,memory,395153089.0,,2025-09-27 10:25:35.832
pgpgout,memory,845023328.0,,2025-09-27 10:25:35.832
pswpin,memory,0.0,,2025-09-27 10:25:35.832
pswpout,memory,0.0,,2025-09-27 10:25:35.832
pgalloc_dma,memory,1024.0,,2025-09-27 10:25:35.832
pgalloc_dma32,memory,27150872.0,,2025-09-27 10:25:35.832
pgalloc_normal,memory,5965527031.0,,2025-09-27 10:25:35.832
pgalloc_movable,memory,0.0,,2025-09-27 10:25:35.832
pgfree,memory,6027845806.0,,2025-09-27 10:25:35.832
pgactivate,memory,634733313.0,,2025-09-27 10:25:35.832
pgdeactivate,memory,0.0,,2025-09-27 10:25:35.832
pgfault,memory,7806517192.0,,2025-09-27 10:25:35.832
pgmajfault,memory,6396018.0,,2025-09-27 10:25:35.832
pgscan_direct_throttle,memory,70306.0,,2025-09-27 10:25:35.832
pginodesteal,memory,6.0,,2025-09-27 10:25:35.832
slabs_scanned,memory,552074652.0,,2025-09-27 10:25:35.832
kswapd_inodesteal,memory,193621.0,,2025-09-27 10:25:35.832
kswapd_low_wmark_hit_quickly,memory,3817.0,,2025-09-27 10:25:35.832
kswapd_high_wmark_hit_quickly,memory,4346647.0,,2025-09-27 10:25:35.832
pageoutrun,memory,4352576.0,,2025-09-27 10:25:35.832
pgrotated,memory,2999.0,,2025-09-27 10:25:35.832
drop_pagecache,memory,0.0,,2025-09-27 10:25:35.832
drop_slab,memory,0.0,,2025-09-27 10:25:35.832
numa_pte_updates,memory,1091468455.0,,2025-09-27 10:25:35.832
numa_huge_pte_updates,memory,338.0,,2025-09-27 10:25:35.832
numa_hint_faults,memory,931943577.0,,2025-09-27 10:25:35.832
numa_hint_faults_local,memory,599638951.0,,2025-09-27 10:25:35.832
numa_pages_migrated,memory,159175328.0,,2025-09-27 10:25:35.832
pgmigrate_success,memory,192981518.0,,2025-09-27 10:25:35.832
pgmigrate_fail,memory,513253.0,,2025-09-27 10:25:35.832
compact_migrate_scanned,memory,397361572.0,,2025-09-27 10:25:35.832
compact_free_scanned,memory,2457815245.0,,2025-09-27 10:25:35.832
compact_isolated,memory,68492704.0,,2025-09-27 10:25:35.832
compact_stall,memory,6.0,,2025-09-27 10:25:35.832
compact_fail,memory,5.0,,2025-09-27 10:25:35.832
compact_success,memory,1.0,,2025-09-27 10:25:35.832
htlb_buddy_alloc_success,memory,0.0,,2025-09-27 10:25:35.832
htlb_buddy_alloc_fail,memory,0.0,,2025-09-27 10:25:35.832
unevictable_pgs_culled,memory,66784.0,,2025-09-27 10:25:35.832
unevictable_pgs_scanned,memory,300.0,,2025-09-27 10:25:35.832
unevictable_pgs_rescued,memory,31373.0,,2025-09-27 10:25:35.832
unevictable_pgs_mlocked,memory,42304.0,,2025-09-27 10:25:35.832
unevictable_pgs_munlocked,memory,12528.0,,2025-09-27 10:25:35.832
unevictable_pgs_cleared,memory,0.0,,2025-09-27 10:25:35.832
unevictable_pgs_stranded,memory,18545.0,,2025-09-27 10:25:35.832
thp_fault_alloc,memory,0.0,,2025-09-27 10:25:35.832
thp_fault_fallback,memory,1.0,,2025-09-27 10:25:35.832
thp_collapse_alloc,memory,108.0,,2025-09-27 10:25:35.832
thp_collapse_alloc_failed,memory,0.0,,2025-09-27 10:25:35.832
thp_zero_page_alloc,memory,3.0,,2025-09-27 10:25:35.832
thp_zero_page_alloc_failed,memory,1.0,,2025-09-27 10:25:35.832
balloon_inflate,memory,0.0,,2025-09-27 10:25:35.832
balloon_deflate,memory,0.0,,2025-09-27 10:25:35.832
balloon_migrate,memory,0.0,,2025-09-27 10:25:35.832
rx_bytes,network,6944040202.0,{"interface":"lo"},2025-09-27 10:25:35.833
rx_packets,network,20028557.0,{"interface":"lo"},2025-09-27 10:25:35.833
rx_errors,network,0.0,{"interface":"lo"},2025-09-27 10:25:35.833
rx_dropped,network,2.0,{"interface":"lo"},2025-09-27 10:25:35.833
rx_fifo,network,0.0,{"interface":"lo"},2025-09-27 10:25:35.833
rx_frame,network,0.0,{"interface":"lo"},2025-09-27 10:25:35.833
rx_compressed,network,0.0,{"interface":"lo"},2025-09-27 10:25:35.833
rx_multicast,network,0.0,{"interface":"lo"},2025-09-27 10:25:35.833
tx_bytes,network,6944040202.0,{"interface":"lo"},2025-09-27 10:25:35.833
tx_packets,network,20028557.0,{"interface":"lo"},2025-09-27 10:25:35.833
tx_errors,network,0.0,{"interface":"lo"},2025-09-27 10:25:35.833
tx_dropped,network,0.0,{"interface":"lo"},2025-09-27 10:25:35.833
tx_fifo,network,0.0,{"interface":"lo"},2025-09-27 10:25:35.833
tx_colls,network,0.0,{"interface":"lo"},2025-09-27 10:25:35.833
tx_carrier,network,0.0,{"interface":"lo"},2025-09-27 10:25:35.833
tx_compressed,network,0.0,{"interface":"lo"},2025-09-27 10:25:35.833
rx_bytes,network,266049880118.0,{"interface":"eno1"},2025-09-27 10:25:35.833
rx_packets,network,958903217.0,{"interface":"eno1"},2025-09-27 10:25:35.833
rx_errors,network,0.0,{"interface":"eno1"},2025-09-27 10:25:35.833
rx_dropped,network,1233.0,{"interface":"eno1"},2025-09-27 10:25:35.833
rx_fifo,network,0.0,{"interface":"eno1"},2025-09-27 10:25:35.833
rx_frame,network,0.0,{"interface":"eno1"},2025-09-27 10:25:35.833
rx_compressed,network,0.0,{"interface":"eno1"},2025-09-27 10:25:35.833
rx_multicast,network,446294.0,{"interface":"eno1"},2025-09-27 10:25:35.833
tx_bytes,network,231717701798.0,{"interface":"eno1"},2025-09-27 10:25:35.833
tx_packets,network,955822492.0,{"interface":"eno1"},2025-09-27 10:25:35.833
tx_errors,network,0.0,{"interface":"eno1"},2025-09-27 10:25:35.833
tx_dropped,network,0.0,{"interface":"eno1"},2025-09-27 10:25:35.833
tx_fifo,network,0.0,{"interface":"eno1"},2025-09-27 10:25:35.833
tx_colls,network,0.0,{"interface":"eno1"},2025-09-27 10:25:35.833
tx_carrier,network,0.0,{"interface":"eno1"},2025-09-27 10:25:35.833
tx_compressed,network,0.0,{"interface":"eno1"},2025-09-27 10:25:35.833
rx_bytes,network,0.0,{"interface":"eno2"},2025-09-27 10:25:35.833
rx_packets,network,0.0,{"interface":"eno2"},2025-09-27 10:25:35.833
rx_errors,network,0.0,{"interface":"eno2"},2025-09-27 10:25:35.833
rx_dropped,network,0.0,{"interface":"eno2"},2025-09-27 10:25:35.833
rx_fifo,network,0.0,{"interface":"eno2"},2025-09-27 10:25:35.833
rx_frame,network,0.0,{"interface":"eno2"},2025-09-27 10:25:35.833
rx_compressed,network,0.0,{"interface":"eno2"},2025-09-27 10:25:35.833
rx_multicast,network,0.0,{"interface":"eno2"},2025-09-27 10:25:35.833
tx_bytes,network,0.0,{"interface":"eno2"},2025-09-27 10:25:35.833
tx_packets,network,0.0,{"interface":"eno2"},2025-09-27 10:25:35.833
tx_errors,network,0.0,{"interface":"eno2"},2025-09-27 10:25:35.833
tx_dropped,network,0.0,{"interface":"eno2"},2025-09-27 10:25:35.833
tx_fifo,network,0.0,{"interface":"eno2"},2025-09-27 10:25:35.833
tx_colls,network,0.0,{"interface":"eno2"},2025-09-27 10:25:35.833
tx_carrier,network,0.0,{"interface":"eno2"},2025-09-27 10:25:35.833
tx_compressed,network,0.0,{"interface":"eno2"},2025-09-27 10:25:35.833
rx_bytes,network,0.0,{"interface":"eno3"},2025-09-27 10:25:35.833
rx_packets,network,0.0,{"interface":"eno3"},2025-09-27 10:25:35.833
rx_errors,network,0.0,{"interface":"eno3"},2025-09-27 10:25:35.833
rx_dropped,network,0.0,{"interface":"eno3"},2025-09-27 10:25:35.833
rx_fifo,network,0.0,{"interface":"eno3"},2025-09-27 10:25:35.833
rx_frame,network,0.0,{"interface":"eno3"},2025-09-27 10:25:35.833
rx_compressed,network,0.0,{"interface":"eno3"},2025-09-27 10:25:35.833
rx_multicast,network,0.0,{"interface":"eno3"},2025-09-27 10:25:35.833
tx_bytes,network,0.0,{"interface":"eno3"},2025-09-27 10:25:35.833
tx_packets,network,0.0,{"interface":"eno3"},2025-09-27 10:25:35.833
tx_errors,network,0.0,{"interface":"eno3"},2025-09-27 10:25:35.833
tx_dropped,network,0.0,{"interface":"eno3"},2025-09-27 10:25:35.833
tx_fifo,network,0.0,{"interface":"eno3"},2025-09-27 10:25:35.833
tx_colls,network,0.0,{"interface":"eno3"},2025-09-27 10:25:35.833
tx_carrier,network,0.0,{"interface":"eno3"},2025-09-27 10:25:35.833
tx_compressed,network,0.0,{"interface":"eno3"},2025-09-27 10:25:35.833
rx_bytes,network,0.0,{"interface":"enp5s0f0"},2025-09-27 10:25:35.833
rx_packets,network,0.0,{"interface":"enp5s0f0"},2025-09-27 10:25:35.833
rx_errors,network,0.0,{"interface":"enp5s0f0"},2025-09-27 10:25:35.833
rx_dropped,network,0.0,{"interface":"enp5s0f0"},2025-09-27 10:25:35.833
rx_fifo,network,0.0,{"interface":"enp5s0f0"},2025-09-27 10:25:35.833
rx_frame,network,0.0,{"interface":"enp5s0f0"},2025-09-27 10:25:35.833
rx_compressed,network,0.0,{"interface":"enp5s0f0"},2025-09-27 10:25:35.833
rx_multicast,network,0.0,{"interface":"enp5s0f0"},2025-09-27 10:25:35.833
tx_bytes,network,0.0,{"interface":"enp5s0f0"},2025-09-27 10:25:35.833
tx_packets,network,0.0,{"interface":"enp5s0f0"},2025-09-27 10:25:35.833
tx_errors,network,0.0,{"interface":"enp5s0f0"},2025-09-27 10:25:35.833
tx_dropped,network,0.0,{"interface":"enp5s0f0"},2025-09-27 10:25:35.833
tx_fifo,network,0.0,{"interface":"enp5s0f0"},2025-09-27 10:25:35.833
tx_colls,network,0.0,{"interface":"enp5s0f0"},2025-09-27 10:25:35.833
tx_carrier,network,0.0,{"interface":"enp5s0f0"},2025-09-27 10:25:35.833
tx_compressed,network,0.0,{"interface":"enp5s0f0"},2025-09-27 10:25:35.833
rx_bytes,network,0.0,{"interface":"eno4"},2025-09-27 10:25:35.833
rx_packets,network,0.0,{"interface":"eno4"},2025-09-27 10:25:35.833
rx_errors,network,0.0,{"interface":"eno4"},2025-09-27 10:25:35.833
rx_dropped,network,0.0,{"interface":"eno4"},2025-09-27 10:25:35.833
rx_fifo,network,0.0,{"interface":"eno4"},2025-09-27 10:25:35.833
rx_frame,network,0.0,{"interface":"eno4"},2025-09-27 10:25:35.833
rx_compressed,network,0.0,{"interface":"eno4"},2025-09-27 10:25:35.833
rx_multicast,network,0.0,{"interface":"eno4"},2025-09-27 10:25:35.833
tx_bytes,network,0.0,{"interface":"eno4"},2025-09-27 10:25:35.833
tx_packets,network,0.0,{"interface":"eno4"},2025-09-27 10:25:35.833
tx_errors,network,0.0,{"interface":"eno4"},2025-09-27 10:25:35.833
tx_dropped,network,0.0,{"interface":"eno4"},2025-09-27 10:25:35.833
tx_fifo,network,0.0,{"interface":"eno4"},2025-09-27 10:25:35.833
tx_colls,network,0.0,{"interface":"eno4"},2025-09-27 10:25:35.833
tx_carrier,network,0.0,{"interface":"eno4"},2025-09-27 10:25:35.833
tx_compressed,network,0.0,{"interface":"eno4"},2025-09-27 10:25:35.833
rx_bytes,network,0.0,{"interface":"enp5s0f1"},2025-09-27 10:25:35.833
rx_packets,network,0.0,{"interface":"enp5s0f1"},2025-09-27 10:25:35.833
rx_errors,network,0.0,{"interface":"enp5s0f1"},2025-09-27 10:25:35.833
rx_dropped,network,0.0,{"interface":"enp5s0f1"},2025-09-27 10:25:35.833
rx_fifo,network,0.0,{"interface":"enp5s0f1"},2025-09-27 10:25:35.833
rx_frame,network,0.0,{"interface":"enp5s0f1"},2025-09-27 10:25:35.833
rx_compressed,network,0.0,{"interface":"enp5s0f1"},2025-09-27 10:25:35.833
rx_multicast,network,0.0,{"interface":"enp5s0f1"},2025-09-27 10:25:35.833
tx_bytes,network,0.0,{"interface":"enp5s0f1"},2025-09-27 10:25:35.833
tx_packets,network,0.0,{"interface":"enp5s0f1"},2025-09-27 10:25:35.833
tx_errors,network,0.0,{"interface":"enp5s0f1"},2025-09-27 10:25:35.833
tx_dropped,network,0.0,{"interface":"enp5s0f1"},2025-09-27 10:25:35.833
tx_fifo,network,0.0,{"interface":"enp5s0f1"},2025-09-27 10:25:35.833
tx_colls,network,0.0,{"interface":"enp5s0f1"},2025-09-27 10:25:35.833
tx_carrier,network,0.0,{"interface":"enp5s0f1"},2025-09-27 10:25:35.833
tx_compressed,network,0.0,{"interface":"enp5s0f1"},2025-09-27 10:25:35.833
rx_bytes,network,0.0,{"interface":"enp6s0f0"},2025-09-27 10:25:35.833
rx_packets,network,0.0,{"interface":"enp6s0f0"},2025-09-27 10:25:35.833
rx_errors,network,0.0,{"interface":"enp6s0f0"},2025-09-27 10:25:35.833
rx_dropped,network,0.0,{"interface":"enp6s0f0"},2025-09-27 10:25:35.833
rx_fifo,network,0.0,{"interface":"enp6s0f0"},2025-09-27 10:25:35.833
rx_frame,network,0.0,{"interface":"enp6s0f0"},2025-09-27 10:25:35.833
rx_compressed,network,0.0,{"interface":"enp6s0f0"},2025-09-27 10:25:35.833
rx_multicast,network,0.0,{"interface":"enp6s0f0"},2025-09-27 10:25:35.833
tx_bytes,network,0.0,{"interface":"enp6s0f0"},2025-09-27 10:25:35.833
tx_packets,network,0.0,{"interface":"enp6s0f0"},2025-09-27 10:25:35.833
tx_errors,network,0.0,{"interface":"enp6s0f0"},2025-09-27 10:25:35.833
tx_dropped,network,0.0,{"interface":"enp6s0f0"},2025-09-27 10:25:35.833
tx_fifo,network,0.0,{"interface":"enp6s0f0"},2025-09-27 10:25:35.833
tx_colls,network,0.0,{"interface":"enp6s0f0"},2025-09-27 10:25:35.833
tx_carrier,network,0.0,{"interface":"enp6s0f0"},2025-09-27 10:25:35.833
tx_compressed,network,0.0,{"interface":"enp6s0f0"},2025-09-27 10:25:35.833
rx_bytes,network,0.0,{"interface":"enp6s0f1"},2025-09-27 10:25:35.833
rx_packets,network,0.0,{"interface":"enp6s0f1"},2025-09-27 10:25:35.833
rx_errors,network,0.0,{"interface":"enp6s0f1"},2025-09-27 10:25:35.833
rx_dropped,network,0.0,{"interface":"enp6s0f1"},2025-09-27 10:25:35.833
rx_fifo,network,0.0,{"interface":"enp6s0f1"},2025-09-27 10:25:35.833
rx_frame,network,0.0,{"interface":"enp6s0f1"},2025-09-27 10:25:35.833
rx_compressed,network,0.0,{"interface":"enp6s0f1"},2025-09-27 10:25:35.833
rx_multicast,network,0.0,{"interface":"enp6s0f1"},2025-09-27 10:25:35.833
tx_bytes,network,0.0,{"interface":"enp6s0f1"},2025-09-27 10:25:35.833
tx_packets,network,0.0,{"interface":"enp6s0f1"},2025-09-27 10:25:35.833
tx_errors,network,0.0,{"interface":"enp6s0f1"},2025-09-27 10:25:35.833
tx_dropped,network,0.0,{"interface":"enp6s0f1"},2025-09-27 10:25:35.833
tx_fifo,network,0.0,{"interface":"enp6s0f1"},2025-09-27 10:25:35.833
tx_colls,network,0.0,{"interface":"enp6s0f1"},2025-09-27 10:25:35.833
tx_carrier,network,0.0,{"interface":"enp6s0f1"},2025-09-27 10:25:35.833
tx_compressed,network,0.0,{"interface":"enp6s0f1"},2025-09-27 10:25:35.833
rx_bytes,network,0.0,{"interface":"enp4s0np0"},2025-09-27 10:25:35.833
rx_packets,network,0.0,{"interface":"enp4s0np0"},2025-09-27 10:25:35.833
rx_errors,network,0.0,{"interface":"enp4s0np0"},2025-09-27 10:25:35.833
rx_dropped,network,0.0,{"interface":"enp4s0np0"},2025-09-27 10:25:35.833
rx_fifo,network,0.0,{"interface":"enp4s0np0"},2025-09-27 10:25:35.833
rx_frame,network,0.0,{"interface":"enp4s0np0"},2025-09-27 10:25:35.833
rx_compressed,network,0.0,{"interface":"enp4s0np0"},2025-09-27 10:25:35.833
rx_multicast,network,0.0,{"interface":"enp4s0np0"},2025-09-27 10:25:35.833
tx_bytes,network,0.0,{"interface":"enp4s0np0"},2025-09-27 10:25:35.833
tx_packets,network,0.0,{"interface":"enp4s0np0"},2025-09-27 10:25:35.833
tx_errors,network,0.0,{"interface":"enp4s0np0"},2025-09-27 10:25:35.833
tx_dropped,network,0.0,{"interface":"enp4s0np0"},2025-09-27 10:25:35.833
tx_fifo,network,0.0,{"interface":"enp4s0np0"},2025-09-27 10:25:35.833
tx_colls,network,0.0,{"interface":"enp4s0np0"},2025-09-27 10:25:35.833
tx_carrier,network,0.0,{"interface":"enp4s0np0"},2025-09-27 10:25:35.833
tx_compressed,network,0.0,{"interface":"enp4s0np0"},2025-09-27 10:25:35.833
rx_bytes,network,0.0,{"interface":"enp132s0f0"},2025-09-27 10:25:35.833
rx_packets,network,0.0,{"interface":"enp132s0f0"},2025-09-27 10:25:35.833
rx_errors,network,0.0,{"interface":"enp132s0f0"},2025-09-27 10:25:35.833
rx_dropped,network,0.0,{"interface":"enp132s0f0"},2025-09-27 10:25:35.833
rx_fifo,network,0.0,{"interface":"enp132s0f0"},2025-09-27 10:25:35.833
rx_frame,network,0.0,{"interface":"enp132s0f0"},2025-09-27 10:25:35.833
rx_compressed,network,0.0,{"interface":"enp132s0f0"},2025-09-27 10:25:35.833
rx_multicast,network,0.0,{"interface":"enp132s0f0"},2025-09-27 10:25:35.833
tx_bytes,network,0.0,{"interface":"enp132s0f0"},2025-09-27 10:25:35.833
tx_packets,network,0.0,{"interface":"enp132s0f0"},2025-09-27 10:25:35.833
tx_errors,network,0.0,{"interface":"enp132s0f0"},2025-09-27 10:25:35.833
tx_dropped,network,0.0,{"interface":"enp132s0f0"},2025-09-27 10:25:35.833
tx_fifo,network,0.0,{"interface":"enp132s0f0"},2025-09-27 10:25:35.833
tx_colls,network,0.0,{"interface":"enp132s0f0"},2025-09-27 10:25:35.833
tx_carrier,network,0.0,{"interface":"enp132s0f0"},2025-09-27 10:25:35.833
tx_compressed,network,0.0,{"interface":"enp132s0f0"},2025-09-27 10:25:35.833
rx_bytes,network,0.0,{"interface":"enp132s0f1"},2025-09-27 10:25:35.833
rx_packets,network,0.0,{"interface":"enp132s0f1"},2025-09-27 10:25:35.833
rx_errors,network,0.0,{"interface":"enp132s0f1"},2025-09-27 10:25:35.833
rx_dropped,network,0.0,{"interface":"enp132s0f1"},2025-09-27 10:25:35.833
rx_fifo,network,0.0,{"interface":"enp132s0f1"},2025-09-27 10:25:35.833
rx_frame,network,0.0,{"interface":"enp132s0f1"},2025-09-27 10:25:35.833
rx_compressed,network,0.0,{"interface":"enp132s0f1"},2025-09-27 10:25:35.833
rx_multicast,network,0.0,{"interface":"enp132s0f1"},2025-09-27 10:25:35.833
tx_bytes,network,0.0,{"interface":"enp132s0f1"},2025-09-27 10:25:35.833
tx_packets,network,0.0,{"interface":"enp132s0f1"},2025-09-27 10:25:35.833
tx_errors,network,0.0,{"interface":"enp132s0f1"},2025-09-27 10:25:35.833
tx_dropped,network,0.0,{"interface":"enp132s0f1"},2025-09-27 10:25:35.833
tx_fifo,network,0.0,{"interface":"enp132s0f1"},2025-09-27 10:25:35.833
tx_colls,network,0.0,{"interface":"enp132s0f1"},2025-09-27 10:25:35.833
tx_carrier,network,0.0,{"interface":"enp132s0f1"},2025-09-27 10:25:35.833
tx_compressed,network,0.0,{"interface":"enp132s0f1"},2025-09-27 10:25:35.833
rx_bytes,network,377950.0,{"interface":"docker0"},2025-09-27 10:25:35.833
rx_packets,network,6867.0,{"interface":"docker0"},2025-09-27 10:25:35.833
rx_errors,network,0.0,{"interface":"docker0"},2025-09-27 10:25:35.833
rx_dropped,network,0.0,{"interface":"docker0"},2025-09-27 10:25:35.833
rx_fifo,network,0.0,{"interface":"docker0"},2025-09-27 10:25:35.833
rx_frame,network,0.0,{"interface":"docker0"},2025-09-27 10:25:35.833
rx_compressed,network,0.0,{"interface":"docker0"},2025-09-27 10:25:35.833
rx_multicast,network,0.0,{"interface":"docker0"},2025-09-27 10:25:35.833
tx_bytes,network,45078825.0,{"interface":"docker0"},2025-09-27 10:25:35.833
tx_packets,network,8447.0,{"interface":"docker0"},2025-09-27 10:25:35.833
tx_errors,network,0.0,{"interface":"docker0"},2025-09-27 10:25:35.833
tx_dropped,network,0.0,{"interface":"docker0"},2025-09-27 10:25:35.833
tx_fifo,network,0.0,{"interface":"docker0"},2025-09-27 10:25:35.833
tx_colls,network,0.0,{"interface":"docker0"},2025-09-27 10:25:35.833
tx_carrier,network,0.0,{"interface":"docker0"},2025-09-27 10:25:35.833
tx_compressed,network,0.0,{"interface":"docker0"},2025-09-27 10:25:35.833
rx_bytes,network,76039026182.0,{"interface":"docker_gwbridge"},2025-09-27 10:25:35.833
rx_packets,network,209911753.0,{"interface":"docker_gwbridge"},2025-09-27 10:25:35.833
rx_errors,network,0.0,{"interface":"docker_gwbridge"},2025-09-27 10:25:35.833
rx_dropped,network,0.0,{"interface":"docker_gwbridge"},2025-09-27 10:25:35.833
rx_fifo,network,0.0,{"interface":"docker_gwbridge"},2025-09-27 10:25:35.833
rx_frame,network,0.0,{"interface":"docker_gwbridge"},2025-09-27 10:25:35.833
rx_compressed,network,0.0,{"interface":"docker_gwbridge"},2025-09-27 10:25:35.833
rx_multicast,network,0.0,{"interface":"docker_gwbridge"},2025-09-27 10:25:35.833
tx_bytes,network,19820480218.0,{"interface":"docker_gwbridge"},2025-09-27 10:25:35.833
tx_packets,network,191068204.0,{"interface":"docker_gwbridge"},2025-09-27 10:25:35.833
tx_errors,network,0.0,{"interface":"docker_gwbridge"},2025-09-27 10:25:35.833
tx_dropped,network,0.0,{"interface":"docker_gwbridge"},2025-09-27 10:25:35.833
tx_fifo,network,0.0,{"interface":"docker_gwbridge"},2025-09-27 10:25:35.833
tx_colls,network,0.0,{"interface":"docker_gwbridge"},2025-09-27 10:25:35.833
tx_carrier,network,0.0,{"interface":"docker_gwbridge"},2025-09-27 10:25:35.833
tx_compressed,network,0.0,{"interface":"docker_gwbridge"},2025-09-27 10:25:35.833
rx_bytes,network,78977628106.0,{"interface":"veth2c42317"},2025-09-27 10:25:35.833
rx_packets,network,209908388.0,{"interface":"veth2c42317"},2025-09-27 10:25:35.833
rx_errors,network,0.0,{"interface":"veth2c42317"},2025-09-27 10:25:35.833
rx_dropped,network,420863.0,{"interface":"veth2c42317"},2025-09-27 10:25:35.833
rx_fifo,network,0.0,{"interface":"veth2c42317"},2025-09-27 10:25:35.833
rx_frame,network,0.0,{"interface":"veth2c42317"},2025-09-27 10:25:35.833
rx_compressed,network,0.0,{"interface":"veth2c42317"},2025-09-27 10:25:35.833
rx_multicast,network,0.0,{"interface":"veth2c42317"},2025-09-27 10:25:35.833
tx_bytes,network,19815201781.0,{"interface":"veth2c42317"},2025-09-27 10:25:35.833
tx_packets,network,190988265.0,{"interface":"veth2c42317"},2025-09-27 10:25:35.833
tx_errors,network,0.0,{"interface":"veth2c42317"},2025-09-27 10:25:35.833
tx_dropped,network,82390.0,{"interface":"veth2c42317"},2025-09-27 10:25:35.833
tx_fifo,network,0.0,{"interface":"veth2c42317"},2025-09-27 10:25:35.833
tx_colls,network,0.0,{"interface":"veth2c42317"},2025-09-27 10:25:35.833
tx_carrier,network,0.0,{"interface":"veth2c42317"},2025-09-27 10:25:35.833
tx_compressed,network,0.0,{"interface":"veth2c42317"},2025-09-27 10:25:35.833
major,disk,7.0,{"device":"loop0"},2025-09-27 10:25:35.834
minor,disk,0.0,{"device":"loop0"},2025-09-27 10:25:35.834
read_completed,disk,274.0,{"device":"loop0"},2025-09-27 10:25:35.834
read_merged,disk,0.0,{"device":"loop0"},2025-09-27 10:25:35.834
sectors_read,disk,2801664.0,{"device":"loop0"},2025-09-27 10:25:35.834
read_time,disk,1663.0,{"device":"loop0"},2025-09-27 10:25:35.834
write_completed,disk,0.0,{"device":"loop0"},2025-09-27 10:25:35.834
write_merged,disk,0.0,{"device":"loop0"},2025-09-27 10:25:35.834
sectors_written,disk,0.0,{"device":"loop0"},2025-09-27 10:25:35.834
writing_time,disk,0.0,{"device":"loop0"},2025-09-27 10:25:35.834
ios_in_progress,disk,0.0,{"device":"loop0"},2025-09-27 10:25:35.834
io_time,disk,1625.0,{"device":"loop0"},2025-09-27 10:25:35.834
weighted_io_time,disk,1663.0,{"device":"loop0"},2025-09-27 10:25:35.834
discard_completed,disk,0.0,{"device":"loop0"},2025-09-27 10:25:35.834
discard_merged,disk,0.0,{"device":"loop0"},2025-09-27 10:25:35.834
sectors_discarded,disk,0.0,{"device":"loop0"},2025-09-27 10:25:35.834
discarding_time,disk,0.0,{"device":"loop0"},2025-09-27 10:25:35.834
flush_completed,disk,0.0,{"device":"loop0"},2025-09-27 10:25:35.834
flushing_time,disk,0.0,{"device":"loop0"},2025-09-27 10:25:35.834
major,disk,7.0,{"device":"loop1"},2025-09-27 10:25:35.834
minor,disk,1.0,{"device":"loop1"},2025-09-27 10:25:35.834
read_completed,disk,101.0,{"device":"loop1"},2025-09-27 10:25:35.834
read_merged,disk,0.0,{"device":"loop1"},2025-09-27 10:25:35.834
sectors_read,disk,881664.0,{"device":"loop1"},2025-09-27 10:25:35.834
read_time,disk,1028.0,{"device":"loop1"},2025-09-27 10:25:35.834
write_completed,disk,0.0,{"device":"loop1"},2025-09-27 10:25:35.834
write_merged,disk,0.0,{"device":"loop1"},2025-09-27 10:25:35.834
sectors_written,disk,0.0,{"device":"loop1"},2025-09-27 10:25:35.834
writing_time,disk,0.0,{"device":"loop1"},2025-09-27 10:25:35.834
ios_in_progress,disk,0.0,{"device":"loop1"},2025-09-27 10:25:35.834
io_time,disk,1029.0,{"device":"loop1"},2025-09-27 10:25:35.834
weighted_io_time,disk,1028.0,{"device":"loop1"},2025-09-27 10:25:35.834
discard_completed,disk,0.0,{"device":"loop1"},2025-09-27 10:25:35.834
discard_merged,disk,0.0,{"device":"loop1"},2025-09-27 10:25:35.834
sectors_discarded,disk,0.0,{"device":"loop1"},2025-09-27 10:25:35.834
discarding_time,disk,0.0,{"device":"loop1"},2025-09-27 10:25:35.834
flush_completed,disk,0.0,{"device":"loop1"},2025-09-27 10:25:35.834
flushing_time,disk,0.0,{"device":"loop1"},2025-09-27 10:25:35.834
major,disk,7.0,{"device":"loop2"},2025-09-27 10:25:35.834
minor,disk,2.0,{"device":"loop2"},2025-09-27 10:25:35.834
read_completed,disk,116.0,{"device":"loop2"},2025-09-27 10:25:35.834
read_merged,disk,0.0,{"device":"loop2"},2025-09-27 10:25:35.834
sectors_read,disk,2338816.0,{"device":"loop2"},2025-09-27 10:25:35.834
read_time,disk,1206.0,{"device":"loop2"},2025-09-27 10:25:35.834
write_completed,disk,0.0,{"device":"loop2"},2025-09-27 10:25:35.834
write_merged,disk,0.0,{"device":"loop2"},2025-09-27 10:25:35.834
sectors_written,disk,0.0,{"device":"loop2"},2025-09-27 10:25:35.834
writing_time,disk,0.0,{"device":"loop2"},2025-09-27 10:25:35.834
ios_in_progress,disk,0.0,{"device":"loop2"},2025-09-27 10:25:35.834
io_time,disk,711.0,{"device":"loop2"},2025-09-27 10:25:35.834
weighted_io_time,disk,1206.0,{"device":"loop2"},2025-09-27 10:25:35.834
discard_completed,disk,0.0,{"device":"loop2"},2025-09-27 10:25:35.834
discard_merged,disk,0.0,{"device":"loop2"},2025-09-27 10:25:35.834
sectors_discarded,disk,0.0,{"device":"loop2"},2025-09-27 10:25:35.834
discarding_time,disk,0.0,{"device":"loop2"},2025-09-27 10:25:35.834
flush_completed,disk,0.0,{"device":"loop2"},2025-09-27 10:25:35.834
flushing_time,disk,0.0,{"device":"loop2"},2025-09-27 10:25:35.834
major,disk,7.0,{"device":"loop3"},2025-09-27 10:25:35.834
minor,disk,3.0,{"device":"loop3"},2025-09-27 10:25:35.834
read_completed,disk,135.0,{"device":"loop3"},2025-09-27 10:25:35.834
read_merged,disk,0.0,{"device":"loop3"},2025-09-27 10:25:35.834
sectors_read,disk,2412544.0,{"device":"loop3"},2025-09-27 10:25:35.834
read_time,disk,1587.0,{"device":"loop3"},2025-09-27 10:25:35.834
write_completed,disk,0.0,{"device":"loop3"},2025-09-27 10:25:35.834
write_merged,disk,0.0,{"device":"loop3"},2025-09-27 10:25:35.834
sectors_written,disk,0.0,{"device":"loop3"},2025-09-27 10:25:35.834
writing_time,disk,0.0,{"device":"loop3"},2025-09-27 10:25:35.834
ios_in_progress,disk,0.0,{"device":"loop3"},2025-09-27 10:25:35.834
io_time,disk,1255.0000000000002,{"device":"loop3"},2025-09-27 10:25:35.834
weighted_io_time,disk,1587.0,{"device":"loop3"},2025-09-27 10:25:35.834
discard_completed,disk,0.0,{"device":"loop3"},2025-09-27 10:25:35.834
discard_merged,disk,0.0,{"device":"loop3"},2025-09-27 10:25:35.834
sectors_discarded,disk,0.0,{"device":"loop3"},2025-09-27 10:25:35.834
discarding_time,disk,0.0,{"device":"loop3"},2025-09-27 10:25:35.834
flush_completed,disk,0.0,{"device":"loop3"},2025-09-27 10:25:35.834
flushing_time,disk,0.0,{"device":"loop3"},2025-09-27 10:25:35.834
major,disk,7.0,{"device":"loop4"},2025-09-27 10:25:35.834
minor,disk,4.0,{"device":"loop4"},2025-09-27 10:25:35.834
read_completed,disk,94.0,{"device":"loop4"},2025-09-27 10:25:35.834
read_merged,disk,0.0,{"device":"loop4"},2025-09-27 10:25:35.834
sectors_read,disk,865280.0,{"device":"loop4"},2025-09-27 10:25:35.834
read_time,disk,1327.0,{"device":"loop4"},2025-09-27 10:25:35.834
write_completed,disk,0.0,{"device":"loop4"},2025-09-27 10:25:35.834
write_merged,disk,0.0,{"device":"loop4"},2025-09-27 10:25:35.834
sectors_written,disk,0.0,{"device":"loop4"},2025-09-27 10:25:35.834
writing_time,disk,0.0,{"device":"loop4"},2025-09-27 10:25:35.834
ios_in_progress,disk,0.0,{"device":"loop4"},2025-09-27 10:25:35.834
io_time,disk,1327.0,{"device":"loop4"},2025-09-27 10:25:35.834
weighted_io_time,disk,1327.0,{"device":"loop4"},2025-09-27 10:25:35.834
discard_completed,disk,0.0,{"device":"loop4"},2025-09-27 10:25:35.834
discard_merged,disk,0.0,{"device":"loop4"},2025-09-27 10:25:35.834
sectors_discarded,disk,0.0,{"device":"loop4"},2025-09-27 10:25:35.834
discarding_time,disk,0.0,{"device":"loop4"},2025-09-27 10:25:35.834
flush_completed,disk,0.0,{"device":"loop4"},2025-09-27 10:25:35.834
flushing_time,disk,0.0,{"device":"loop4"},2025-09-27 10:25:35.834
major,disk,7.0,{"device":"loop5"},2025-09-27 10:25:35.834
minor,disk,5.0,{"device":"loop5"},2025-09-27 10:25:35.834
read_completed,disk,7823.0,{"device":"loop5"},2025-09-27 10:25:35.834
read_merged,disk,0.0,{"device":"loop5"},2025-09-27 10:25:35.834
sectors_read,disk,382456832.0,{"device":"loop5"},2025-09-27 10:25:35.834
read_time,disk,19272724.000000004,{"device":"loop5"},2025-09-27 10:25:35.834
write_completed,disk,0.0,{"device":"loop5"},2025-09-27 10:25:35.834
write_merged,disk,0.0,{"device":"loop5"},2025-09-27 10:25:35.834
sectors_written,disk,0.0,{"device":"loop5"},2025-09-27 10:25:35.834
writing_time,disk,0.0,{"device":"loop5"},2025-09-27 10:25:35.834
ios_in_progress,disk,0.0,{"device":"loop5"},2025-09-27 10:25:35.834
io_time,disk,3229411.0,{"device":"loop5"},2025-09-27 10:25:35.834
weighted_io_time,disk,19272724.000000004,{"device":"loop5"},2025-09-27 10:25:35.834
discard_completed,disk,0.0,{"device":"loop5"},2025-09-27 10:25:35.834
discard_merged,disk,0.0,{"device":"loop5"},2025-09-27 10:25:35.834
sectors_discarded,disk,0.0,{"device":"loop5"},2025-09-27 10:25:35.834
discarding_time,disk,0.0,{"device":"loop5"},2025-09-27 10:25:35.834
flush_completed,disk,0.0,{"device":"loop5"},2025-09-27 10:25:35.834
flushing_time,disk,0.0,{"device":"loop5"},2025-09-27 10:25:35.834
major,disk,7.0,{"device":"loop6"},2025-09-27 10:25:35.834
minor,disk,6.0,{"device":"loop6"},2025-09-27 10:25:35.834
read_completed,disk,91.0,{"device":"loop6"},2025-09-27 10:25:35.834
read_merged,disk,0.0,{"device":"loop6"},2025-09-27 10:25:35.834
sectors_read,disk,414720.0,{"device":"loop6"},2025-09-27 10:25:35.834
read_time,disk,1.0,{"device":"loop6"},2025-09-27 10:25:35.834
write_completed,disk,0.0,{"device":"loop6"},2025-09-27 10:25:35.834
write_merged,disk,0.0,{"device":"loop6"},2025-09-27 10:25:35.834
sectors_written,disk,0.0,{"device":"loop6"},2025-09-27 10:25:35.834
writing_time,disk,0.0,{"device":"loop6"},2025-09-27 10:25:35.834
ios_in_progress,disk,0.0,{"device":"loop6"},2025-09-27 10:25:35.834
io_time,disk,1.0,{"device":"loop6"},2025-09-27 10:25:35.834
weighted_io_time,disk,1.0,{"device":"loop6"},2025-09-27 10:25:35.834
discard_completed,disk,0.0,{"device":"loop6"},2025-09-27 10:25:35.834
discard_merged,disk,0.0,{"device":"loop6"},2025-09-27 10:25:35.834
sectors_discarded,disk,0.0,{"device":"loop6"},2025-09-27 10:25:35.834
discarding_time,disk,0.0,{"device":"loop6"},2025-09-27 10:25:35.834
flush_completed,disk,0.0,{"device":"loop6"},2025-09-27 10:25:35.834
flushing_time,disk,0.0,{"device":"loop6"},2025-09-27 10:25:35.834
major,disk,7.0,{"device":"loop7"},2025-09-27 10:25:35.834
minor,disk,7.0,{"device":"loop7"},2025-09-27 10:25:35.834
read_completed,disk,0.0,{"device":"loop7"},2025-09-27 10:25:35.834
read_merged,disk,0.0,{"device":"loop7"},2025-09-27 10:25:35.834
sectors_read,disk,0.0,{"device":"loop7"},2025-09-27 10:25:35.834
read_time,disk,0.0,{"device":"loop7"},2025-09-27 10:25:35.834
write_completed,disk,0.0,{"device":"loop7"},2025-09-27 10:25:35.834
write_merged,disk,0.0,{"device":"loop7"},2025-09-27 10:25:35.834
sectors_written,disk,0.0,{"device":"loop7"},2025-09-27 10:25:35.834
writing_time,disk,0.0,{"device":"loop7"},2025-09-27 10:25:35.834
ios_in_progress,disk,0.0,{"device":"loop7"},2025-09-27 10:25:35.834
io_time,disk,0.0,{"device":"loop7"},2025-09-27 10:25:35.834
weighted_io_time,disk,0.0,{"device":"loop7"},2025-09-27 10:25:35.834
discard_completed,disk,0.0,{"device":"loop7"},2025-09-27 10:25:35.834
discard_merged,disk,0.0,{"device":"loop7"},2025-09-27 10:25:35.834
sectors_discarded,disk,0.0,{"device":"loop7"},2025-09-27 10:25:35.834
discarding_time,disk,0.0,{"device":"loop7"},2025-09-27 10:25:35.834
flush_completed,disk,0.0,{"device":"loop7"},2025-09-27 10:25:35.834
flushing_time,disk,0.0,{"device":"loop7"},2025-09-27 10:25:35.834
major,disk,8.0,{"device":"sdb"},2025-09-27 10:25:35.834
minor,disk,16.0,{"device":"sdb"},2025-09-27 10:25:35.834
read_completed,disk,501.0,{"device":"sdb"},2025-09-27 10:25:35.834
read_merged,disk,0.0,{"device":"sdb"},2025-09-27 10:25:35.834
sectors_read,disk,11001856.0,{"device":"sdb"},2025-09-27 10:25:35.834
read_time,disk,2161.0,{"device":"sdb"},2025-09-27 10:25:35.834
write_completed,disk,0.0,{"device":"sdb"},2025-09-27 10:25:35.834
write_merged,disk,0.0,{"device":"sdb"},2025-09-27 10:25:35.834
sectors_written,disk,0.0,{"device":"sdb"},2025-09-27 10:25:35.834
writing_time,disk,0.0,{"device":"sdb"},2025-09-27 10:25:35.834
ios_in_progress,disk,0.0,{"device":"sdb"},2025-09-27 10:25:35.834
io_time,disk,1668.0,{"device":"sdb"},2025-09-27 10:25:35.834
weighted_io_time,disk,2161.0,{"device":"sdb"},2025-09-27 10:25:35.834
discard_completed,disk,0.0,{"device":"sdb"},2025-09-27 10:25:35.834
discard_merged,disk,0.0,{"device":"sdb"},2025-09-27 10:25:35.834
sectors_discarded,disk,0.0,{"device":"sdb"},2025-09-27 10:25:35.834
discarding_time,disk,0.0,{"device":"sdb"},2025-09-27 10:25:35.834
flush_completed,disk,0.0,{"device":"sdb"},2025-09-27 10:25:35.834
flushing_time,disk,0.0,{"device":"sdb"},2025-09-27 10:25:35.834
major,disk,8.0,{"device":"sdc"},2025-09-27 10:25:35.834
minor,disk,32.0,{"device":"sdc"},2025-09-27 10:25:35.834
read_completed,disk,437.0,{"device":"sdc"},2025-09-27 10:25:35.834
read_merged,disk,0.0,{"device":"sdc"},2025-09-27 10:25:35.834
sectors_read,disk,13473792.0,{"device":"sdc"},2025-09-27 10:25:35.834
read_time,disk,1868.0,{"device":"sdc"},2025-09-27 10:25:35.834
write_completed,disk,0.0,{"device":"sdc"},2025-09-27 10:25:35.834
write_merged,disk,0.0,{"device":"sdc"},2025-09-27 10:25:35.834
sectors_written,disk,0.0,{"device":"sdc"},2025-09-27 10:25:35.834
writing_time,disk,0.0,{"device":"sdc"},2025-09-27 10:25:35.834
ios_in_progress,disk,0.0,{"device":"sdc"},2025-09-27 10:25:35.834
io_time,disk,1643.0,{"device":"sdc"},2025-09-27 10:25:35.834
weighted_io_time,disk,1868.0,{"device":"sdc"},2025-09-27 10:25:35.834
discard_completed,disk,0.0,{"device":"sdc"},2025-09-27 10:25:35.834
discard_merged,disk,0.0,{"device":"sdc"},2025-09-27 10:25:35.834
sectors_discarded,disk,0.0,{"device":"sdc"},2025-09-27 10:25:35.834
discarding_time,disk,0.0,{"device":"sdc"},2025-09-27 10:25:35.834
flush_completed,disk,0.0,{"device":"sdc"},2025-09-27 10:25:35.834
flushing_time,disk,0.0,{"device":"sdc"},2025-09-27 10:25:35.834
major,disk,8.0,{"device":"sdc1"},2025-09-27 10:25:35.834
minor,disk,33.0,{"device":"sdc1"},2025-09-27 10:25:35.834
read_completed,disk,308.0,{"device":"sdc1"},2025-09-27 10:25:35.834
read_merged,disk,0.0,{"device":"sdc1"},2025-09-27 10:25:35.834
sectors_read,disk,10989568.0,{"device":"sdc1"},2025-09-27 10:25:35.834
read_time,disk,1101.0,{"device":"sdc1"},2025-09-27 10:25:35.834
write_completed,disk,0.0,{"device":"sdc1"},2025-09-27 10:25:35.834
write_merged,disk,0.0,{"device":"sdc1"},2025-09-27 10:25:35.834
sectors_written,disk,0.0,{"device":"sdc1"},2025-09-27 10:25:35.834
writing_time,disk,0.0,{"device":"sdc1"},2025-09-27 10:25:35.834
ios_in_progress,disk,0.0,{"device":"sdc1"},2025-09-27 10:25:35.834
io_time,disk,1056.0,{"device":"sdc1"},2025-09-27 10:25:35.834
weighted_io_time,disk,1101.0,{"device":"sdc1"},2025-09-27 10:25:35.834
discard_completed,disk,0.0,{"device":"sdc1"},2025-09-27 10:25:35.834
discard_merged,disk,0.0,{"device":"sdc1"},2025-09-27 10:25:35.834
sectors_discarded,disk,0.0,{"device":"sdc1"},2025-09-27 10:25:35.834
discarding_time,disk,0.0,{"device":"sdc1"},2025-09-27 10:25:35.834
flush_completed,disk,0.0,{"device":"sdc1"},2025-09-27 10:25:35.834
flushing_time,disk,0.0,{"device":"sdc1"},2025-09-27 10:25:35.834
major,disk,8.0,{"device":"sda"},2025-09-27 10:25:35.834
minor,disk,0.0,{"device":"sda"},2025-09-27 10:25:35.834
read_completed,disk,11566912.0,{"device":"sda"},2025-09-27 10:25:35.834
read_merged,disk,725150.0,{"device":"sda"},2025-09-27 10:25:35.834
sectors_read,disk,404220115968.0,{"device":"sda"},2025-09-27 10:25:35.834
read_time,disk,539972181.0,{"device":"sda"},2025-09-27 10:25:35.834
write_completed,disk,27210038.0,{"device":"sda"},2025-09-27 10:25:35.834
write_merged,disk,9145689.0,{"device":"sda"},2025-09-27 10:25:35.834
sectors_written,disk,865303887872.0,{"device":"sda"},2025-09-27 10:25:35.834
writing_time,disk,233933600.0,{"device":"sda"},2025-09-27 10:25:35.834
ios_in_progress,disk,0.0,{"device":"sda"},2025-09-27 10:25:35.834
io_time,disk,7968074.000000001,{"device":"sda"},2025-09-27 10:25:35.834
weighted_io_time,disk,773905782.0,{"device":"sda"},2025-09-27 10:25:35.834
discard_completed,disk,0.0,{"device":"sda"},2025-09-27 10:25:35.834
discard_merged,disk,0.0,{"device":"sda"},2025-09-27 10:25:35.834
sectors_discarded,disk,0.0,{"device":"sda"},2025-09-27 10:25:35.834
discarding_time,disk,0.0,{"device":"sda"},2025-09-27 10:25:35.834
flush_completed,disk,0.0,{"device":"sda"},2025-09-27 10:25:35.834
flushing_time,disk,0.0,{"device":"sda"},2025-09-27 10:25:35.834
major,disk,8.0,{"device":"sda1"},2025-09-27 10:25:35.834
minor,disk,1.0,{"device":"sda1"},2025-09-27 10:25:35.834
read_completed,disk,444.0,{"device":"sda1"},2025-09-27 10:25:35.834
read_merged,disk,0.0,{"device":"sda1"},2025-09-27 10:25:35.834
sectors_read,disk,12732416.0,{"device":"sda1"},2025-09-27 10:25:35.834
read_time,disk,626.0,{"device":"sda1"},2025-09-27 10:25:35.834
write_completed,disk,0.0,{"device":"sda1"},2025-09-27 10:25:35.834
write_merged,disk,0.0,{"device":"sda1"},2025-09-27 10:25:35.834
sectors_written,disk,0.0,{"device":"sda1"},2025-09-27 10:25:35.834
writing_time,disk,0.0,{"device":"sda1"},2025-09-27 10:25:35.834
ios_in_progress,disk,0.0,{"device":"sda1"},2025-09-27 10:25:35.834
io_time,disk,625.0,{"device":"sda1"},2025-09-27 10:25:35.834
weighted_io_time,disk,626.0,{"device":"sda1"},2025-09-27 10:25:35.834
discard_completed,disk,0.0,{"device":"sda1"},2025-09-27 10:25:35.834
discard_merged,disk,0.0,{"device":"sda1"},2025-09-27 10:25:35.834
sectors_discarded,disk,0.0,{"device":"sda1"},2025-09-27 10:25:35.834
discarding_time,disk,0.0,{"device":"sda1"},2025-09-27 10:25:35.834
flush_completed,disk,0.0,{"device":"sda1"},2025-09-27 10:25:35.834
flushing_time,disk,0.0,{"device":"sda1"},2025-09-27 10:25:35.834
major,disk,8.0,{"device":"sda2"},2025-09-27 10:25:35.834
minor,disk,2.0,{"device":"sda2"},2025-09-27 10:25:35.834
read_completed,disk,1075.0,{"device":"sda2"},2025-09-27 10:25:35.834
read_merged,disk,246.0,{"device":"sda2"},2025-09-27 10:25:35.834
sectors_read,disk,59923456.0,{"device":"sda2"},2025-09-27 10:25:35.834
read_time,disk,2492.0,{"device":"sda2"},2025-09-27 10:25:35.834
write_completed,disk,1172.0,{"device":"sda2"},2025-09-27 10:25:35.834
write_merged,disk,267.0,{"device":"sda2"},2025-09-27 10:25:35.834
sectors_written,disk,196554752.0,{"device":"sda2"},2025-09-27 10:25:35.834
writing_time,disk,1326.0,{"device":"sda2"},2025-09-27 10:25:35.834
ios_in_progress,disk,0.0,{"device":"sda2"},2025-09-27 10:25:35.834
io_time,disk,2556.0,{"device":"sda2"},2025-09-27 10:25:35.834
weighted_io_time,disk,3819.0,{"device":"sda2"},2025-09-27 10:25:35.834
discard_completed,disk,0.0,{"device":"sda2"},2025-09-27 10:25:35.834
discard_merged,disk,0.0,{"device":"sda2"},2025-09-27 10:25:35.834
sectors_discarded,disk,0.0,{"device":"sda2"},2025-09-27 10:25:35.834
discarding_time,disk,0.0,{"device":"sda2"},2025-09-27 10:25:35.834
flush_completed,disk,0.0,{"device":"sda2"},2025-09-27 10:25:35.834
flushing_time,disk,0.0,{"device":"sda2"},2025-09-27 10:25:35.834
major,disk,8.0,{"device":"sda3"},2025-09-27 10:25:35.834
minor,disk,3.0,{"device":"sda3"},2025-09-27 10:25:35.834
read_completed,disk,11563868.0,{"device":"sda3"},2025-09-27 10:25:35.834
read_merged,disk,724904.0,{"device":"sda3"},2025-09-27 10:25:35.834
sectors_read,disk,404097174528.0,{"device":"sda3"},2025-09-27 10:25:35.834
read_time,disk,539967055.0,{"device":"sda3"},2025-09-27 10:25:35.834
write_completed,disk,27208866.0,{"device":"sda3"},2025-09-27 10:25:35.834
write_merged,disk,9145422.0,{"device":"sda3"},2025-09-27 10:25:35.834
sectors_written,disk,865107333120.0,{"device":"sda3"},2025-09-27 10:25:35.834
writing_time,disk,233932273.00000003,{"device":"sda3"},2025-09-27 10:25:35.834
ios_in_progress,disk,0.0,{"device":"sda3"},2025-09-27 10:25:35.834
io_time,disk,10838768.0,{"device":"sda3"},2025-09-27 10:25:35.834
weighted_io_time,disk,773899329.0,{"device":"sda3"},2025-09-27 10:25:35.834
discard_completed,disk,0.0,{"device":"sda3"},2025-09-27 10:25:35.834
discard_merged,disk,0.0,{"device":"sda3"},2025-09-27 10:25:35.834
sectors_discarded,disk,0.0,{"device":"sda3"},2025-09-27 10:25:35.834
discarding_time,disk,0.0,{"device":"sda3"},2025-09-27 10:25:35.834
flush_completed,disk,0.0,{"device":"sda3"},2025-09-27 10:25:35.834
flushing_time,disk,0.0,{"device":"sda3"},2025-09-27 10:25:35.834
major,disk,11.0,{"device":"sr0"},2025-09-27 10:25:35.834
minor,disk,0.0,{"device":"sr0"},2025-09-27 10:25:35.834
read_completed,disk,0.0,{"device":"sr0"},2025-09-27 10:25:35.834
read_merged,disk,0.0,{"device":"sr0"},2025-09-27 10:25:35.834
sectors_read,disk,0.0,{"device":"sr0"},2025-09-27 10:25:35.834
read_time,disk,0.0,{"device":"sr0"},2025-09-27 10:25:35.834
write_completed,disk,0.0,{"device":"sr0"},2025-09-27 10:25:35.834
write_merged,disk,0.0,{"device":"sr0"},2025-09-27 10:25:35.834
sectors_written,disk,0.0,{"device":"sr0"},2025-09-27 10:25:35.834
writing_time,disk,0.0,{"device":"sr0"},2025-09-27 10:25:35.834
ios_in_progress,disk,0.0,{"device":"sr0"},2025-09-27 10:25:35.834
io_time,disk,0.0,{"device":"sr0"},2025-09-27 10:25:35.834
weighted_io_time,disk,0.0,{"device":"sr0"},2025-09-27 10:25:35.834
discard_completed,disk,0.0,{"device":"sr0"},2025-09-27 10:25:35.834
discard_merged,disk,0.0,{"device":"sr0"},2025-09-27 10:25:35.834
sectors_discarded,disk,0.0,{"device":"sr0"},2025-09-27 10:25:35.834
discarding_time,disk,0.0,{"device":"sr0"},2025-09-27 10:25:35.834
flush_completed,disk,0.0,{"device":"sr0"},2025-09-27 10:25:35.834
flushing_time,disk,0.0,{"device":"sr0"},2025-09-27 10:25:35.834
major,disk,8.0,{"device":"sdd"},2025-09-27 10:25:35.834
minor,disk,48.0,{"device":"sdd"},2025-09-27 10:25:35.834
read_completed,disk,0.0,{"device":"sdd"},2025-09-27 10:25:35.834
read_merged,disk,0.0,{"device":"sdd"},2025-09-27 10:25:35.834
sectors_read,disk,0.0,{"device":"sdd"},2025-09-27 10:25:35.834
read_time,disk,0.0,{"device":"sdd"},2025-09-27 10:25:35.834
write_completed,disk,0.0,{"device":"sdd"},2025-09-27 10:25:35.834
write_merged,disk,0.0,{"device":"sdd"},2025-09-27 10:25:35.834
sectors_written,disk,0.0,{"device":"sdd"},2025-09-27 10:25:35.834
writing_time,disk,0.0,{"device":"sdd"},2025-09-27 10:25:35.834
ios_in_progress,disk,0.0,{"device":"sdd"},2025-09-27 10:25:35.834
io_time,disk,0.0,{"device":"sdd"},2025-09-27 10:25:35.834
weighted_io_time,disk,0.0,{"device":"sdd"},2025-09-27 10:25:35.834
discard_completed,disk,0.0,{"device":"sdd"},2025-09-27 10:25:35.834
discard_merged,disk,0.0,{"device":"sdd"},2025-09-27 10:25:35.834
sectors_discarded,disk,0.0,{"device":"sdd"},2025-09-27 10:25:35.834
discarding_time,disk,0.0,{"device":"sdd"},2025-09-27 10:25:35.834
flush_completed,disk,0.0,{"device":"sdd"},2025-09-27 10:25:35.834
flushing_time,disk,0.0,{"device":"sdd"},2025-09-27 10:25:35.834
major,disk,11.0,{"device":"sr1"},2025-09-27 10:25:35.834
minor,disk,1.0,{"device":"sr1"},2025-09-27 10:25:35.834
read_completed,disk,0.0,{"device":"sr1"},2025-09-27 10:25:35.834
read_merged,disk,0.0,{"device":"sr1"},2025-09-27 10:25:35.834
sectors_read,disk,0.0,{"device":"sr1"},2025-09-27 10:25:35.834
read_time,disk,0.0,{"device":"sr1"},2025-09-27 10:25:35.834
write_completed,disk,0.0,{"device":"sr1"},2025-09-27 10:25:35.834
write_merged,disk,0.0,{"device":"sr1"},2025-09-27 10:25:35.834
sectors_written,disk,0.0,{"device":"sr1"},2025-09-27 10:25:35.834
writing_time,disk,0.0,{"device":"sr1"},2025-09-27 10:25:35.834
ios_in_progress,disk,0.0,{"device":"sr1"},2025-09-27 10:25:35.834
io_time,disk,0.0,{"device":"sr1"},2025-09-27 10:25:35.834
weighted_io_time,disk,0.0,{"device":"sr1"},2025-09-27 10:25:35.834
discard_completed,disk,0.0,{"device":"sr1"},2025-09-27 10:25:35.834
discard_merged,disk,0.0,{"device":"sr1"},2025-09-27 10:25:35.834
sectors_discarded,disk,0.0,{"device":"sr1"},2025-09-27 10:25:35.834
discarding_time,disk,0.0,{"device":"sr1"},2025-09-27 10:25:35.834
flush_completed,disk,0.0,{"device":"sr1"},2025-09-27 10:25:35.834
flushing_time,disk,0.0,{"device":"sr1"},2025-09-27 10:25:35.834
major,disk,252.0,{"device":"dm-0"},2025-09-27 10:25:35.834
minor,disk,0.0,{"device":"dm-0"},2025-09-27 10:25:35.834
read_completed,disk,12287631.0,{"device":"dm-0"},2025-09-27 10:25:35.834
read_merged,disk,0.0,{"device":"dm-0"},2025-09-27 10:25:35.834
sectors_read,disk,403921998848.0,{"device":"dm-0"},2025-09-27 10:25:35.834
read_time,disk,570926062.0,{"device":"dm-0"},2025-09-27 10:25:35.834
write_completed,disk,34194422.0,{"device":"dm-0"},2025-09-27 10:25:35.834
write_merged,disk,0.0,{"device":"dm-0"},2025-09-27 10:25:35.834
sectors_written,disk,865107333120.0,{"device":"dm-0"},2025-09-27 10:25:35.834
writing_time,disk,167833864.0,{"device":"dm-0"},2025-09-27 10:25:35.834
ios_in_progress,disk,0.0,{"device":"dm-0"},2025-09-27 10:25:35.834
io_time,disk,25079410.0,{"device":"dm-0"},2025-09-27 10:25:35.834
weighted_io_time,disk,738759926.0,{"device":"dm-0"},2025-09-27 10:25:35.834
discard_completed,disk,0.0,{"device":"dm-0"},2025-09-27 10:25:35.834
discard_merged,disk,0.0,{"device":"dm-0"},2025-09-27 10:25:35.834
sectors_discarded,disk,0.0,{"device":"dm-0"},2025-09-27 10:25:35.834
discarding_time,disk,0.0,{"device":"dm-0"},2025-09-27 10:25:35.834
flush_completed,disk,0.0,{"device":"dm-0"},2025-09-27 10:25:35.834
flushing_time,disk,0.0,{"device":"dm-0"},2025-09-27 10:25:35.834
